ECG Amplitude,PPG Amplitude
1.0285296049637536,-0.4464941160262196
1.0385847905015542,-0.5575306229879069
1.04530010067003,-0.4909779530704143
1.0460942705810363,-0.5369194962117899
1.039896095633651,-0.48164786521861475
1.0272461822140497,-0.5757955275779061
1.0097897442608033,-0.5656413411034864
0.9893844603914537,-0.5714161276438162
0.9673425385526949,-0.650025458611954
0.9443065118054572,-0.5327915123927198
0.9208416744909836,-0.5714419677974552
0.8983015171362831,-0.5832496189586742
0.8792989732372741,-0.4331103134578026
0.8673395755695554,-0.5963311757256851
0.8656644307515529,-0.5697148393364857
0.8758355082315195,-0.6081175849561472
0.8968080256373185,-0.5900579438578699
0.9250066853102124,-0.5054373223218621
0.9553801991773194,-0.5684295500411515
0.9829208796927311,-0.5138674214812777
1.0039728807498718,-0.6384254758138709
1.0168323708487945,-0.6444770533099525
1.0215421104539733,-0.4769446279161295
1.0191933414032597,-0.6528851700319983
1.0112197979457507,-0.5719387322472063
0.9990122117892656,-0.5982366185408037
0.9838829730211208,-0.49717882162660015
0.9672056804911816,-0.5722328466617645
0.950493938933955,-0.615412457651571
0.9352446458892276,-0.6163639428222087
0.9225677453750266,-0.5993406763854073
0.9128504426450677,-0.5159539982366073
0.9057420111854718,-0.5335347085106038
0.9005601134863167,-0.4422354558537476
0.8969828758753967,-0.519021337997464
0.8957191343512676,-0.4937788213419354
0.8987710579644648,-0.5544695468804901
0.9090086207422778,-0.486504085445475
0.9291109226843166,-0.5132419608997695
0.9602979604711511,-0.5106344471708187
1.0013969681633568,-0.46111394569861497
1.048620378531144,-0.3669897322594755
1.0961476788118498,-0.5413581055344712
1.1373265346758141,-0.5106350603509614
1.166104391267715,-0.5451256306784745
1.1782625367414254,-0.5225006891654541
1.172160897997406,-0.38798080888604614
1.1488858451782367,-0.476691071793543
1.1118412847637258,-0.5083147686650852
1.0659619288704811,-0.5669212718678812
1.016829801226647,-0.6057844406074241
0.9699322105277607,-0.6096723484837309
0.9301024758483724,-0.4692539811202594
0.9010085395025301,-0.44717151308663217
0.8846038080146701,-0.5098788178522669
0.8807096342296945,-0.44423755997176484
0.8870606477458753,-0.45556927381570544
0.8999597384848955,-0.4492028230512757
0.9153089006396546,-0.41355825463712315
0.9295878994403984,-0.5108248379523056
0.940468072326328,-0.4452373860106938
0.9469695254335911,-0.5192089246633995
0.9492197827390558,-0.5979292084960853
0.9479484164517231,-0.6567706478249347
0.9438968304935663,-0.4842108400974947
0.937354087932711,-0.522432492155728
0.9280379333233315,-0.4154281411508612
0.9154485524767108,-0.48856635324331343
0.8995703803856979,-0.452703194692324
0.8815135981084894,-0.5771208554427056
0.8636368271819705,-0.5181741227101443
0.8489661287263088,-0.3143887339444389
0.8401268848438008,-0.5591571041673206
0.8382952075801853,-0.43804456417943344
0.8427309976218762,-0.44998473377478204
0.8512114738012712,-0.3670012071109338
0.8611997654656641,-0.48433876436801343
0.8711387797049234,-0.504344271763879
0.8811603122021735,-0.408653288728182
0.8928045770336543,-0.3496665376707642
0.9078912931785694,-0.46399997421023875
0.9271848851696584,-0.4583943172065166
0.9496208221778145,-0.438410933463371
0.9724849904437068,-0.47866339598537433
0.9923577259573144,-0.43765066136466046
1.0062955490523335,-0.5837543497790412
1.0127838398188622,-0.41249753211782114
1.0122389014658197,-0.4096919426020148
1.0069800402629971,-0.4828817843475892
1.0006047314192412,-0.4570558407322605
0.9968148364410528,-0.4859452176389522
0.9980623856196987,-0.48879068682155874
1.0046339383364675,-0.5679944048373873
1.0146325150496258,-0.3057509321763815
1.024813718456889,-0.42539026190802826
1.0318103503807101,-0.5203431606367457
1.0332146789117074,-0.48522322759764364
1.0281759390001732,-0.51995448137654
1.0173963506514636,-0.3915067574227438
1.002618980749261,-0.44686694492287704
0.9859153831309987,-0.47243502115190844
0.9691848048206522,-0.5668235671847489
0.9541005310198496,-0.4906915214765789
0.9423506250733823,-0.40202039864190175
0.935745323911571,-0.4733977365403556
0.935847885540267,-0.4482268298458174
0.9431694121280152,-0.47722804708673733
0.956378667085108,-0.3569850342634703
0.9721261390045314,-0.5085691340635626
0.9858353893293812,-0.5802086963467101
0.9932918731480249,-0.4716596836908856
0.9923524927019389,-0.49600007722558465
0.9839178298113499,-0.38020031396378573
0.9716127545923179,-0.4133698291201065
0.9602740405373279,-0.457503563309878
0.9539618574630383,-0.5192542143035151
0.9544229142292381,-0.42227156456158793
0.9606397628201211,-0.3836444039421595
0.9695440193993338,-0.48254417376479514
0.9774892234480952,-0.31385606687114675
0.9818254182248906,-0.506446015459787
0.9818980841784086,-0.44922231769368093
0.9790404279369871,-0.4492602748203936
0.9756273132045756,-0.48616018871550637
0.9737733463382299,-0.47891171581740954
0.9744218718887786,-0.39836845145837724
0.9772464243934385,-0.4803104176432122
0.981222582654805,-0.5188848107658159
0.9853365465292462,-0.4815268785623318
0.9889227997756757,-0.45479097153870285
0.9915117893001653,-0.3572352602318517
0.9925044084040234,-0.5317181828522246
0.9911192056075581,-0.28607028489892505
0.9868043404789723,-0.4509758661746421
0.9799274192552889,-0.44071393306084367
0.9723458772230807,-0.3796586707917406
0.9674976757081043,-0.3788572508301496
0.9698480537027747,-0.45202535091435997
0.9837638202212837,-0.3699715505285388
1.012077774929664,-0.43038271345637735
1.0547375002525015,-0.4013550900685776
1.108023631907429,-0.5286462992720983
1.16480413188071,-0.45901177327457504
1.2160184564486303,-0.3762990188992706
1.253056501829212,-0.49535367950693576
1.2701819441243258,-0.4868750022107529
1.2660112010391409,-0.36788453973176666
1.2434445599681254,-0.3049063287073791
1.2081684685575949,-0.3270248478337226
1.166516383522801,-0.325656478660318
1.1237033789050255,-0.5517607208145003
1.0830941035228812,-0.3166048227174393
1.04648847657461,-0.351456081702693
1.014886750855168,-0.36009699154748104
0.9890900121861065,-0.3210224349183531
0.9697519207611738,-0.3972559752924684
0.9569338345409764,-0.4638128410249031
0.9495943447927274,-0.3148862139309072
0.9455403957293814,-0.4106556937906192
0.9421129636384894,-0.4153232531625878
0.9374237368479397,-0.332624611050427
0.9315598343032195,-0.36738802197700265
0.9270598904941219,-0.4283179709200534
0.9282178378309949,-0.46857655986377367
0.9392958369562425,-0.384760961431083
0.9623096315072145,-0.30471854724046393
0.9953929347632821,-0.20316134745618158
1.032587629552681,-0.37438187394168027
1.0652609486114284,-0.4153785705956308
1.0846031023076275,-0.43740202252561877
1.08424789734992,-0.44787754072311736
1.0621277064127719,-0.31735121496383073
1.02106363290522,-0.34944041374764245
0.9680539389495516,-0.3851336664615977
0.9125966657062183,-0.31958645453398377
0.8646106635004218,-0.28703741081894674
0.8325447268549033,-0.5221754032697052
0.8220430553534711,-0.38118663053966023
0.8352150772507616,-0.3353741684055963
0.8704055664769442,-0.4085021567851466
0.9224380230684996,-0.26622326299426874
0.9834072281091116,-0.3990108908660439
1.044023763442179,-0.31800998378624495
1.0952804849923383,-0.4003576978617287
1.1300414167390973,-0.3094872931868004
1.1442236229637046,-0.36819101614971916
1.137432457687769,-0.30744485448646197
1.1129775376562336,-0.34907245042723184
1.0771613104932816,-0.40127739811168944
1.0378400668719734,-0.4489193455728712
1.0025812997250712,-0.27673426577667015
0.9770242201454212,-0.3563861863529348
0.9639945293548056,-0.354206917340275
0.9635520243856458,-0.21996696017556822
0.9737543961010078,-0.28381095048077076
0.9917081531955627,-0.36920148827453625
1.0144476969200162,-0.40673651839752395
1.0393156005188255,-0.40995192903235694
1.0638118836368151,-0.32361254747407303
1.0852212610304068,-0.35874154145079346
1.1004981086219343,-0.35081229665039143
1.1067546164204143,-0.23908146311901113
1.1023062587656045,-0.2415201873989617
1.087788146890568,-0.5520185555349422
1.0666539255048382,-0.3118905608464546
1.04459031577276,-0.4289774405935659
1.0279287248891502,-0.3019381400604891
1.0216881926706787,-0.3946646125507705
1.028109391738705,-0.368294680583442
1.0462769914209384,-0.35668777246767164
1.072820881722232,-0.23572979725357499
1.1031588511401327,-0.3175977025459203
1.132658896883711,-0.4221353300212244
1.1574138394084943,-0.27336883053591216
1.1746723034106978,-0.22982119197886447
1.183076531928542,-0.3796015128277837
1.1827437102633118,-0.4706159614591283
1.1751187482908527,-0.3354913912672233
1.162581991927322,-0.39357860181088994
1.1479436410147705,-0.25003796879337037
1.1340070843018912,-0.29692119300141673
1.1232796495994184,-0.2857881887146674
1.117777193071511,-0.38856785490670886
1.1188268073350034,-0.4104098694698385
1.1268342119094577,-0.32883858011114847
1.1411069982454234,-0.33076456622224504
1.15990293867567,-0.4086270560157606
1.1807769848252256,-0.4595337412798474
1.2010808777493565,-0.3439079025209061
1.2183602542104413,-0.4641857700647234
1.2305272247314243,-0.3124929065051983
1.2359070818328617,-0.21705326158673918
1.2333252526212486,-0.2219040637216365
1.2222921405218663,-0.25271342866370433
1.2032251411838633,-0.3395554267584706
1.1776070830114185,-0.339594474796653
1.1479793548634554,-0.36208729166427855
1.1176896594941814,-0.3085738550015777
1.0903822003695436,-0.2582958537680466
1.0693165220360608,-0.3085389963512101
1.0566872425769422,-0.2585061564456928
1.0531606363798531,-0.25989469038410473
1.0578167085915258,-0.2779082960073008
1.0685596796487193,-0.4221028071557703
1.0828550357526188,-0.3991270413081006
1.098462662684369,-0.4248744651316597
1.1137917108990212,-0.37963834030446597
1.1276761543995437,-0.2812768158020163
1.1387192884810442,-0.29913350875101913
1.144723072574787,-0.32332134296897647
1.142846590199064,-0.4094764568972977
1.1307902279416944,-0.4446000535121909
1.1085609470351416,-0.26773256428126274
1.079769252963464,-0.3581938493078256
1.0514872977747027,-0.32527862128098317
1.0324503691703906,-0.22834637665522994
1.0302803242521805,-0.23904658364365466
1.0489168587843123,-0.3318791140839771
1.0873367399073373,-0.29873810736148626
1.1400102694401135,-0.24682675355010203
1.198743221490822,-0.34921735372484186
1.2550209051470727,-0.27542427882446835
1.3019285565275147,-0.2886928820125525
1.3350877675579806,-0.25170880826646247
1.352592059130886,-0.25930575112985926
1.3543748279795433,-0.2312041182898679
1.3415764593582773,-0.18587505417436542
1.3162658017842963,-0.21384677917052672
1.2814942602423294,-0.24219642346178416
1.2413575411626625,-0.4704493461717412
1.2006873112465226,-0.18116812200145352
1.164224106738898,-0.3403472208631889
1.1354767377013881,-0.29188634136232156
1.1157250271600017,-0.2982669615285745
1.1036449473362129,-0.3172637933931547
1.0958235359854966,-0.23783875231391588
1.0880555236525196,-0.28493349151638353
1.0769266740934533,-0.2396886799846766
1.0610038339373664,-0.34363296271884686
1.041110769454101,-0.27343430936571433
1.0196186947340642,-0.16301519373721343
0.9991889408933197,-0.23406366724766367
0.9816827289919312,-0.27570375210793874
0.9678125828754992,-0.3080352753117026
0.9576197987242683,-0.2977740125617783
0.9513434883148022,-0.28850935314020665
0.9500348396453427,-0.29048229188114266
0.9554543840430436,-0.19641175754830242
0.9692108656505828,-0.32234503336939235
0.9915406590024595,-0.3391100833231965
1.0203935804403323,-0.2755268275843746
1.051409065202095,-0.1832129670125462
1.0789198524744275,-0.20907896939107748
1.0975760499266791,-0.21199613155298958
1.1038906052536444,-0.3212922518727311
1.0970967489816177,-0.16821717820989895
1.0790629712378006,-0.26263109521502875
1.0534385793241272,-0.30396828978975315
1.0245319344055785,-0.20182579428115233
0.9964986681592966,-0.1877260583339061
0.9731355560382335,-0.37677505120489835
0.9580686515976106,-0.27751539947457704
0.9547938882846257,-0.2200768030123546
0.9661604280530465,-0.2720159271388217
0.9933269892864212,-0.2005117344537068
1.0346146126168585,-0.19489480815154064
1.0848431288835243,-0.2890122246124739
1.135661763230589,-0.29360575786795307
1.1770781693204067,-0.18763361774199733
1.1999063264426164,-0.2898543649241445
1.1983724273430991,-0.2500596647927714
1.1719061291821362,-0.23863824228597125
1.1253853057330594,-0.37871105642142067
1.0677310937632651,-0.1300951695697528
1.0094361730238983,-0.17335667600736004
0.9599726146848171,-0.3438951401513441
0.9259269573193379,-0.3734594107729477
0.9102918279390757,-0.39957616035626997
0.9128476404319428,-0.3350675612284338
0.9312074428891959,-0.20349524137086425
0.9619893148229341,-0.19517531109466105
1.0016865962232722,-0.21869219337062218
1.047002817044999,-0.20874664754047506
1.0946483336132777,-0.24338017092263414
1.1408680556366948,-0.23101554053255532
1.1811770417616116,-0.28830381370097674
1.21070306575037,-0.33146196222006685
1.2251600932516133,-0.23171761081891898
1.2220995339231875,-0.2422565489140311
1.2019508978185045,-0.19267882191973232
1.1684397346512096,-0.25368493317490315
1.1281549379500642,-0.1642204792806309
1.0893163176472442,-0.3592822076118439
1.06012772578218,-0.2310802250266579
1.0473115304734415,-0.3136715949868043
1.0553082582010456,-0.34533654248693324
1.0862109123470314,-0.2750212753881437
1.1400796914348623,-0.3177264499061007
1.2151740986377586,-0.24620380889212867
1.3079083426644822,-0.2833936720310357
1.4127427253486786,-0.23730174364758042
1.5224471459662237,-0.21306632446358054
1.62904645890494,-0.2671243906870552
1.7253422615578091,-0.25178899103237307
1.806444462400884,-0.09357804187849153
1.870563472811018,-0.26800955773099033
1.9186094347752969,-0.1696066935828686
1.9527869972667533,-0.19827151219609274
1.974950473307303,-0.17341560283734903
1.985589722220032,-0.24786288332990053
1.9838740212244041,-0.2339946203620045
1.968544953068875,-0.3058217163414243
1.9390773170609217,-0.25204545528646977
1.896530193123588,-0.2644495858139791
1.8436995209553912,-0.18361447801070208
1.7844496918909494,-0.21128781479210496
1.7224676655357296,-0.24262002328804136
1.6600309590740778,-0.19421101529863383
1.5974258560670107,-0.18253347802332545
1.5332927318509542,-0.21939477050237535
1.4656802783940015,-0.17024454092264485
1.3933056584450667,-0.29308834847935117
1.316523996733637,-0.2427174922472227
1.2376803353115924,-0.2546749970940999
1.1607504327381788,-0.18855586932066165
1.0904332702867923,-0.2673254102403023
1.031058528859244,-0.15322324568711546
0.9857165741765902,-0.23258769767556525
0.9558809689588474,-0.22882715832121014
0.9415373623083823,-0.31414207987786547
0.94158062733838,-0.24150978496556913
0.954156955740624,-0.15147115027887836
0.9767859017716422,-0.32543018102186366
1.0063456578937995,-0.21309654375930856
1.0391035071221761,-0.22769550477409198
1.070888703943936,-0.1823916621337263
1.0974039183566173,-0.261002758309273
1.1146594985442877,-0.2702465731354042
1.119520705261372,-0.24107122139334852
1.1102926207277761,-0.3339392269865216
1.087183178209018,-0.15134854875599651
1.052475346440564,-0.18434166376406286
1.0102826171706947,-0.350415405145658
0.9658092961363228,-0.18756641481907357
0.9241576397058628,-0.2128027551962463
0.8889937131458941,-0.2681048562363053
0.8616699063042221,-0.3761397466329791
0.8413783625375529,-0.32663823972202183
0.8264042912543222,-0.24651041005363095
0.8158813117201972,-0.2194369401556422
0.811194084599052,-0.1344443321486707
0.8164844571853493,-0.11397748891591929
0.8381836261355056,-0.277888482253712
0.8836861904942065,-0.213895015710806
0.9592284358226477,-0.149624659222078
1.0671007721753596,-0.26749849613985427
1.2027502294979955,-0.2019847400973412
1.3528987411130509,-0.28289338697014244
1.4960206789498758,-0.3527295292962626
1.6060095282564486,-0.27869879283616494
1.6585604526429034,-0.19592608105002032
1.6381726052887635,-0.2918344106223485
1.5428810040818135,-0.22600974197338702
1.3848167583868507,-0.3344321025393413
1.1868436523019115,-0.26642218258295264
0.9770889302455319,-0.26440484443877416
0.7833218432836258,-0.27005399066997077
0.6284179158622927,-0.2512579600989876
0.5274007409474208,-0.19680002051488252
0.486080568997287,-0.195734027918156
0.5011235461569804,-0.17705379045165434
0.5614224190399757,-0.17139340408102616
0.650657619376497,-0.16408926571731844
0.7506699950505519,-0.22298310128770585
0.8448557459050178,-0.13357991287743562
0.9207031651230793,-0.24224667253621404
0.970994865942789,-0.38013427441178793
0.993801152152796,-0.28072900749068946
0.991760276655555,-0.201942968866296
0.9710637075777013,-0.30695019513890265
0.9402207988017657,-0.11458759216248683
0.9084857298571829,-0.16459745157294542
0.8839931647839413,-0.16202125545855015
0.8719837277934124,-0.21338789299011499
0.8737007396687101,-0.26756196003926813
0.8864365237125097,-0.14104696480481893
0.9048113137845655,-0.23305079933260983
0.9228496872631126,-0.165934266544902
0.9360501232203082,-0.28897986184823155
0.9426427579239132,-0.1250215489255762
0.9436142755587835,-0.18042257644414852
0.9416482618061871,-0.32399546716959443
0.9395938943384315,-0.30325639315665964
0.939223725748715,-0.13617391315467137
0.9408305906281313,-0.2956672992084957
0.9437355903164595,-0.3702234112864785
0.9472415309155401,-0.13676260548620053
0.9512987067571286,-0.3114781845997021
0.9563956770155774,-0.1215982964951678
0.9627975139859805,-0.2036185910055987
0.9697484722446332,-0.21588745236557294
0.9752742668554099,-0.201899949265949
0.9768211232943301,-0.2186244185202396
0.972482274478013,-0.20744177488986365
0.9622521517030708,-0.20263288990112333
0.9487025646478487,-0.23846576769994385
0.9366965385249402,-0.12038289529304462
0.932167275284562,-0.19885109884820792
0.9403866573465871,-0.10371420191705424
0.9643457219539034,-0.3486441151089883
1.003848608759338,-0.20220915950340054
1.055681577148555,-0.2595761181421579
1.1147450123459126,-0.09595838459126503
1.175561622420331,-0.18415907737894027
1.2334854522376673,-0.09942846361441189
1.2852731953485943,-0.1325716564482
1.3290911985074425,-0.30033274566908097
1.3642469372532897,-0.24055569556711773
1.3909383645198177,-0.16336176732236649
1.4101671489857672,-0.24268264674595183
1.4237389635676465,-0.21107406447051796
1.434125399285664,-0.19012551054822546
1.4440118836829936,-0.21053913316495815
1.4555623326935434,-0.15971918375154046
1.4696422777714897,-0.21711962354465875
1.4853630947218486,-0.19271755437703683
1.5003110168907667,-0.26504704012677677
1.511627630417602,-0.23051728973148128
1.517665755571413,-0.24467249778189457
1.5194683722992832,-0.2083158008159065
1.5212129771009328,-0.13918861145231534
1.5292044495153356,-0.20357011738949085
1.5497160222956075,-0.369070935645674
1.586535428123689,-0.24167933796804003
1.6392265859547988,-0.22638195395308064
1.7028566504393887,-0.16971385996591798
1.7693721643316052,-0.18817154212937298
1.830123249420996,-0.1663965904316387
1.8785271560371073,-0.20646735854643325
1.9118354754881355,-0.08602610037090845
1.931444220716382,-0.2454294720427043
1.941830972952403,-0.13097043398981512
1.9486945829519753,-0.1901524582783117
1.9571163959358597,-0.004728086028533536
1.970486701688138,-0.14182753487567576
1.9904702561792373,0.06562925162476188
2.017644297634459,-0.0869913947870532
2.0520988048723607,-0.02614473795450545
2.093474995417666,-0.11976918754253324
2.140448956622565,-0.0632454151409253
2.1901616629386993,-0.15332157942114566
2.2382140554484584,-0.07744455066093986
2.279490744854902,-0.061519400687827824
2.309513699733949,0.01477233341745266
2.3256828958440683,0.037469272950112056
2.327849817845463,0.21795617551075244
2.3180549717293806,0.1350001289196857
2.2996436370217044,0.07095114310580554
2.2761726982055976,0.11392167706582404
2.2505314759261195,0.19608726271750915
2.224566900178073,3.072110977165714
2.199271858565435,2.9337392012942476
2.175358866316227,3.063793256267083
2.153906853925374,2.9493222536328307
2.136754195818373,2.968664304111737
2.1263780731709816,2.9716622996184476
2.1251718716334653,2.969245035978384
2.1343322821744977,2.986106297101531
2.1528606343430523,3.062069014947058
2.177228232611013,2.996904162699458
2.2019539639501913,3.1247131298069237
2.2208649019161655,3.082774328436431
2.2284694605969433,3.172907219722741
2.2208865242519726,3.4034453922659944
2.196122265757875,3.3161768412631685
2.153911612582342,3.3576503024047315
2.0955138977610366,3.4327371529807063
2.023661305975403,3.5978989354998365
1.942539490902149,3.6633896616580452
1.857544384087646,3.689243096162348
1.7746644249737917,3.918218770083056
1.699533655026774,3.9727243521636164
1.6363816745963258,4.005704700216955
1.5872387544139155,4.3279542689841906
1.5517661929478355,4.548211870777004
1.5278841326206982,1.8681426196982893
1.5129859415747067,1.8761856296689599
1.505168110436104,1.7524893618735586
1.503846368570645,1.6885061602917635
1.5094467525038064,1.6889672339157553
1.5223339079838611,1.7604433033581464
1.5414952231145245,1.6826634824331586
1.5636027063403062,1.6125751941395432
1.5829173097996807,1.6520417399981697
1.59218813445723,1.599247365812806
1.5843697695644807,1.546672508407998
1.55468292399779,1.6095392865438065
1.5023064908288672,1.5560460213404639
1.430964450742187,1.5751079081127133
1.3480180995220759,1.3798824183775222
1.262311683500728,1.4636634695069903
1.181605870791758,1.5175660081590063
1.1106184050885564,1.4380719972722682
1.0503672816132479,1.5000274697397036
0.9988669327452055,1.3951241943465826
0.9526228311378109,1.7051100379007025
0.9081343657561762,1.7140541729811538
0.8628394977155256,1.8835225264566187
0.8153910117446777,1.9152745720185593
0.7654944614903747,2.0668253472367257
0.713608006158355,2.171770718968731
0.6607125836607224,2.0448907535528513
0.6082485284268155,1.8511881416779405
0.5582045522711635,1.662697309435379
0.5132150611541563,1.5298721843740541
0.47640988184970023,1.3101457996995785
0.45080039579890074,1.2125054812331983
0.43828649748193904,1.2186786317663545
0.4387703947161359,1.1103213002999364
0.44997841480142153,0.9688163725752342
0.46821854390556583,1.0270191665144406
0.4896912558090005,1.0349260910892562
0.5116117767787426,1.1064805679200544
0.5325683822940155,1.1038303575504356
0.5520823183521628,0.9854539928572493
0.5698400883061534,1.1076342555174141
0.5851995738447211,1.008558856993624
0.5972954133343779,0.9557021897338766
0.6056380922553779,1.0103865253567508
0.6108070088338515,0.7662057812686816
0.6147996236063953,0.9672403708492302
0.6207597303700969,0.9374552137711305
0.632061668749731,0.9084912336952289
0.651002139164705,0.9704731040027241
0.6775803573491102,0.8863012484384507
0.7089153619565096,0.8250964387260186
0.7396514298853609,0.6785323984958992
0.7632940205203159,0.7261543362479858
0.7740233202029615,0.8209493682409217
0.7683512530241534,0.7078497716203506
0.7460772193293532,0.8047984651685018
0.7102939289873827,0.6220163262531107
0.6665421030446597,0.7170936014976242
0.621447895269051,0.7862287998666418
0.5812565766101228,0.673936260007992
0.5506562671293679,0.7097311234588415
0.5321834010837015,0.7211101104591973
0.5262793810344859,0.6168942812655756
0.5317704522517344,0.7435474135699732
0.5463602413987607,0.7300189026460188
0.5668366279516874,0.5483946274519654
0.5890619936975431,0.5671399019527121
0.608152497827732,0.5636018675375912
0.6192448822778391,0.6410508499052076
0.6188522308846449,0.6404958239257827
0.6063011729212653,0.42660002837606037
0.5844929234604079,0.541615459393612
0.5594421426567697,0.5467835262514179
0.5386168552068666,0.4895073464897817
0.5286668130236719,0.5539102952512581
0.5333603294128421,0.5530375793027026
0.5524230814136913,0.5644437072267887
0.5816487782021131,0.5459319388154291
0.614239624502995,0.4695977936922955
0.6429082099744988,0.546977486517048
0.661987659499018,0.3874077508245067
0.6688099653057733,0.43596644837337684
0.663953306473128,0.42548103401710613
0.6505063532730966,0.3478169100365107
0.6329512357117368,0.3491341123588407
0.6162622861730954,0.32735937830521894
0.6053231411085807,0.43777003666155684
0.6042730819152236,0.42020420535353126
0.6154516253260369,0.45227870866483183
0.6381876081737567,0.29388534875511385
0.6681860347685444,0.3011171476681492
0.6981898833721369,0.33583817968508933
0.7199681019563993,0.4577553801511544
0.7269419417409957,0.434712323191389
0.7163510122729368,0.30432525992863413
0.6900141390873993,0.2884326649828923
0.6534100090279761,0.3313747890231428
0.6136119855935207,0.2587373453318618
0.5770598212972106,0.44040166892807614
0.5480233876479612,0.30580446720599513
0.528126613954917,0.26860823694190233
0.5168175887077702,0.24113676830652328
0.5123814830030916,0.25648230286587337
0.5129889187304608,0.26197854938350074
0.5173243736103893,0.326036398663103
0.5245715405356588,0.3103401857932049
0.5339097052834407,0.19479764824506948
0.5439959917481924,0.28548372611726497
0.5529252772229651,0.1786052647759643
0.5588257753701131,0.19256754685962435
0.5607921985161123,0.2724603999526878
0.5595976818250534,0.1899758344837327
0.5577116986384307,0.20398358482762863
0.5584852095205988,0.31002100977653674
0.5647475833812241,0.17362254237973257
0.5773627924910105,0.17869207124388461
0.5944194131189744,0.11656761305437957
0.6115489262362791,0.25673331374263736
0.6233716541662552,0.17481267454602986
0.6255172060312654,0.11018610148829751
0.6163782413759857,0.2052970102544435
0.59785675423893,0.2671542935333968
0.5747855308826617,0.23494861980541001
0.5532761225997377,0.08874793467173757
0.5386963977187871,0.23867709021798758
0.5340920555054973,-0.22144000444580567
0.5395875684182014,-0.19857365551326692
0.5527848622814735,-0.32948458625982924
0.5697264933984367,-0.24872254409626107
0.5858801766774462,-0.3454175623327688
0.59684946695193,-0.4163607852526598
0.5988673888664378,-0.29310795279370555
0.5893006840763169,-0.1776518139995474
0.5672870640371982,-0.29821985934356865
0.5343753087583063,-0.18504399791961787
0.4948609834463428,-0.2798954650644146
0.4555186822668278,-0.22391601033597858
0.4245478128311506,-0.2798406030930523
0.40971350086528946,-0.333481395209326
0.41597926336214874,-0.23856649645662878
0.44339405234482976,-0.30207093875976604
0.4862581881070577,-0.25243926625294244
0.5342478918729063,-0.2949842327692472
0.5753022813301368,-0.14575495848713402
0.5992204958788945,-0.3335175125293922
0.6005908620154656,-0.19945931707009307
0.5799989792795129,-0.20859155741237417
0.5432320653229463,-0.2762449589806003
0.499032918402493,-0.1274992759477606
0.4564359273100541,-0.3831772286864218
0.42263217972676426,-0.2484122949738352
0.4018378874040186,-0.3320023928160806
0.3951434434234524,-0.3685019030387516
0.4010263554369512,-0.23581718805999088
0.4161346454528698,-0.1713144129658124
0.43602123437063933,-0.1709347028665591
0.455692965091513,-0.2848933653085025
0.4700798857841987,-0.28312833471138926
0.474677299861076,-0.14892019091201053
0.466497758295497,-0.26878777256100284
0.4451468056224914,-0.24531520253327857
0.4135683254055039,-0.2481709997407008
0.377982820082283,-0.3668320889870232
0.34674876883152994,-0.32486597998182604
0.3282373208816648,-0.2088650650347214
0.3282695590574656,-0.35216857441156424
0.34804361785461024,-0.22937157813468875
0.38346628600431976,-0.38345413309609155
0.4262848733480149,-0.3583119395726455
0.46665611388275585,-0.2692376639183213
0.49619759383650197,-0.2633448869326372
0.5103954339422774,-0.33195340797916606
0.5095332746080662,-0.30464676621081066
0.4979380929431714,-0.3987935016137168
0.4820232464734252,-0.165326735353152
0.4680158319054959,-0.20268105631890354
0.46022930509552096,-0.31929067550530865
0.46037617432044675,-0.21894246768709288
0.46790519923000473,-0.24679336474395136
0.4808950558312901,-0.3198093510800054
0.4968683485141496,-0.23832470925314195
0.5131549738130143,-0.24605834015448075
0.5269556075800951,-0.2585777127707183
0.5355515965199623,-0.3127838655780719
0.5368853607128735,-0.20611317059466963
0.5302675545248987,-0.24098240982846264
0.5167453723584032,-0.30786349247846084
0.49884172167238494,-0.20715028358555282
0.4797397684501573,-0.27181281629282694
0.462294414402603,-0.2305326583800201
0.44833753953279,-0.3044529680678871
0.4385427423826539,-0.3246508267228396
0.43276787311361786,-0.3208437412142704
0.43057464040570814,-0.1693783022370062
0.4316378160695489,-0.28287766896192323
0.43586980985617807,-0.30592692568084895
0.44321051408113854,-0.26985377715436853
0.45320829718410527,-0.2758991262920624
0.4646937185714881,-0.30020027545416655
0.4758473151273348,-0.42250137192211473
0.4847409520968208,-0.22603384643031912
0.49015816379539545,-0.4577994118482637
0.4923430887574979,-0.3553316720280157
0.49330758890531323,-0.17691359144804508
0.496408656696362,-0.28733972600798974
0.5051254200787989,-0.3102276117661522
0.5213387982538836,-0.4382604098714573
0.5438191671069131,-0.43167150573206253
0.5677789453888905,-0.2981785288392827
0.5860046074278578,-0.3483609230610545
0.5912984099841025,-0.3274402187469622
0.579174703697481,-0.35784642830037805
0.5495359110063283,-0.35073854438464763
0.5066017864724319,-0.3842981983880653
0.45730029412856377,-0.36111346749520357
0.40903232179193927,-0.39463814258640156
0.367850444310312,-0.2344128771252096
0.3376975065501099,-0.2771465592322497
0.32071484811336004,-0.2972427324234665
0.318098730779263,-0.3700697636450256
0.3308227366509747,-0.3008677096588611
0.35979089431308053,-0.2544585094313686
0.4054268921070777,-0.3585487334911233
0.46702685584926174,-0.21620447611534332
0.5422473611574035,-0.35927647046203776
0.6269746716165842,-0.34817153645660487
0.7156947153265794,-0.43215693233886754
0.8023636408460472,-0.1669599182038258
0.8816171803501804,-0.31458196627282753
0.9499960332032149,-0.26997793623742056
1.0067742288731474,-0.32883563987588427
1.054020850426687,-0.19522239362719235
1.0957717482130134,-0.4363971006892942
1.1365740077368574,-0.36626444172656086
1.1799357405917015,-0.4078844021475639
1.2271752305848433,-0.3362644803699235
1.2769073421108104,-0.321401390807442
1.3251539582800327,-0.34645450862244037
1.3659449035210596,-0.4137329887411606
1.3922877366018382,-0.23395440057220396
1.3974416049569012,-0.25605767075629193
1.376411061045404,-0.3262310907011717
1.3274504417306965,-0.4127266523915639
1.253215995200784,-0.22381666903599515
1.1610989108961727,-0.3346264620626438
1.0623050996664751,-0.2307976246142853
0.9695511617040999,-0.21900059655934728
0.893822476213842,-0.28935405365419153
0.8412134156184629,-0.26913907091420197
0.8110649908450841,-0.36353088487306207
0.7962352133197369,-0.3339932449074731
0.785502263764415,-0.34132922798864357
0.7672128003191538,-0.44235868480483154
0.7328173041007279,-0.35073353118958406
0.6791166054069282,-0.3017747201878527
0.6087106338903766,-0.34240623784589175
0.5288618619776548,-0.3997957899629956
0.4494254984162618,-0.2762268379490125
0.38058140186160494,-0.3044219605485903
0.33090408361092216,-0.38879457442043286
0.30599561492533933,-0.4242057821366958
0.3077036974343508,-0.35827740305539546
0.3339122705629629,-0.4557329268740795
0.37887863335388594,-0.486258683074948
0.4340309172941943,-0.39611922283285594
0.4891233371323679,-0.384607755845934
0.5336910838027791,-0.25952708107718214
0.5587469529542552,-0.27508279032123534
0.5585591940647596,-0.3556761986661038
0.5321830122241709,-0.33078041980874867
0.48426739291567533,-0.30811923515367623
0.42462391271092603,-0.3425293063052976
0.36624058850277263,-0.5106879779158346
0.32193981464200094,-0.2989164937129661
0.3006197781804416,-0.3132301140573944
0.30457126017207226,-0.3914265287089228
0.3291955263870122,-0.49492113180444935
0.36543483943208144,-0.4190609344394229
0.40392623354495727,-0.47946548880639345
0.4391112320089886,-0.4262491560225446
0.47163823825977946,-0.39530631361454754
0.5081797498819086,-0.3688945784551375
0.558813725295775,-0.32071761624398915
0.6329279595809565,-0.29585143991379326
0.7349221339928722,-0.36850349079443423
0.8608928918735985,-0.373348546830623
0.9972848771420791,-0.3384663815168953
1.1222733333531507,-0.3412958432035159
1.2101538096031674,-0.5509562674072724
1.2379500179983431,-0.33788631341397857
1.192099969959761,-0.42293851192121407
1.0725603875157443,-0.36003400865971114
0.8928522429554009,-0.4084623232753379
0.6766593827014027,-0.3247719379955464
0.45280998910253,-0.3367055350012783
0.2502144739730179,-0.44572031395840694
0.09350541536901191,-0.39346878640037525
-0.00039326169859132953,-0.4506433040076706
-0.02462150554795528,-0.3516706809992856
0.0166514319539266,-0.35585220771650966
0.1091387691168938,-0.20641609047132173
0.23152663143817742,-0.6167227141054472
0.36029484935398126,-0.3080697341667749
0.4749078677004115,-0.417769107120355
0.5617018486969678,-0.4460216831599244
0.6153884240825163,-0.4606294231696652
0.638157901856649,-0.2949155093540997
0.637203406301207,-0.4632503618597708
0.6217593761547275,-0.29090928020623075
0.6005724565239867,-0.31911130361032475
0.5803502891618795,-0.31662929756346053
0.565288391331129,-0.4054384248128984
0.5573587961779563,-0.27466085049818617
0.5568478431859865,-0.4184551609512491
0.5627699112556275,-0.3558611501778525
0.5731200664922075,-0.4217473985105489
0.5851714359877622,-0.3997167187367483
0.5959982701162612,-0.5048721840881071
0.6031858198443156,-0.4204490775278947
0.6054757992639257,-0.2980328589586113
0.6030311669152675,-0.3759894398323851
0.5971123433978225,-0.2920052142201428
0.5892110758621218,-0.3606922269760383
0.580004980309262,-0.3206156570242873
0.5686967211249807,-0.2615012456315285
0.5532064780521457,-0.5214193758531107
0.5312845954582865,-0.42354693147965056
0.5020971497329763,-0.4175251061010756
0.4675032704146872,-0.4034324784668462
0.4323242765554741,-0.42557056680575417
0.4033892106541336,-0.46381402042496317
0.38772484293118437,-0.3044465908783449
0.39059886480953887,-0.33300334183571567
0.4141114771714999,-0.41451568092465735
0.4567485404577635,-0.32768509793766126
0.5139103746546603,-0.49541387791497626
0.5791096562872204,-0.4754021631583525
0.6454460840992683,-0.38889578201666
0.7070699458218769,-0.26551818786879106
0.7604220169230855,-0.4206917308819132
0.8049649785462594,-0.39757850316541543
0.8430660401871395,-0.36757927689140535
0.8788821052584302,-0.5262844009868849
0.9165136294466444,-0.24692947041680272
0.958081217159442,-0.4685269393452645
1.0025011408716469,-0.41541632086119396
1.0455027262665797,-0.32495834515728916
1.08094615423415,-0.38325460294126196
1.1030010867581113,-0.44870745856802874
1.1084363017928558,-0.4102685454316749
1.098232991547903,-0.5003552216015774
1.0779667329932583,-0.47370087987424964
1.0568047307558806,-0.46320646302081747
1.045371514750605,-0.42832004977148985
1.0530536221281337,-0.4270535937072757
1.0855208078234124,-0.3863746222357405
1.1432548395020252,-0.3726721157578696
1.2215872327371227,-0.5076831840885992
1.312218345273047,-0.44205067755282557
1.4056638755182442,-0.3306651245377697
1.4937605207072868,-0.38815196798094265
1.571362894973765,-0.42138378666355764
1.6367129376800893,-0.5645354887155236
1.6905388471148741,-0.41616762450717804
1.7344571665950246,-0.3298039883946417
1.769478954073937,-0.3800786553099781
1.7953011435170916,-0.39226128129507004
1.8106540918601386,-0.48309206413631534
1.8144515043962413,-0.41023432082473377
1.8071097315340707,-0.46129753372985616
1.7913412749411077,-0.20527925096988373
1.771984474770406,-0.5139838022750031
1.7548883705736085,-0.34517744287506485
1.7453125658932658,-0.24495806309431958
1.7465044612420453,-0.3032145024683351
1.7590105718306548,-0.4017324136301812
1.7809468864815194,-0.33498845250831494
1.8090215289338931,-0.339873824310039
1.8397497716926643,-0.3312595442544969
1.8702632705557274,-0.22783113409314915
1.8984772179434364,-0.15525589399811568
1.9228692867351707,-0.3443614250036941
1.942318561687068,-0.28544314903971896
1.956237741313942,-0.2369356657432841
1.964887504417924,-0.22620477175362302
1.969572000610877,-0.12863386343208028
1.9724356460064847,-0.1274175340118863
1.9757732391873986,-0.20270939538736166
1.9810632065150313,-0.09471637819832827
1.9881824214517994,2.865757111886398
1.9952755489798872,2.7574884525003966
1.9994762186699304,2.8138024944568336
1.9982416828924823,2.8396482979792186
1.9907140022456913,2.816554970527991
1.9784685220904077,2.742221800366669
1.965268596636682,2.8782896008914833
1.9558535836386743,2.8258161442008323
1.954168733157232,2.860880746185383
1.9616625299541757,2.8739131654448546
1.9762420241474197,2.833508912066061
1.992256746832453,3.1018074371866895
2.001639164027207,2.8908078376096724
1.9960719242387324,3.1448042246511436
1.9696663237217114,3.0557351634772463
1.9212298244448547,3.1228092464004487
1.85513944413671,3.065164060163456
1.7803328928125342,3.208023082288566
1.7077449898098906,3.400334512830615
1.6471743085189,3.5015369930577283
1.6047350355577776,3.6259306544870977
1.581711788417953,3.682340630444279
1.5749934361476554,3.89629406383127
1.5786232671085845,4.098773101899709
1.5856747774530486,4.186970735237508
1.5897886650463087,1.5659069229444518
1.5861277508872347,1.5625339801921927
1.5718632133765602,1.5128218310176482
1.5463694142007358,1.282388616785605
1.511166202568423,1.3635823058292782
1.469539796787629,1.3268540835757472
1.4258096911788434,1.3977523509107832
1.3843501906487043,1.3906088282231022
1.3486203112158766,1.375939511312097
1.3204931555528883,1.3086068750580808
1.3000653187651587,1.3253602921789158
1.2859551097057758,1.1936923994900466
1.2759534107071704,1.2718739827993055
1.2677675400410264,1.2279878568811133
1.2595211323180604,1.1462876853424655
1.2497545194855417,1.192781257359274
1.2369429849032185,1.13519411454677
1.2188639376530412,1.1021029335189407
1.192295733515202,1.1780263465221685
1.1534264864858015,1.2857032180139638
1.0990240751309777,1.3684987329379625
1.0279898183211025,1.4523053670137012
0.942593659964059,1.5846115843867277
0.8486979797788057,1.6043058284778993
0.7546930491067128,1.8814162796550804
0.6694883683255906,1.8259008705622062
0.6003756933139283,1.7390861405492548
0.5516296394154643,1.6059468478606165
0.5243123062721191,1.4128886151117277
0.5171341322847601,1.2520521711500017
0.5277386456755714,1.0211955542254247
0.5536506799602469,1.0103290024184515
0.592386775719201,0.9363205158276467
0.6407651951374079,0.825605239361945
0.6940216523518572,0.8314716396219545
0.7455713914668721,0.6335753948332654
0.7879361210992801,0.7622749121789784
0.814646935015612,0.6944087719020611
0.8222960018694915,0.5881790743136105
0.811721669846112,0.6846305965283936
0.7876602997089628,0.7013698022657636
0.7569032605041155,0.7491843066149415
0.7257297813416008,0.6297537668428056
0.69777989511147,0.6887468013309476
0.6733489798291881,0.5693410061571023
0.650385837755749,0.7321646711331082
0.626616872632588,0.6520658958675144
0.6016617095633077,0.5545267931027524
0.578047998453552,0.5382053462608124
0.5606248042749324,0.5017913807389736
0.55467343436959,0.5051403437396865
0.5636159018478077,0.48549022065953246
0.5873562392858918,0.46283893904983364
0.6219446638239937,0.44531676014744614
0.6606501834830119,0.4814050294498946
0.6959548731159468,0.3829173130795775
0.7216626666743415,0.44341374652246424
0.7343497521010391,0.4118586978353451
0.7337296788068393,0.2959091488765639
0.7219916035541919,0.352466976627599
0.7025840356750677,0.4192612245781684
0.679093271812707,0.30364283975510514
0.654727304377629,0.4963811908687957
0.6325063501756103,0.30784063761171837
0.6157735281747101,0.40298630479402026
0.6083828221871135,0.29984735538172985
0.6141192307831715,0.2829042722947336
0.6354436544599105,0.21788645975321838
0.6721525651579533,0.3811708693931426
0.7206970190950435,0.22390758483003922
0.7746565360844706,0.28296222478117455
0.8263219521933018,0.14614598539208642
0.868748153769924,0.25279846801418165
0.8973477066572692,0.19686429740831213
0.9103736645671593,0.10920060421379539
0.9083346101375026,0.21383379691338816
0.8929686372273249,0.054643233125996546
0.8664708297635493,0.18782638821254216
0.8313014953854891,0.18915092416117787
0.7904637569213452,0.09758569879296748
0.7478636405859012,-0.1057517631745686
0.708279063223908,0.21117878857096792
0.6766075707748292,0.036799567744777766
0.656495573447594,0.16118680107477873
0.6489695715753501,0.20569358503117302
0.6518670134535417,0.1320245707291984
0.6605078077356425,-0.00977457283057717
0.669403110547747,0.0303870076546206
0.6742904137536377,0.06577422906090612
0.6736770052493237,0.007314881986949928
0.6693286166169217,0.022491765826091296
0.6655413316621391,0.0026492216248237394
0.66744110925021,-0.016427415883660625
0.6789180916153255,-0.01849003945468242
0.70099863481493,-0.01806151865820872
0.7313249830699663,-0.13262314594282196
0.7649486355931111,0.01465158357919967
0.7960513274317849,-0.1815863229932716
0.8197873089090065,-0.11878866043358036
0.8334439299442788,-0.08850554138060791
0.8365676121571909,-0.007156750679901333
0.8303060975828098,-0.0513919137493969
0.8165678057277382,-0.0388637799887923
0.7975111730762109,-0.09497587937438114
0.7754869162445768,-0.06824234658051868
0.7531677773816513,-0.17666554315720417
0.7334924352174851,-0.23769079560236642
0.7192641711241623,-0.12211998839831846
0.7125294313028496,-0.2684206674349499
0.7139794368816081,-0.1642931733119196
0.7226034636657837,-0.19252810480162658
0.7357976706460172,-0.03755588558392013
0.750058458744048,-0.13011945454281923
0.7621557959629685,-0.00268462429171037
0.7703578482003679,-0.20424852491860418
0.7751159937244365,-0.15865256724393073
0.7788023521738382,-0.18525446626472478
0.7845551743683066,-0.05741848551619882
0.7947677588703698,-0.14306791730205845
0.809946639007217,-0.22399774589703467
0.8284321480037963,-0.28630371026742196
0.8470151770828345,-0.2658464751170406
0.8621224512319865,-0.17464164809702992
0.8710916276166201,-0.2552530143206515
0.8730502170101624,-0.23263716952798752
0.8690477911926974,-0.611972431514622
0.8614100654742145,-0.7357959289265714
0.8526867132762923,-0.6194944635822514
0.8447978156668229,-0.6582200961869611
0.8388234642043408,-0.6956764834074136
0.8354035446376357,-0.4918374731992999
0.8353125283987644,-0.6973341667944497
0.8397510510550963,-0.548688525340097
0.8501645975774709,-0.6806496192411283
0.867681423614995,-0.7113243201243152
0.8924130096752942,-0.7752616544793948
0.9229134972054153,-0.6197562510308274
0.9560895930308471,-0.6436892695735591
0.9877247496063059,-0.4959049803742367
1.0134847943188638,-0.6688363776369013
1.0299758239120125,-0.7252170680431885
1.0354049531122766,-0.6367675806347343
1.0296828573613266,-0.7638153519359931
1.0141392311663848,-0.7225195924251593
0.9911562533379376,-0.7164055074274659
0.9639331147978486,-0.7531383058451515
0.9363767293511182,-0.6702160066745066
0.9129064072885494,-0.7394196573695092
0.8978977156181931,-0.664625985391975
0.8946469899287899,-0.77973027628424
0.9040857146622607,-0.7549184506939756
0.9238493421189662,-0.7138377866922927
0.9484152569271771,-0.7275241682274864
0.9706449762577356,-0.6070815964479603
0.9843132694883112,-0.5136747382925242
0.9865426185569369,-0.6286947832597443
0.9789709659942265,-0.5945887598166718
0.9670921989359788,-0.6408824429213513
0.958121814480015,-0.65652235600746
0.9583310011721397,-0.5941622673349856
0.9708161386171845,-0.6252750167687268
0.9943803917515199,-0.686767836294741
1.0238411825861757,-0.6345996036592325
1.0516187575922122,-0.6794193292321877
1.0699542276726481,-0.7868721329093286
1.0728533246712986,-0.7153867873259543
1.057088191972843,-0.5520295482615959
1.022188040075078,-0.5810296497506386
0.969925469124417,-0.6745420723337459
0.9039725455967696,-0.8758167334533578
0.8300239404812996,-0.676787263706808
0.7560446578870632,-0.7588817506480713
0.6919206072047109,-0.652268570272598
0.6479877314574988,-0.7958918725491929
0.6325638001477754,-0.6062969012922166
0.6492939448273308,-0.692042815912538
0.6954234715434541,-0.5738873338062016
0.7618317635185438,-0.706586555768259
0.8349633104622759,-0.6524616552239725
0.900077919682129,-0.5936544092095457
0.9448388410950891,-0.7206020915025887
0.9622433277157165,-0.722487321459287
0.9521666381931361,-0.8544061585016602
0.9211780181062383,-0.5998922297824408
0.8806918676324426,-0.7286259482689083
0.8439186728249974,-0.6073331993412471
0.822447846202553,-0.7518966542895552
0.8234758666893174,-0.7947535639836205
0.8484846389285132,-0.6933758441800605
0.8935805869827539,-0.7501636047922198
0.9510576699260823,-0.6288833426121979
1.0114425302617882,-0.6231592760123268
1.065400066538594,-0.7349023533701191
1.1051869032766204,-0.6365832991637322
1.1255929895129924,-0.7021571203639358
1.1244314128299253,-0.7436005282204942
1.1026480131896406,-0.6398030361136118
1.0640707600292556,-0.6927520809664957
1.0147642310276888,-0.6767140026023672
0.96195962745945,-0.8177521990351281
0.9126334328549083,-0.714503582443439
0.871998768600938,-0.849743696442789
0.8423694738056384,-0.6949108318612583
0.8228988996992288,-0.7089427430093154
0.8104351422409273,-0.6513454062597936
0.8012076158171584,-0.6612282608076917
0.7925728813165189,-0.6710991671197618
0.7839768034625872,-0.7876777650708338
0.7767353345800633,-0.8540563756266953
0.7729186925558239,-0.7045801826423943
0.7741152553773871,-0.7271365306595273
0.7808639415555565,-0.6851585130233453
0.7930644692576614,-0.6353039073112215
0.8109695752266671,-0.7569722565585733
0.8358949354053675,-0.8241289185804976
0.8699376522096007,-0.6564625070538449
0.9147012476151168,-0.6070692081922955
0.9697406916243334,-0.7650143452459301
1.0316526436372413,-0.6883071567922722
1.0944005168312865,-0.5845045596409779
1.1508881546552625,-0.796663977449745
1.1952629796585776,-0.7453239257359261
1.2250967887797821,-0.8554378513688834
1.242580441322528,-0.8247324839616498
1.254213256966605,-0.6306249317350937
1.2690318101801368,-0.7652901965402616
1.2959624058534787,-0.7598673884248383
1.3411841835725458,-0.7807521541540612
1.4063564340014036,-0.7282993889292299
1.488230261460069,-0.7456024994189588
1.5796777109453113,-0.7426290109142382
1.6717025712440035,-0.7845745296384906
1.7556758610992678,-0.6476153379951798
1.8249914700513958,-0.6450197439927576
1.875654654986374,-0.8290289764007256
1.9058739739224246,-0.7567983689258803
1.9151855731968817,-0.6066940022114556
1.9037281679322091,-0.6037068913275787
1.8720203133255153,-0.8455366551848721
1.821192236170703,-0.7847624224529084
1.7533379810497762,-0.7348709315487529
1.6716270755254166,-0.630911726974185
1.5800481523792134,-0.8097147690492185
1.4829726242088423,-0.7666461010779854
1.3848575039141962,-0.6472029712661574
1.2902312173592996,-0.7520773034680681
1.2037759771514915,-0.7419500166298751
1.1301275819638452,-0.7827360102406821
1.0731523926023543,-0.8439609033349126
1.0348561566567367,-0.6646505391100411
1.0144291170413744,-0.8476705682705945
1.0079748159732778,-0.6770090557230941
1.0091967233736074,-0.7857973590856886
1.0109226786916643,-0.6865293800787297
1.0070316543293347,-0.7501991620511756
0.9941824930173264,-0.7111653443795781
0.9727336186354576,-0.7181252695976681
0.9464336825025585,-0.8202012398400207
0.9208847916898795,-0.8724293034664716
0.9012972903181208,-0.7741035773277399
0.8903986973122964,-0.8148759256755217
0.8873248739875845,-0.7740969637929261
0.8879208030185831,-0.8586016489159146
0.8863131556614375,-0.7248762630694026
0.8771316395267044,-0.7567008336480898
0.8575308998646023,-0.8146774002254921
0.8282808316546382,-0.6692132015420666
0.7935743506412902,-0.83439993292609
0.759632229266796,-0.8556788795517153
0.732532772796705,-0.6953134104757263
0.7160103834853409,-0.7637496765218241
0.7101980093388522,-0.7333875257760415
0.7120995289301956,-0.8455766841130493
0.7177768468746994,-0.6299756289912246
0.7252603605191041,-0.7490250882899337
0.7367805587029614,-0.7715079424250052
0.7593115958324048,-0.7607179061553171
0.8031969911909744,-0.8337229085893353
0.8792714096778942,-0.7419048354134374
0.9952001845827045,-0.80516927138643
1.1518393217254639,-0.8278768851053114
1.3404684418955517,-0.9170128600120383
1.541831146477909,-0.7366783067796325
1.7278948185175853,-0.7986358492978616
1.8668171786546175,-0.7524656398122834
1.93046824787587,-0.7827055482216502
1.9022219186656428,-0.8542997807336117
1.781846752768121,-0.8914139742139945
1.5854618841616581,-0.894532948771982
1.3410793353552195,-0.6481240022970859
1.0820913668373533,-0.8467920981535118
0.8410447836729994,-0.7067726788174437
0.6449355135331621,-0.7037139319645543
0.5122157450196391,-0.7321262124890008
0.4512195496616178,-0.9887714615505754
0.45979731407775304,-0.9723818503519083
0.5263326677798797,-0.8125831983260808
0.6324099106923396,-0.7824181869619976
0.7568048085855882,-0.8483861214651468
0.879638235175595,-0.8307989294150412
0.9853674706724973,-0.8777489572155628
1.064010438254334,-0.8177111496329159
1.1109146995310262,-0.8592295598359224
1.1258106949166555,-0.7057216962976514
1.1117649238545426,-0.8144810920300317
1.0742931866226078,-0.9040524865372068
1.0205864688174955,-0.7532558609152641
0.9586718129742384,-0.7952924751554304
0.8964126683540695,-0.6416584906189703
0.8404860255491926,-0.9028445635584667
0.7956637982679251,-0.8067132508308292
0.7646518436952229,-0.6667706479705624
0.748406646588251,-0.6981302690252195
0.7465677751877501,-0.8307065964527925
0.7577056821143573,-0.6947592653150356
0.7794026297521561,-0.7942278497090989
0.8083987189847964,-0.818165247703098
0.8409543990956825,-0.814070154019185
0.8733713617153682,-0.8885044520383506
0.9025084352367905,-0.8835599973690956
0.9261426058801572,-0.7178696075106762
0.943064715045183,-0.7601162405164238
0.9528726651354252,-0.8743270713789516
0.9555717741087174,-0.7799997305244539
0.9512300388893695,-0.819359862278331
0.9399387667801481,-0.786048951436215
0.922179930396597,-0.9256534771345055
0.8994802626990984,-0.8016963259697787
0.8750339340736535,-0.7970569479689712
0.8538805679449951,-0.7633469851813083
0.8422932340090089,-0.8228647341265158
0.8463146439749705,-0.9651653755074531
0.8698452854363667,-0.8030207495263454
0.9130845400259939,-0.8522521275612109
0.9721260981803521,-0.8158306128525576
1.0400344232544636,-0.718561942038258
1.1090344175295161,-0.8970425778814252
1.1729187894842386,-1.0273795489673034
1.2286964503573727,-0.912967711877785
1.2768756129289498,-0.859552879904625
1.3203661795641009,-0.9237374663750263
1.3625512382834852,-0.8053469554463712
1.4054359581860485,-0.8439904638952914
1.4487398405368546,-0.7343178397571725
1.4902720558634237,-0.8701256696759313
1.5272033132899838,-0.9289800747866687
1.5574474982642168,-0.9288094724729267
1.5805380015587707,-0.8531926270586957
1.5978262877731046,-0.764590073148025
1.6120881761515615,-0.8692870939808552
1.626645305382997,-0.8004308102716141
1.644196594415836,-0.7923563153004799
1.6657954933597612,-0.7794192959706675
1.690497095967702,-0.7861977872506039
1.7159009155697404,-0.788515501226042
1.7393210097455163,-0.8260387119084098
1.7590060415448816,-0.644550379479005
1.774880979544796,-0.8899803987127621
1.788562744920161,-0.9242352780319315
1.8026986365714366,-0.8941638549322979
1.819906810885706,-0.9001795222528182
1.8417696483485786,-0.7967794414606904
1.8683558472311237,-0.7272304514941929
1.8985022994659249,-0.7643007295116734
1.9306525402723342,-0.7692307176811345
1.9637067824682701,-0.631792844217932
1.9973292599928585,-0.7667985135509445
2.031522923073945,-0.7759150291073814
2.065818100857639,-0.7826025060365153
2.0987419935709113,-0.8195702001358536
2.1280710897831794,-0.9089542687211355
2.151844799189738,-0.7134413493448123
2.169606596690074,-0.7923769583547243
2.1831511146376994,-0.6628455382028143
2.1962965661898988,-0.7212250543754881
2.213702294043811,-0.7535851225869469
2.2391838256371166,-0.6771475710174638
2.27416189862155,-0.7430253490495752
2.3168548248389627,-0.5996601370147274
2.362613231252584,-0.6170045460743362
2.405372198050161,-0.6100984861123656
2.4396718606951358,-0.5654933263273754
2.462369102367613,-0.6285379681580415
2.473292334019255,-0.5446389498903349
2.474670912303629,-0.5567880321876956
2.4698325575571345,2.280012536572738
2.461923595324186,2.3908516636110155
2.4531434330809123,2.5210978959886194
2.444542669471466,2.3257702503297057
2.436197725757258,2.3423281454990668
2.427580535405781,2.377519224479517
2.417989709267605,2.4079727937125806
2.4068942143092737,2.327778797972678
2.3940479222528133,2.442540221087642
2.379360832407945,2.5410299553501283
2.3626836718758315,2.3696203454732614
2.3436892931301907,2.4528072123028806
2.321887304186858,2.547225996613712
2.296686560183508,2.635375875319331
2.267457254929143,2.6846128139678624
2.23362767350396,2.736945159956241
2.194853671262548,2.8034572040083923
2.151267787375839,2.877328146108946
2.1037856759114737,3.018254394005636
2.0543495681796733,2.944334344766033
2.0058723209118354,3.225241223638295
1.9617017067510494,3.391651890708939
1.9246747186515276,3.5055078116742444
1.8960873950922368,3.679803576126479
1.8750183252320227,3.7585695395700403
1.8583709548533038,1.0907746507318623
1.84174759732032,1.1517391765407947
1.820927571159134,1.0727277258524164
1.793449665025347,1.1449696942064338
1.759709215811109,1.0692778530011677
1.7230981324777497,1.0535080819858513
1.689004957479769,0.7983615137528927
1.66288643855124,0.952786118292132
1.6480351564258435,0.9178177979756794
1.6439483077393753,0.9140188904850848
1.6461283962560058,0.9444577557991546
1.6475799461353722,0.8999591586544763
1.6414010602190157,0.8999066208454457
1.623232291121968,0.8568341804371763
1.592380925424754,0.8494675322181554
1.5511774233801714,0.7570631501364151
1.5030841387804459,0.7514597763113787
1.4506933231996721,0.7856711606966066
1.3946757788538275,0.9508290640052778
1.3340744947407472,0.8633694745239044
1.2675686781725366,0.9926771491643841
1.1949341382324357,1.0262636986361349
1.1179920522901903,1.1320235896203097
1.0406627199715341,1.2558588165817188
0.9681115404975792,1.3346608304612448
0.9053086946181428,1.4153200455539876
0.8555846276306438,1.445869418872328
0.8198276128912799,1.2933369189215063
0.7966814896938275,1.0100505744786257
0.7835454126763275,0.9509596783788025
0.7777591596686707,0.6100155429168904
0.7773996531514387,0.534617754647914
0.7814821009731545,0.538665573249625
0.7896937415767563,0.3899358168494316
0.8019331842661774,0.4971106621314845
0.8179179330782896,0.3057483046984301
0.8369924570452125,0.34245508919918766
0.8581001180904754,0.3490797110834114
0.8798147066262584,0.3247821472406788
0.9003852106950425,0.1993034935416866
0.9178181493350411,0.3165417049920001
0.9300424579265442,0.39475433347221045
0.9352041054720481,0.23306442142179848
0.9321226845913279,0.23549242007509807
0.920857492586729,0.22293734908346227
0.9031730637906334,0.24936256912352697
0.8825711805059617,0.27840623247489865
0.8636278721846801,0.1294672451058534
0.8506959995293704,0.3018097851342303
0.8464386239195074,0.1678656457898274
0.8508504965142354,0.08462541274660221
0.8612475885928347,0.15187286783083734
0.8732756936116128,0.16706216840705435
0.8825616620800351,0.06629133647041476
0.8863750897028558,0.1295785258517507
0.8846390856883366,0.052061641451479755
0.8798567953412822,0.136600087456298
0.8759739758792661,0.1144844301338241
0.8766772912073929,0.021357206490737534
0.8838723127265804,0.01601057311598503
0.8969870629558102,0.045776662201643545
0.913368672422981,0.02539045100032328
0.9295205017778672,-0.013094406654053398
0.9424861718804696,0.03478164002932661
0.9506091700429403,0.0006286421160159758
0.953310569137694,0.05205463302142366
0.9502001917275857,-0.13645351887217513
0.9403045998377388,-0.011201945144881709
0.9221340404573388,-0.12083252497609298
0.8947499709097425,-0.11047828695794233
0.8592685327276093,-0.1113117793640065
0.8198068825955157,-0.11845577258459618
0.7830738534990245,-0.12735248998260146
0.756539487563426,-0.073427865746911
0.7459135400036752,-0.19571316861649124
0.753027560111866,-0.15072863450343052
0.7750128527516599,-0.18949536436399714
0.8051168139732526,-0.1438131689135043
0.8348779806356084,-0.0872810510461494
0.8568646692533193,-0.1057826288328924
0.8669523317781919,-0.16561810313994363
0.8653276034050982,-0.30669298436632
0.855981712701015,-0.20074492272592542
0.8450614467769046,-0.2901937580793003
0.8387893307097568,-0.2705858429263612
0.841678099662636,-0.3051701738968868
0.8555274076521115,-0.2892119436087614
0.8793333079876774,-0.270946572865272
0.9099092483657178,-0.35999713619873136
0.9428246298743211,-0.2493590325520938
0.9732793054519728,-0.2336881441669117
0.9967484739509817,-0.3047776680255486
1.0094964294550097,-0.1733837443909337
1.0091185083102923,-0.26161741539533684
0.9950792054380332,-0.3645150687653203
0.9690226133244544,-0.27650936424164113
0.9346526635443085,-0.32130601314708956
0.8971389762206723,-0.46310755239179746
0.8621430841446863,-0.20175975524177164
0.8346641852049346,-0.43091812506045163
0.817991540657985,-0.44887186249669436
0.8130629641843724,-0.3696353216786826
0.818423006890244,-0.5029507642594444
0.8307974047595974,-0.3368867893868127
0.8461163843010839,-0.5512150813273651
0.8606531289990846,-0.5149473932329564
0.8718593318996108,-0.5090877551592738
0.8786035753811144,-0.5173581046988279
0.8808408771332757,-0.4107339026650076
0.8790246403491869,-0.3823544200373149
0.8736079547644597,-0.5672080959184477
0.8648191100744287,-0.441215688221491
0.8527079129470181,-0.45337561853934494
0.8373355336277035,-0.37152229252825675
0.8189463306774256,-0.505746228324938
0.798026151176439,-0.5057079173668882
0.7752608557689235,-0.5569146862554091
0.7514677988265044,-0.5630118861721289
0.7275705969809487,-0.5433746170918279
0.7046652480909812,-0.5801209928280231
0.68416526812576,-0.6602810897165201
0.6678839022401961,-0.4524480165591115
0.6578108785709054,-0.629168093296575
0.6554625979041876,-0.46084132975759545
0.6610474722389424,-0.4539011991792634
0.672988169305051,-0.884025834845512
0.6882351852441742,-0.9232950336946071
0.7033124683255259,-0.9497079083819585
0.715542366265395,-0.9490160318426144
0.723777726316688,-0.9382417552069308
0.7282779543950743,-0.971443293838988
0.7298659414229012,-0.9531363299372139
0.7288951731641337,-1.0202037932085073
0.7246576611677412,-0.9382924120937701
0.7156511324553075,-0.9463540443580386
0.7007018533285869,-0.9349299879743093
0.6804690841325598,-0.8426917936591792
0.6585293099238526,-0.9222963068000957
0.6412677154912079,-1.0269910314575452
0.6362910359585352,-0.7755382747338863
0.6498202251596272,-0.9050941689015398
0.6841127159268564,-0.9672614742917068
0.7360798769297998,-0.9877394488665295
0.7978224449255114,-0.9626487210820794
0.8589657146930926,-0.9638929189296879
0.9098342758837257,-0.8949076052641747
0.9441202966826125,-0.8547206450525973
0.959970331696246,-0.9157514633465929
0.9592025003719795,-0.9866412838420907
0.9453187000040223,-0.8606668032875161
0.9215976413470187,-0.8879970688124826
0.8903793244904159,-0.8385626362555431
0.8537148352700026,-0.8944943760004507
0.814558111856372,-0.9237208331575184
0.7773874602769852,-0.8937382472129204
0.7476672625367151,-0.8893821981508655
0.7303606405206464,-0.960674789659659
0.7282306913409962,-0.8610740452846477
0.7407288619220823,-0.9299566065921349
0.7639572448721444,-1.0159800801843455
0.7917218937541403,-0.8655811496406667
0.8172804578232727,-0.9411751121648638
0.8351545802956102,-0.9159334637308328
0.842381747337142,-1.0045094148623919
0.8388367089791416,-0.8924953246151341
0.82666078113075,-0.8941831912436911
0.8091894371450791,-0.8452217606975858
0.789886252687529,-0.8609262579453703
0.7716393643475464,-0.8846752853282208
0.7564915172858497,-1.0030425402711602
0.7456709630326253,-0.8978091196520631
0.7397502176913121,-0.8260904405700157
0.7387939701686067,-0.925016371482376
0.7424024031867025,-0.8050704203669536
0.7496456469495685,-0.8494582714810509
0.7590229190882881,-0.9151215102424681
0.7686644155126607,-0.8958429400323505
0.7768879094966994,-0.8887487696375505
0.7829199531821198,-0.8943828958470288
0.787326453267122,-0.8888346138394247
0.7917611064559363,-0.858697967943269
0.7980453691993895,-0.9923812793335013
0.8070288330263904,-0.8758040278393816
0.8178327469738063,-0.9337145644953543
0.8278956489987384,-0.9642215442531193
0.8338574560147498,-0.7662403865460556
0.8329151499177372,-1.0028978150013443
0.8240290149536944,-0.8893918349755914
0.808382501034539,-0.9912161394529316
0.7888054973581402,-0.8496864979760311
0.7683509152425146,-0.8599542067089393
0.7487102206326122,-0.9455816748253285
0.7293901465299312,-0.808561240406843
0.7082392148170951,-0.8157214979285533
0.683091056662134,-0.8689129248980991
0.6535740075687001,-0.7898933632537916
0.6220441326019457,-1.0128210531388195
0.5931045728397644,-0.7743895553562057
0.5719076179420599,-0.9077045852443889
0.5620389391900701,-0.8236152246075751
0.5639916172051913,-0.9365696192042672
0.5749332215806502,-0.7369151735122331
0.5898082927998808,-0.8917609443648419
0.6031935546009086,-0.9405992182525145
0.6110747471526136,-0.9277000162349369
0.6118781903217865,-0.866650070386451
0.6064768441615098,-0.8539401531496643
0.5973140327740339,-0.9261197202557107
0.5871203137770804,-0.8525519935096292
0.5778265687142947,-0.8160580022048878
0.5701369336278674,-0.9905653379403063
0.5638630155066517,-0.8676034150319244
0.5587037233848575,-0.7683722954280611
0.5549250548791732,-0.9525702814176279
0.5534970606859392,-0.9213139724887989
0.5555962241089629,-0.9638758409537005
0.5617662716372557,-0.8802431875156007
0.5712744753704271,-0.9237462993260724
0.5821848567036338,-1.0311571603752108
0.592322671448815,-0.9098618782830653
0.6007273355613185,-0.9009440155967278
0.6087426301891095,-0.81322290967643
0.6199677378802902,-0.9411193707176395
0.6389211264776462,-0.9256291411988573
0.6690406942698417,-0.9588869120211876
0.7110659776125483,-0.9371583111163687
0.7626875242021538,-0.83263532025078
0.8196862320838576,-0.9364547163414187
0.8779676669921574,-0.86151149738782
0.9354001929291883,-0.9480867175085143
0.992497207047304,-0.8247715590924842
1.0516471365451123,-0.9487772076447345
1.115377177353358,-0.9042177783163557
1.184583366099899,-0.8059101371334597
1.2575501090763443,-0.8757592511342073
1.330069363807612,-0.8763607126985566
1.3964324388736806,-1.0531848450349917
1.4507961604198703,-0.8112460557526087
1.4884530946174017,-0.9330677095228243
1.506712524089255,-0.9474615284636515
1.5052631036007726,-0.7608389470279281
1.4859838227964173,-1.0001154567259933
1.45225414455905,-0.8903554842012739
1.4079530750601286,-0.9977065703523561
1.3564753769694182,-0.9981614969769838
1.3000882266163645,-0.8369567721617881
1.2397682343127234,-0.9107170961825837
1.1754394391709915,-0.9764527097023468
1.1064438469820197,-0.8121387838027637
1.0321471919727647,-0.8430314131203462
0.9526768897403955,-0.924635293925479
0.8697172873644731,-0.9230731670256953
0.7870464257772358,-0.7839561907115036
0.7103611707618815,-0.8592502282793505
0.6461586583830627,-0.9364076814885053
0.5999310749147645,-0.9032556277692533
0.5743343188581481,-0.8512822927909541
0.5680428393890236,-0.932145302605279
0.5757323371242231,-0.9921090759199144
0.5892575491005182,-0.937721244066989
0.5997537292452035,-0.7424982422911564
0.6000789344363171,-0.8807442504220575
0.5867823712769991,-0.9008103299217236
0.5608295201233424,-0.9662154684211456
0.5267509526403531,-0.7591692503083707
0.49055456715756696,-0.9472060706449803
0.45731597551772796,-0.8856616175253277
0.4295207015259406,-0.9700339239312401
0.4068529679786761,-0.9347593464483382
0.3873911264065788,-0.7821608157374985
0.3694790860975147,-0.9773551885749336
0.353262888394709,-0.8858720952921064
0.3411199729060438,-0.8738880186861518
0.33676132627158684,-1.085182243576907
0.34334083252124836,-0.8159557891846075
0.3613368024055429,-0.9341271950565472
0.38725983344153114,-0.9137229779997869
0.4141420319492537,-0.9353186314492868
0.43401310606627663,-0.908557224483884
0.44149103522886723,-0.7653388328724873
0.4369638162519144,-0.8775222514242237
0.427993072965171,-0.9294548166088662
0.4282803890114647,-0.9626973781576519
0.4543673130044138,-0.8692875471418647
0.5209044832227723,-0.8658704704089202
0.6356994443013677,-0.9356593171760476
0.7958334327006261,-0.8219409538620766
0.9860121843140095,-0.8853576246021367
1.180033263333831,-0.8378038137090122
1.3456632901457928,-1.050758586108102
1.4520812062760637,-0.8515970949508216
1.4775985171376425,-0.9396123402230304
1.4147514227790285,-0.8753559232426129
1.271095823303316,-0.8615943067990723
1.0663571827841438,-0.9629860758428949
0.8279661763824636,-0.8348048276246256
0.5865932925999571,-0.8236593701682
0.37208905061776354,-0.7716151546982973
0.20954389618187796,-0.7586723701149005
0.11541774603179378,-0.8902074787574621
0.09445914517155762,-0.9026107424784282
0.13870008825158275,-0.8890259821619054
0.22952448995954733,-0.9624356117930248
0.3425859107694288,-0.8394742422207914
0.4539509076702952,-0.7449078979837608
0.5453034770270915,-0.9352803964248593
0.6066870987651389,-0.7389017102571915
0.6365124838128788,-0.7989518339778375
0.639607552857381,-0.966552757283862
0.6244588129822887,-0.8755475466471622
0.6005557488447265,-0.8486020704628502
0.5763197770282287,-0.9436000976828396
0.5577886230693948,-0.9842119731274274
0.548030801951237,-0.9003809118123736
0.5471129644332196,-0.8097962592931119
0.5524158127326728,-0.7667076375769626
0.5592537801035643,-0.7487894911334233
0.5619275127442002,-0.9161879636774334
0.5552675471472962,-0.9004172506948742
0.5363916129718043,-0.8891232791392123
0.5060630011601308,-0.9083059700070967
0.46899872010573784,-0.974839394076773
0.43282155975948144,-0.8498173062067695
0.40591463030093167,-0.8487694326334659
0.3949132080136736,-0.7995821575879724
0.4027095814735182,-0.8490650656750601
0.4276175240281447,-0.8099339465105979
0.46390172446621936,-0.8567436672806306
0.5034330703311205,-0.7944212018313684
0.5379230530736455,-0.8017441355965215
0.5610741559924107,-0.8581811193667791
0.570062106493753,-0.8903364448348696
0.5659977771837771,-0.8863046906909886
0.5533327899418347,-0.8850961448414931
0.5385116892475608,-0.9300043474565276
0.5284159138058862,-0.7943100886520553
0.5291022901068063,-0.9418434794155521
0.5449894508550599,-0.8830627366237036
0.5783023673608577,-0.8808536963605635
0.6285968959902327,-0.8363685070836108
0.6925027680991218,-0.8482190728057407
0.76404820970375,-0.916835629431222
0.8357772147895621,-0.9120660779751852
0.9004474799896902,-0.7619417598030084
0.9527452298240736,-0.8679683105328153
0.9904032942577626,-0.9222070065594714
1.014346607445097,-0.95154922961579
1.0278900241851638,-0.873502544931521
1.0354041043384457,-0.876194679461163
1.0410167600913107,-0.8157698897391197
1.0477582718262648,-0.9111577924875116
1.0572954658060532,-0.7469345906878359
1.0702341763714458,-0.8714505700450742
1.0868416720965377,-0.9221214100004044
1.1078563309308602,-0.8846567551735441
1.134899559985027,-0.7270502167704953
1.1700883514367935,-0.9418423035919553
1.2148635761675703,-0.8526100318384778
1.2686057354657707,-0.9977772781552005
1.3278997028965311,-0.8774329539388441
1.3870609910918867,-0.6650611832383702
1.4398531849400733,-0.8537079449182761
1.4816234370444141,-0.8726759840352367
1.5108212030564543,-0.8204007015655259
1.5292242055382617,-0.9289744454570525
1.540912121276896,-0.7255942279403482
1.550622664694338,-0.8137155788313013
1.56228096869725,-0.8363777332503561
1.5782240324206884,-0.7472615656776005
1.5992025337364066,-0.7353978836564176
1.6249022638140702,-0.7610371820390323
1.654577194540166,-0.5984351520810298
1.687409160996476,-0.7820905865875117
1.722422544601637,-0.8411047589900656
1.758115004993547,-0.8448738242620626
1.7921842607881104,-0.8283194667348671
1.8216854981400026,-0.8819661227445336
1.8437095030360822,-0.7019819271485181
1.8563679581145913,-0.5821110878442296
1.8596492811206455,-0.6769934215640828
1.8556966791631413,-0.7545420303685547
1.8482905853939409,-0.6214923901932481
1.8416846509807208,-0.6465360742496781
1.8392648202702568,-0.6258830554581998
1.8425905336962192,-0.6749480945315726
1.8511745643270028,-0.48780951755775587
1.862997635502977,-0.571343848496302
1.8754382556481903,-0.33050942874431954
1.8861552136423145,-0.4037122522757563
1.8935578114029437,-0.47307369042404934
1.8968177974415514,2.4582436325650248
1.895704157045253,2.3584761529051472
1.8905657821447532,2.3705696340886893
1.8824954197927002,2.409420404761851
1.87337375808108,2.2788116858963585
1.8654690443985948,2.3647475735389625
1.8606007298322145,2.236842957417745
1.8592552814222523,2.5081127820862106
1.860131838157617,2.4236540424684776
1.860358731350122,2.4424515678276864
1.856299280183015,2.431305222210414
1.8446841665969091,2.5467046305960825
1.8237706541337133,2.606734240740239
1.7941919509150466,2.6057078475387376
1.7591039082273556,2.676021909155092
1.7233500368255137,2.603886169837954
1.6917664933300411,2.866709201643442
1.66724675093351,2.940531778425742
1.6494436754657626,3.1733336877411067
1.6347975205532688,3.071382114122979
1.6179741753501997,3.304548484852408
1.5940685150001177,3.388303517979643
1.560520627064986,3.4457271821775795
1.5178874008879626,3.7461366720245617
1.4692558909833242,4.026086661362532
1.4187442430959385,1.2805002971896844
1.3698631646237573,1.1794665067082537
1.324435587982377,1.0999746840070495
1.2824490393699604,1.2602484956680937
1.2428173384159558,0.9867336428518587
1.2046055970313687,1.1169673032270042
1.1679403281272585,1.2402851633980168
1.1339229347800432,0.997727542259963
1.103539682280108,0.941208582026324
1.0763559243382863,1.0158590556480258
1.0500275396946526,0.9686970793757397
1.0211775300464272,1.0389848895061
0.9873415040724948,1.0646788065596895
0.9489862140763311,0.8667171842093242
0.9104110037535299,0.8755026422388692
0.8787901696565751,0.8572946570781337
0.8615256705674904,0.8799635668010902
0.8629653540896571,0.866458729621247
0.88190114924901,0.9007287659463226
0.9109446942534363,0.9180768632792708
0.9381136335663981,0.9933639318287388
0.9501084885498742,1.2634219718814597
0.9361386012893125,1.2551113929308364
0.8909983658817187,1.4454167297602074
0.8164387515540515,1.4262382058511596
0.7205283618326883,1.5924602042858838
0.6153851007369862,1.4488753729529353
0.5141635957857278,1.3846742430716323
0.42830943803556787,1.149125694027165
0.365771098511963,1.0705164874769235
0.3303189159512355,0.8480379489105143
0.3217156975249579,0.6487065173553626
0.3363733130873263,0.7529565281612626
0.368232585536578,0.5711216309569788
0.40977423133743096,0.5608373094739836
0.4531738102605659,0.49252342837347785
0.49156512346224823,0.48759238642384356
0.5202150895761537,0.5052229172798601
0.5372909811899174,0.5033415724052365
0.5439337697616183,0.563265120899856
0.5435450091681961,0.36335694398397395
0.5404740350758834,0.4065969042854992
0.5385335159768271,0.4091498611227669
0.5398594006754225,0.48428577316117893
0.5445154255548583,0.3461956333824207
0.5509488002109795,0.29932113426710477
0.5570522313892087,0.3640135797033029
0.5613424269303555,0.39262777210617233
0.563714183231466,0.3326838667675105
0.5653869005902149,0.24961319886669114
0.5680328377195304,0.2864787185055723
0.5725555301800568,0.2183587866711831
0.5782665037570155,0.33135851990044635
0.5830058668896088,0.21971033999556527
0.5841336565489179,0.19074551385163
0.5797346024287446,0.2151585411182971
0.5693032816854005,0.2753876446655989
0.5536489446408137,0.16944894113040732
0.5343337834103092,0.11733346753201834
0.5131553271764697,0.13049267537775797
0.49193240859862863,0.21935202162150624
0.4724846297836962,0.19652483769792395
0.45655359034452825,0.03708689651329241
0.44553058538469226,0.12715641758825996
0.4400325717230321,0.13000667192098017
0.43950031021373703,0.13993718473187913
0.4420879559383657,0.11206355063084548
0.4450824570411066,0.22674349296168295
0.445827680910467,0.1034688828201588
0.44278016929915576,0.07046515565572918
0.43620352910149973,-0.05090882189384265
0.4282170760092392,-0.030933648045596205
0.42222581079645993,-0.11146318631244086
0.4219139947427264,0.11201821869688208
0.429993704856213,0.05668031727058043
0.4469658680341033,-0.03844140561740599
0.4703315063832315,0.0012896992279848353
0.4947702196707513,-0.04747445980457408
0.5135413079245359,-0.08180600750149152
0.5207900604615505,-0.08721194651552124
0.513881592132641,-0.0483612792296267
0.494710607607144,-0.0685383334695951
0.46929042631842066,-0.100492981708401
0.4456533321493692,-0.09354679783768313
0.43087581650638784,-0.12535325339041958
0.4285122711149165,-0.010381773300276745
0.437588890906599,-0.0951990517842944
0.4535793870657978,-0.08323588545481171
0.4708391194194189,-0.05127277139068449
0.48530853541290764,-0.19855978819196943
0.4962003807672489,0.033364621327250536
0.5058951568366866,-0.10319123640333071
0.5181827791958128,-0.16167402882136353
0.5358319994239669,0.028875530952598972
0.5587400816301584,-0.24040178380025393
0.5835080279543017,0.010343965193765079
0.6045354511998519,-0.22640973359567257
0.6160529398095287,0.019232617383503993
0.6141716185166564,-0.1242638928490098
0.5981176642728019,-0.28840793273696735
0.5702549478516185,-0.21610204623313786
0.535066933668791,-0.14472344210157087
0.4977017134396544,-0.05376106149364425
0.46277493461466246,-0.18712663689756326
0.43385792938176126,-0.19590585819680476
0.4136297166057574,-0.12883125746250382
0.4042633823501258,-0.10083742601906384
0.4074516647931651,-0.24637224942982625
0.4237264369608381,-0.2860732032784361
0.45133816035066954,-0.1813881239181777
0.48551036441163387,-0.24200112403167395
0.5188846348913381,-0.2388790180437011
0.543363343912032,-0.06052386017298905
0.5527617744473428,-0.39533706871086693
0.5451791688248537,-0.06911524132355365
0.5240073819793677,-0.17892151127015932
0.497018725548524,-0.20814937188769778
0.47383711878445856,-0.28925142720046226
0.46286862414654506,-0.3094030861197458
0.4689650295073926,-0.27868478190218116
0.49260270311458965,-0.23924695519435044
0.5305381191193626,-0.2690440598154333
0.5772747234057736,-0.23051773836250902
0.6265568634503715,-0.23611063088127096
0.6724280209254017,-0.21144267083250756
0.7098213901441655,-0.7540039777768252
0.7348993771244914,-0.6175660281465798
0.7453656881062352,-0.7275241543389929
0.7408357021280294,-0.5964538403871003
0.7231661661384878,-0.6361867661916105
0.6964889714336482,-0.7087455893306018
0.6666592341886214,-0.73784877302962
0.640008336106919,-0.6310280462257923
0.6216707773348247,-0.7074031626532201
0.6141032400469857,-0.6672031823423518
0.6164396321366481,-0.6102114264552456
0.6249724835815118,-0.755783806782193
0.6345548195030285,-0.747057615600039
0.6403503077098212,-0.6334693853091987
0.6392650857396415,-0.6697236433400462
0.6305872935044642,-0.7116039146615738
0.6157446375487403,-0.7229910557895015
0.597486688101537,-0.644807409275734
0.5790000191694553,-0.6163729950543743
0.5633426809191137,-0.7264090679693173
0.5532379979418192,-0.7300564345722916
0.550978937164535,-0.720442701861476
0.5581545914521724,-0.7083662285054202
0.5750884354872102,-0.761455009669009
0.6001450607738714,-0.7234491896401756
0.6292816565048744,-0.6546091572249645
0.6562618033860712,-0.5202971460415027
0.6737666848128216,-0.585437287195081
0.6753077941259247,-0.6991176466639183
0.6574669774533424,-0.6763372682323284
0.6216676471425338,-0.6778423734750003
0.5746005831937311,-0.6555403351596228
0.5267811672864213,-0.6238414045907295
0.4894736033441699,-0.7307593864674271
0.4710470344630342,-0.5277468533390682
0.4742510151897994,-0.7154098865679623
0.49558802751572373,-0.6851494739945504
0.5270047853535066,-0.6251067267300628
0.5590370328149475,-0.5800104098979774
0.5839561762203398,-0.6674552883457112
0.5976882014582872,-0.626968462551742
0.6000749039117297,-0.6869865151438823
0.5938696696496322,-0.6560381440747214
0.5832700090447507,-0.785017192781283
0.5727060086911797,-0.7166607148026144
0.56620275136401,-0.680395112359639
0.5671785129501041,-0.6296696061789115
0.578284174440328,-0.6304241821302969
0.6009643796553048,-0.5264143052347858
0.6347445901452657,-0.5904983265291138
0.6766000728627224,-0.6536061967029658
0.7209312275056252,-0.6444048025739794
0.7605101329022357,-0.5783838176648394
0.7882871218040264,-0.6580833865259639
0.7994315323673141,-0.642698958536968
0.7927930842600793,-0.615271962410537
0.7712024506946462,-0.705669862113468
0.7404821469173585,-0.5893426418775051
0.7075058900318003,-0.5739016977617899
0.6780130270616795,-0.6276741636477886
0.6550195855285397,-0.5225585396166182
0.638437058163941,-0.46923346938394966
0.6259673543725108,-0.617430197695948
0.614759307026284,-0.5972235637062111
0.6029966115032066,-0.6429645285692944
0.5906947621422336,-0.7561195748303035
0.5794432765639679,-0.4978079945465771
0.5713804402359872,-0.7149791014905666
0.568028956186345,-0.5868753556621291
0.569583169411006,-0.6232802824006637
0.5748983503194056,-0.6100745371106495
0.5820556527300487,-0.5162665090669271
0.5891888062416134,-0.5756159435140402
0.5952653839907627,-0.7028084485087782
0.6005748025626162,-0.6508871730792553
0.6067223308338783,-0.7322834092160607
0.6160521624096866,-0.5911740303622373
0.6306860432490975,-0.5293060210608127
0.6516212789684984,-0.5202595580168217
0.6783470357265711,-0.5754974707151456
0.7091702348103666,-0.6167138889656315
0.7420737419351269,-0.529174775480575
0.775653466758177,-0.715704975907343
0.8096368847089694,-0.710672430303775
0.8447525692814142,-0.5379699222288068
0.8821513205121398,-0.5377651025779338
0.92282148283149,-0.5071600958312914
0.9673063805825383,-0.5149108024006376
1.0157004041358948,-0.615662481164278
1.0676951929289962,-0.5780397282181498
1.1225213781547798,-0.5036970518673503
1.1788560273156672,-0.5771910677581369
1.2348776928879237,-0.7395904045237165
1.2885369671906306,-0.6839973517353071
1.3379261412687509,-0.5469861907136532
1.3815864515512037,-0.5753356143049487
1.418677617374482,-0.5203277194200446
1.4489773940378394,-0.4242830338533433
1.4726406378209742,-0.49348180273896675
1.4897096868833275,-0.6706812995933613
1.4996126481209133,-0.5607008012650113
1.5010528235451772,-0.42437900873769285
1.4924821534792605,-0.5301444938502985
1.4728892609155175,-0.6616348617593629
1.4423662332399951,-0.6659335732856901
1.4020918501673156,-0.49710117302502127
1.3537929597527176,-0.5525079561222881
1.299048726118308,-0.620142579536439
1.2387911487004852,-0.5676646797483935
1.1731395068134354,-0.6349232530224012
1.101529413484308,-0.5390697641262273
1.0230931781810415,-0.5420113678323769
0.9373425470592943,-0.5578312471136158
0.8451776756996059,-0.5378578949652844
0.7499610800396894,-0.47254398058276315
0.6580489165987127,-0.5476787090426963
0.5781832047974976,-0.6031286361926902
0.5196763457598572,-0.6674769162735434
0.49001303247628014,-0.5392037136748468
0.49283174555087605,-0.5643453120240135
0.5270130465319441,-0.5425710778234895
0.5870079742893243,-0.5760064554865294
0.6640046476824852,-0.5979233179050458
0.7473476274343189,-0.609215761728421
0.8257932845199695,-0.4968289932486697
0.8885154891427505,-0.476867633639371
0.9260507255298381,-0.44800236672397126
0.9314237455136642,-0.5774809013393225
0.9014904519489039,-0.6023505727088241
0.8382028849945462,-0.44618558891083643
0.7492402682150012,-0.44087734053853017
0.6474302486354775,-0.489829274317127
0.5486852818285233,-0.47043388707817474
0.46871840635663486,-0.492165875340608
0.4193541530255468,-0.5375593719149658
0.405585125064189,-0.5588824008632404
0.4244922080821235,-0.4791291478302328
0.46663699573030737,-0.4901150661908316
0.5196000597448324,-0.4814478503737282
0.5724143120167686,-0.44421957930118416
0.6192994586283629,-0.5738961558486642
0.6614682639839147,-0.6265029112093671
0.7065011474246439,-0.4300745088492662
0.7655136700530176,-0.4346030939336246
0.8489086998842705,-0.5837839929271643
0.9618518125723202,-0.5344965304080669
1.1007228990141216,-0.6440025494698305
1.2517021453814694,-0.4811585084095373
1.3923397957953112,-0.4712209687820164
1.4963197343013874,-0.5603843239976755
1.5404861274925579,-0.550225122281332
1.51180422614676,-0.4938550431562623
1.411354517954299,-0.49312116943840056
1.2537340222274165,-0.4681633031399577
1.0626751843418636,-0.4960291178679876
0.8652767969454784,-0.6418051867325696
0.6869469430783756,-0.6008462729747778
0.5478334828567911,-0.47910479251800686
0.4605177876212009,-0.5442279213606084
0.4286455914971382,-0.5724862204528951
0.4466661856130316,-0.5174626504690678
0.5012448117247701,-0.565134715945283
0.5746222668555263,-0.5549828049681583
0.6492474100334342,-0.43563447940567784
0.7121394185929828,-0.482649293233991
0.7574134393941043,-0.5230636231186453
0.786221872052645,-0.60054689236708
0.8044253889013926,-0.4214163064330828
0.8191164561790929,-0.4126120258640108
0.8354340738094324,-0.6196105109566766
0.854823688238289,-0.4345777439303933
0.8751530898204656,-0.3594048541889429
0.8922951589699628,-0.44958990148023126
0.9022856516432467,-0.3362889385268644
0.9030736101997661,-0.47779543113600126
0.89518234672975,-0.6631743507025872
0.8811809270252305,-0.5228361587227847
0.864440094941901,-0.5915381145117227
0.8478809778908833,-0.533091440555063
0.833254622004139,-0.5090786360476771
0.8211162176499404,-0.5026864676829002
0.8112999097480469,-0.44097451074483973
0.8034998258448408,-0.43202549512187555
0.7975918618014066,-0.48708870570906815
0.7935509012702833,-0.6254915520308586
0.7910933221460525,-0.4200706019533359
0.7893600685315243,-0.5257093880619493
0.7869600617794488,-0.4679115162114763
0.7824994626242155,-0.5461218148345166
0.775416792479456,-0.5051248793043065
0.7667227575759742,-0.48601174747788606
0.7592675126792026,-0.4455903151094922
0.7573793066876482,-0.5223365425750616
0.7659574773450297,-0.5194091590700384
0.789263060384809,-0.5200700790334895
0.8297363281420062,-0.5071417749337237
0.887185179088645,-0.48193758637202383
0.9586140013576051,-0.46569247767167365
1.0387830873415116,-0.44520360702592937
1.1213290690253064,-0.4212922227736263
1.2000518905988489,-0.38109658240847827
1.2699302326115116,-0.5146351187770916
1.3276104128262771,-0.4414468272898226
1.371415895933083,-0.29619848770193014
1.401153528186468,-0.564201784028726
1.4179848694923298,-0.43083976466784124
1.4243785231937238,-0.4743807857115034
1.4238902968056135,-0.39660098383323295
1.4205347327154902,-0.486297118215717
1.4178553412666683,-0.46230003466055525
1.4181694120953932,-0.4204817837543364
1.4224903121287036,-0.48520915208381465
1.4312133744111866,-0.3945882389778291
1.4450774805314044,-0.4587271732055347
1.4656602416886122,-0.43251452531527557
1.4949605536781345,-0.4120515432197926
1.5342253252778524,-0.47071519645107096
1.5826495192851433,-0.48541132927897795
1.6366934496701329,-0.3406447201044866
1.6905399513306252,-0.3597682127537977
1.7377353787863061,-0.5491323436768302
1.7734545201470198,-0.5353760311593847
1.7963934231141376,-0.56340372530831
1.8093555546480076,-0.44627282783121736
1.8182140826457722,-0.43069169325657947
1.8297555014573077,-0.4911160062971849
1.849404011044689,-0.2570045989059884
1.879717357128944,-0.2945000581857414
1.920033555334728,-0.3942636945868859
1.9671378188189963,-0.30621601575569496
2.0165262124022005,-0.4177691382858195
2.0637570685906947,-0.4631353101037038
2.1054561135999816,-0.2819887481656673
2.1397520754122628,-0.2112965014528599
2.166188349190914,-0.24393113757054763
2.185344543194998,-0.28158729312180825
2.1984132578030624,-0.3464908626935363
2.2068527363382873,-0.271912441964827
2.2121288660151386,-0.24880507057959164
2.215565118847694,-0.2460948304378093
2.2183420780611858,-0.3317909062760757
2.221605011164681,-0.18145113762613221
2.226522756336923,-0.34432012031720594
2.2341680734429885,-0.2939341812104036
2.2452597468781903,-0.2208983828478933
2.259932424936089,-0.17414159157695694
2.277656053270443,-0.0971416945647734
2.2972895280118286,-0.15724604212696675
2.3171618058265158,-0.1896070713476316
2.335084734120526,-0.08676207019249303
2.3483193691871307,2.892249449646865
2.3536967485000586,2.8028488434574435
2.3481745335537885,2.776927097552233
2.3299199276322606,2.6935164392584094
2.299591813242893,2.6968764082968306
2.261142927152952,2.8664528197954797
2.2214786764866012,2.879712488861231
2.188759426000991,2.905582157782976
2.169803730417133,2.7813094234764457
2.16758695650077,2.8133549533248208
2.179918237261372,2.9007742884874967
2.1999178744665846,2.9881796160763545
2.2181445888221027,3.2476992967076757
2.225560724589067,2.9724753803177975
2.216239962701184,3.3185191558529343
2.188858124828044,3.2068234838088814
2.146516612507444,3.21035660841146
2.09514250634707,3.332123452580708
2.0412572787870253,3.4656094913575104
1.9900765619389467,3.4752577490408623
1.944669463325445,3.636938020938882
1.9063450145858816,3.74058476495627
1.8757557884345302,3.927282051617514
1.853809216967491,4.100270076887129
1.841693127673857,4.247065410256359
1.840043592305979,1.6675259894731904
1.8479385607838934,1.5936975070575428
1.8624749402814802,1.5538707681364
1.8792035407386112,1.5789403563758144
1.8931212575954013,1.6600244211591364
1.8996790001310786,1.3526558995579276
1.895423310799369,1.4178016850904251
1.8782271298559705,1.529298730295648
1.8473232975274503,1.5066237548279864
1.8033917628776384,1.4695233677224693
1.7487707232851402,1.4111257604075453
1.6876037815865554,1.3701383621610643
1.6256021709711717,1.4190001781932515
1.569198995894938,1.3149334075253085
1.5241330655631855,1.4204298685980203
1.493786472083657,1.1875267809977061
1.4778235719350032,1.2901180993303167
1.4717529573365493,1.260664513918047
1.4678215536780757,1.311677887035845
1.457118042604782,1.4671194541392218
1.432162667237892,1.4417144030779299
1.3889913728549579,1.473690339371737
1.3279935547462134,1.6512703868399183
1.2533620693609058,1.7768101577103261
1.1715997296792227,1.9695592598521319
1.0897975608132446,1.8133172097987738
1.0142780334083212,1.9138579847219392
0.9498475476568323,1.8603914727314947
0.8995760457603836,1.672365724577556
0.8648550469564532,1.442282846848711
0.8454952847554355,1.2391016917713569
0.839779816456489,1.0436878487368542
0.8445856385292758,1.003453694337449
0.855762521929018,1.0706438593177603
0.868833530964665,0.9211313170258448
0.8798729078869189,1.0119501060184293
0.88631741291753,0.8765065232975919
0.8875225033709732,0.8797308985044825
0.8849568736179578,0.8714476605940605
0.8819409476498958,0.8010118037786392
0.8828320492940104,0.8348548239820803
0.8916735317953097,0.846979391653627
0.9106212527745704,0.9166977069461189
0.9387899535832127,0.848122367432438
0.9722029172187195,0.7179188732276575
1.0050948845324474,0.6251731696837519
1.0320913787266972,0.81012372092329
1.0502154988610304,0.7040547192124084
1.0596778020674456,0.8826304089953203
1.0630631933058285,0.6381080097900964
1.0634416986095,0.7081000473094532
1.0624992275889678,0.7960119769691145
1.0596853768949872,0.849883719709546
1.0527498727663362,0.6623887011368793
1.0393010251309136,0.6869329727428907
1.0185326972277364,0.7208412241430279
0.9921829520090449,0.5997123695408875
0.9641274934108374,0.6412820181510511
0.9387059659438872,0.6384853207665094
0.9186318904826051,0.7512287994134663
0.9036761819240767,0.5928623988136007
0.8909661369035553,0.5983491421493763
0.8768633078773521,0.5447247353420033
0.8594643102076762,0.7040714149949673
0.8403641318809549,0.478723824225239
0.8246954937221042,0.5030920493355405
0.8193590396886747,0.5372934177649039
0.8302340441645851,0.5671106340065241
0.8595846072602609,0.5173521292867084
0.9047453678324886,0.44205666509372143
0.9585975624856763,0.6410522022198768
1.0115706222539285,0.5555254548989806
1.0542822913305687,0.3328792094845429
1.0797996709112512,0.50877749872543
1.084890954094698,0.5109468831804445
1.0701947067879107,0.49203783084414465
1.0395927278393593,0.40941467557930517
0.9991579212686021,0.3781671133629863
0.9559800785203478,0.28121423322797334
0.9170458794172488,0.35308706167553033
0.88820895441035,0.3432752366768061
0.8732061798387318,0.3233371322337952
0.8727724899397177,0.4805146523066165
0.8841729113478609,0.30836069476903216
0.901624059925554,0.49907231451939427
0.9178030897927404,0.26247124364827773
0.9260507363002568,0.25832253613782163
0.9224424658777677,0.36013946321035606
0.9069408911397525,0.273026766923964
0.8832642761388722,0.1598815018977695
0.8576157963138921,0.372444309730627
0.8367666298304449,0.3597092264643864
0.8261068137781886,0.24208179001665533
0.8282480931234613,0.1971833779110084
0.8426161314096258,0.3284957098031548
0.866157265484786,0.2724037462604042
0.8948409313267621,0.38779513927694786
0.925253481240432,0.3289039113871194
0.9554970849194392,0.41220934605438647
0.9849610566598719,0.30614596641589076
1.0131882599628634,0.20193945893453552
1.0386131854651235,0.3810369325848077
1.0580159081795695,0.30874268702439117
1.067106659315436,0.22184884713066289
1.0620654561305822,0.23558310558370402
1.0414279598902125,0.16789019103569808
1.0075477401722983,0.21831175459618657
0.9669774753617064,0.09867689183948229
0.9294414509362995,0.13748598871831882
0.9055259532749913,0.23583226923447884
0.9036979194545243,0.05586069641927651
0.92761884582196,0.22518488839773065
0.9747240984914171,0.1280529400270286
1.0366035511324765,0.17575266870390818
1.1010584094832552,0.1299570689071004
1.155154354168925,0.13895351378699686
1.1883384206625776,0.11249429018016596
1.194758414965307,0.00393143766533981
1.1742549965329467,0.10058882738240145
1.1319478100213562,0.228256789437741
1.0767230022002348,0.0636120771462998
1.0191336533823996,0.13628233209533228
0.9692393067743711,0.17003533839815504
0.9347869716227362,0.0833157211818291
0.9199578101619369,0.14785193682380834
0.9247775361117838,-0.16953329568140652
0.9452687136451065,-0.1815672627145296
0.9744107709060742,-0.3290434342403412
1.0038054700836725,-0.13629661090140963
1.025663599312111,-0.2724370047791151
1.0345798668435655,-0.2573520804633863
1.0286631331332545,-0.3776636903167203
1.0098136086718454,-0.24635018053956417
0.9831553188591529,-0.4145377444800323
0.955797443180391,-0.2609603224125652
0.9351881078243593,-0.24808086728402282
0.9273807905933499,-0.3400076923693432
0.9356216736948729,-0.16536899873469182
0.9596670724174322,-0.28250688016212916
0.995979317916155,-0.3280722925189804
1.0385706774629466,-0.3109959744027906
1.080109482019759,-0.31295821238141097
1.113046771566985,-0.2324682616437851
1.130737576803107,-0.20298488138432774
1.1286005073386993,-0.2865766672950266
1.1052293002094609,-0.32654925465798207
1.0631403797303325,-0.29803575081518313
1.0087175398215371,-0.4421437138142921
0.9510774875204732,-0.18603732592513356
0.9000146663752473,-0.21804671564468725
0.8636449307850127,-0.20580552918503317
0.8465409265427792,-0.27519172447180457
0.8489219788168648,-0.223733667905475
0.8670081768369621,-0.22719384915703128
0.8942533390277829,-0.2656915571320993
0.9229876217422875,-0.33780091292402786
0.9460269069830916,-0.2566397975983245
0.9579533353904929,-0.3235003333377075
0.9559104647028098,-0.2297252246786501
0.93983668204132,-0.22856839600177142
0.9121646137503936,-0.12049303492790712
0.8771744508333157,-0.26552115882969757
0.8402590330378922,-0.2907860541382726
0.8072191696474874,-0.23324260312806566
0.7834909767965255,-0.2305079151557511
0.7731747541997118,-0.19526926551372725
0.777974153308116,-0.24013063424598122
0.7964759793474308,-0.25475997219466173
0.8242996081181353,-0.24102921671627936
0.8553301501120234,-0.21558300234423955
0.8836513674858673,-0.25937079576236755
0.9053546992020629,-0.3267343617464739
0.9194722290607615,-0.24983133241035324
0.9277552407221606,-0.22392801161759607
0.9335077677269265,-0.226333324428121
0.9399624929748673,-0.3708506706454206
0.9487924213726774,-0.1860482989041352
0.959345079661723,-0.2687093792572742
0.9689938523629438,-0.2315817330156548
0.9745504296004118,-0.14798983337256896
0.9741182963440026,-0.23321605119367358
0.9684347011965939,-0.2505897350774119
0.960921370963459,-0.25427035003376885
0.9563136426142971,-0.10650161228570942
0.9585182783355357,-0.29919957107076484
0.9687915508254383,-0.3109038651231934
0.9851517963405122,-0.34409335352542836
1.0032654325627246,-0.14285078588614084
1.0182910621654093,-0.291719139367649
1.0267473205495647,-0.26439347420094206
1.0275566921001633,-0.24124006906393242
1.0218865610504062,-0.260837390806051
1.0119881782441382,-0.24124940760711083
0.9996913640337531,-0.16417560691812888
0.9853794700085451,-0.3150737388953386
0.9680155337872421,-0.2833977425309687
0.946181420815733,-0.27563504760765123
0.9194840597615062,-0.18141518798558381
0.8894744450249055,-0.23992472180046495
0.859532752287595,-0.17061055763568223
0.8337788250208802,-0.17567768252751334
0.8155965812728274,-0.3026852889034421
0.8065354755389773,-0.3037078830179636
0.8061347189023524,-0.10379119963141481
0.812738334692534,-0.3321211096458756
0.8248275674349643,-0.30111159515436975
0.8420527425351487,-0.1929139217430417
0.8652533871788264,-0.2778240462818114
0.8953421864020908,-0.1459644784299705
0.9316783592063133,-0.21433867993667644
0.9709805168950465,-0.23440905978937354
1.007619299121713,-0.08082444334983267
1.0353799770847405,-0.2185246643081844
1.0499315627180097,-0.4237755034636119
1.0507953592578823,-0.2796075318877677
1.0418238613608817,-0.17594865037986115
1.029919021138513,-0.3179940360898427
1.0225518144794856,-0.24638893124550962
1.0252157217903604,-0.2506222228729344
1.0399683158730257,-0.2460412836445407
1.0656288130336335,-0.1777313375168121
1.0993155735327977,-0.35016169921567997
1.138341111704823,-0.07675239129230643
1.181395245875179,-0.2667762145457028
1.2284644995576541,-0.2093392555613795
1.2797571827258607,-0.20032575455161383
1.334512207063287,-0.1823501766770078
1.3905518802694785,-0.16939003401222727
1.4448586230645462,-0.3078271335727866
1.4947925193676066,-0.22097417425531798
1.5392358208482093,-0.16270684545771813
1.579018780853418,-0.17803366307535617
1.6163155368016136,-0.2611207706859805
1.6531631877781192,-0.25969598377870606
1.6897055103687308,-0.2858776193685679
1.722989204536248,-0.20180387584515022
1.746976828739606,-0.20894870073184782
1.7539280899600391,-0.19864869795469
1.7367088405773594,-0.22498114065387936
1.6912211934451298,-0.25478944589465197
1.6181423060291,-0.4185266198929156
1.5234227206736282,-0.30394765884061536
1.4173500327634034,-0.2782337397884938
1.3123429269910196,-0.06589409464250187
1.220014597185281,-0.2379740715301765
1.148376741321858,-0.36804113792761806
1.100123079006625,-0.15792935076995898
1.0725450530534255,-0.21819552167563983
1.0589493904728022,-0.2867123319807126
1.0508963229374815,-0.24485039198390565
1.040440061963562,-0.2193526883208387
1.021779492869642,-0.2177017972890648
0.9920961777133411,-0.24226051181174527
0.951656166692929,-0.18415941626966878
0.903374158099683,-0.20144757895952023
0.8520247217682537,-0.3031986720423326
0.8032471341124283,-0.222342636696498
0.7624651807809275,-0.22239902157181346
0.733807735243344,-0.3349791492693281
0.7191196431724041,-0.18353241787180952
0.7172742728668862,-0.19359569903147753
0.7241579576554462,-0.19283451943561025
0.7336545658201791,-0.20124708605421038
0.7395728629019461,-0.2475187141157596
0.7379030913569553,-0.2335260033701465
0.7284617298887591,-0.22348576853473265
0.7151493156123058,-0.22020130594694795
0.7046055305770889,-0.19780242518851673
0.7036792293523486,-0.3389576877632741
0.7165777921588499,-0.1601262015674609
0.7427361042188272,-0.18695172833433707
0.7763449610475655,-0.27498849369560746
0.8080156299831428,-0.232137485770763
0.8282076287862745,-0.18068030104573005
0.831183717590061,-0.2897940097880455
0.8179564090772135,-0.17041929235365763
0.7971200918949723,-0.2292481141197939
0.7832671453007255,-0.16776266464013334
0.7934132051778979,-0.21220362552866073
0.8422771934854008,-0.22730350164317184
0.9374235533581184,-0.3503764737116697
1.0753743591010851,-0.18527104210772932
1.2399291311684641,-0.26704819186562384
1.4038763571173785,-0.2022408368552232
1.5345976633479408,-0.26077004930139386
1.6025169983359517,-0.2512066889735461
1.5895341773571525,-0.26138172772575574
1.4939790454678497,-0.23420310072471434
1.330200213866171,-0.14209635472817458
1.12362505829823,-0.20587941414849523
0.903862275191801,-0.1477440309711268
0.6983144599826188,-0.20859231080784976
0.5276778741960895,-0.2488765543659725
0.40368231658955267,-0.31037201547039656
0.32885293929325854,-0.18885022919014344
0.2978986799192429,-0.29350149425570166
0.3003327040657603,-0.08235384981403134
0.323833310140213,-0.3707414556073805
0.3575448403532352,-0.11698297598916699
0.39430783988496254,-0.12852814629532397
0.43114113514229546,-0.10727595513803212
0.4681000157555708,-0.1760302208519249
0.5063274676181075,-0.18827594535806644
0.5462808488920394,-0.10595927009651332
0.5867976105081745,-0.059833857395794894
0.6251488675761538,-0.21362323816287074
0.6578138739996624,-0.201905211407683
0.6815613105155129,-0.20299949007826196
0.694491985643491,-0.32552300933573775
0.6967820285336519,-0.10004931693925603
0.6908914283276828,-0.16621967816818825
0.6811080258293911,-0.25989805944250854
0.6725473446426107,-0.17909311705611364
0.6699385140804324,-0.18108755035285623
0.6765107248171481,-0.20008478810145156
0.693136602715025,-0.23121563744169935
0.7178260363248078,-0.15646983441817705
0.7457640153336282,-0.2575516385654104
0.7701323680414054,-0.19768294880811327
0.7837191418180944,-0.2595100895498569
0.7809003741927458,-0.23563844654442756
0.759326261277616,-0.2621504633190889
0.7207427900340543,-0.253372036277586
0.6706979951265779,-0.15898470800669035
0.6172223249778118,-0.22739733500025017
0.5688756731860427,-0.11497580251105038
0.5327940830575683,-0.3046663052134581
0.5134097199115457,-0.21586582237786883
0.5122164190226743,-0.17068161730725476
0.5284190954400413,-0.0152395283436277
0.5599012333406654,-0.20890529818934928
0.6039517343388598,-0.2793016010360178
0.6575471848195027,-0.32192735764297553
0.7173715886361947,-0.12752623182154316
0.7798981760086701,-0.13184862932353356
0.8417244912138956,-0.281861034471476
0.9001088931926823,-0.1868633429189072
0.953486631894867,-0.1784439843454279
1.0017139834622963,-0.28001166742101447
1.0458637683909033,-0.19161140002284938
1.087548112626498,-0.20818728244198478
1.1279798870714617,-0.12576652517306172
1.1672143117534208,-0.21778273339908666
1.204024439972831,-0.15488253507877572
1.2365391389044698,-0.18373274444235813
1.2632938718943092,-0.22333970451828908
1.2840838396137189,-0.1287166826232668
1.300168001361533,-0.1564165589605806
1.3138093401602857,-0.27499385339130994
1.3275257216976408,-0.03229120143622061
1.3435161746995807,-0.27681921242082325
1.3635024689214998,-0.09103371019720406
1.388888138006155,-0.2539399747866687
1.4209274374128131,-0.24580646347166346
1.460632965295235,-0.3502619625833025
1.5083925568728263,-0.09685401636905952
1.5635250633114526,-0.14946991491370543
1.624064198001114,-0.16312576135283266
1.6869033967463807,-0.11071396110151102
1.7482523505267809,-0.12083855923219548
1.804279147319735,-0.1420087325998829
1.851803493827986,-0.00873147112110495
1.8889090612556458,-0.0013877851693056913
1.9153565848399936,-0.2124498591105343
1.932702117541019,-0.12620426690189407
1.9440470852966736,-0.16000063037631887
1.9533832404515783,-0.06711976606210214
1.9645829349761237,-0.04676396537502797
1.9802480818951096,-0.05299032674155562
2.0007990267053755,-0.1882124663626722
2.0241928778724576,-0.06801284985709319
2.046447465296578,-0.0802372662061734
2.0628462300162713,-0.05177549124580329
2.06945712136816,-0.18968672320880514
2.0644605579401176,-0.06442109931567017
2.0488048969040236,-0.001084379221942708
2.025965335214333,0.16702306653814122
2.000985451986205,-0.11552609770880366
1.9792708169402358,-0.07944463392501859
1.965589882317841,0.09472208308467717
1.9634591934512409,0.04947652587985711
1.9747686585683486,0.03403957188964938
1.9994070840210831,-0.019803086818650388
2.034888394715781,0.0598467848024636
2.0763186357268983,0.11497121290972283
2.1170899395407208,3.139110159315977
2.150334488793227,2.98818127465642
2.170696665410815,3.1424574582451283
2.1757329377193915,2.953564417662147
2.1663650559592,2.92754129808213
2.1461901828872776,3.1393207445283617
2.1199017676335417,3.0263746246099927
2.0914469259612574,3.1787931107356338
2.062698691999697,3.0240598597886743
2.0332265253817665,3.0607744454455506
2.0012372717447535,3.13339508426272
1.9651869495584056,3.185596153274162
1.9252450471440574,3.1433064574510756
1.8838725890363048,3.3212711410849627
1.8451923129098633,3.4362264815466124
1.8134192186432379,3.443372393443565
1.7911231507334517,3.361623830211906
1.7781917093370043,3.5245755849791585
1.771941691117708,3.6414450747890506
1.7681795445577828,3.6809529719371428
1.7625740781638215,3.8615052761931756
1.7516946823973232,4.04348165847559
1.7334076146671764,4.125405473939531
1.7067538616476303,4.333734664953519
1.6716722605037737,4.4694697839418644
1.6288765381580168,1.7428942260006206
1.5799685853467982,1.7760978873652928
1.527640535679203,1.7542041335581762
1.4756731036635888,1.7625125661302934
1.4284374317568223,1.6172510804413476
1.389815080175825,1.538794580180524
1.3618377347383452,1.630175021868228
1.3436940193522542,1.6160839468328914
1.3317413426647482,1.5455733316635467
1.3206991543886546,1.6394166624007618
1.305563003652898,1.484662070197496
1.2833846525238752,1.6209067249897384
1.2541430589912512,1.4359846262838032
1.2204048434910586,1.443759385972954
1.186028550616073,1.4878333852116832
1.1544949735150298,1.4068047591066444
1.1274730886744475,1.437762695043504
1.1040814823524039,1.2573789206729769
1.0810813303308795,1.3744929070821839
1.053952459800141,1.4281886490491529
1.0184894034536096,1.570000808519272
0.9723438511591433,1.7257534617636532
0.9159856240279691,1.9726114408606539
0.8528256491296609,2.082717646591496
0.788528451091679,2.0545797154900054
0.7297092490310763,2.122102404241953
0.6823214480801312,2.154335593495618
0.6501404668536019,1.9138141479448998
0.6337761776105415,1.6928488001843014
0.630549612506317,1.487595497034692
0.6353410384038157,1.4757241499084646
0.642166738630501,1.2205299055902008
0.6459271042362011,1.2261714870091953
0.6437364202754465,1.013895871266365
0.6355027773220524,1.0353156118460953
0.6237198581573024,1.086813419655802
0.6125988155566804,1.0428882746561157
0.6067491978163995,0.9096314617913688
0.6096763063162316,1.0799286617854154
0.6224249700323728,0.9958983270832187
0.642769657568196,0.8577095974302251
0.6653501726626294,1.0528398019509524
0.6829619831517888,1.063710530726721
0.6888132052216651,0.9964131042063188
0.6790856146566908,0.8798832342521601
0.6548105471753514,0.9157838809130032
0.622140758580283,0.7994142456096066
0.5906703122301747,0.7243419674752517
0.5703040531227968,0.9410992125380178
0.567851167791436,0.8653821992355707
0.5846710860382307,0.727872868644625
0.616292633959824,0.8377007289356432
0.6541360278777961,0.8791013428736508
0.6885965902595526,0.692259997427955
0.7121789883621467,0.8263419844215456
0.7214100485174063,0.7677805713294665
0.7169208500345249,0.8326105772077159
0.7019913090190264,0.7690170236010041
0.6804652196511408,0.6401875934477834
0.6550334928187995,0.7253833399781
0.6265666188911555,0.7614283219661023
0.5946323121866806,0.6765933092063794
0.558717368985691,0.7553235251699304
0.5192919323759884,0.6461992250533022
0.4780443275681955,0.6748770985272251
0.43728704708634447,0.637352003113445
0.3991195255407586,0.6287407674024353
0.36497004938077615,0.5645209808089023
0.3357400659646932,0.5242670953989299
0.31236554700298824,0.6341941390172274
0.2964239625368965,0.4792790304394698
0.29040727863258353,0.5112324742020967
0.29738578884020084,0.6451383299090945
0.32001762651479315,0.48536368076415076
0.3591696700131799,0.29058333933201513
0.4126655970915726,0.6560170841204928
0.47474049021504616,0.5567822838964905
0.5365986378015478,0.5412893276258315
0.5880680165063246,0.39311916110280454
0.619887429603969,0.4175897572127964
0.6258972333898449,0.5524111103194725
0.6044761357368098,0.440260561189914
0.5588968449773576,0.4568844354936496
0.49664416947005763,0.4901221004809182
0.42798670589651644,0.33874411122872666
0.36418005171636914,0.2736061888672527
0.3156356550700351,0.2989837066989456
0.2902909400050052,0.3769159109632503
0.2923557126519659,0.30178015196592106
0.3216041150197654,0.3718417299002436
0.37336668201361356,0.36340895053981226
0.43931293362109625,0.3271393188661559
0.5090160798468218,0.2601428091142729
0.5721341937856748,0.41537040956918025
0.6207651786666057,0.3840738059165956
0.6512415211574505,0.1928325494391421
0.664639713112076,0.189022711335564
0.6657508122725264,0.32970728836007496
0.6609360565568762,0.25970592867559744
0.6557468044353276,0.22456411843062474
0.6532058460399737,0.15166967640055667
0.6532876517473822,0.2733719124490019
0.6535974440434548,0.3372842994929723
0.6507844537377674,0.21701793709595485
0.6420403303528008,0.30922809732910944
0.6261429341914845,0.3584329702277789
0.6037547997623096,0.3864026505620369
0.5769683630362805,0.2760109503444447
0.5483974317691089,0.19787068190869278
0.5203489059188711,0.3395445478155634
0.4945511801628356,0.28338851539399845
0.4724992186935202,0.19140817321784562
0.4559860971616042,0.24607267406310365
0.4472414664601586,0.22949397682376527
0.44841453323725267,0.13707640748288208
0.4606400788617989,0.1378839106946656
0.4832113013502026,0.039835165530150714
0.5132911302033019,0.13994244694204785
0.5462812072593876,0.011602360127308335
0.5766997063552548,0.1650772512118346
0.599308408579046,0.2558830794672341
0.6102087170427046,0.1135866683867372
0.6076312550510299,0.08320198914153969
0.592203242022295,0.041231803691151
0.5666301930637904,-0.018499954657529866
0.534955149936679,-0.3023130947504956
0.5017629534172295,-0.38833025579114605
0.47169315072889095,-0.22559340541152859
0.4492988036484453,-0.42875030540834785
0.438858514631001,-0.3329827740763487
0.44367038343278553,-0.3068327988012004
0.464804919035961,-0.3645888845172905
0.4998922540481032,-0.29477599343991645
0.542739544914306,-0.21895328477693432
0.5842796290760962,-0.3210877545698182
0.6147815718886858,-0.33763315255317966
0.6266753978242104,-0.22240921482108772
0.6169593820762693,-0.27372625204766515
0.5881869939450574,-0.3406092979630587
0.5475663034381124,-0.3095005104468601
0.5045069335118275,-0.3762420047617999
0.46758323864507634,-0.40916546712445473
0.44206830982041667,-0.3593333651468591
0.4289001825063802,-0.33487181122964294
0.4252927007974858,-0.2628662875782603
0.4264883730628034,-0.13723446706361225
0.42773684360277775,-0.11703223111741752
0.4256457227352253,-0.3799246634497204
0.4185021575093708,-0.3311226317069011
0.40578742248429023,-0.33280191533273973
0.387578620280118,-0.30323366961278947
0.3644945775864812,-0.25995559603616836
0.33826455892890006,-0.33997501582016826
0.3123492898696616,-0.3957699898258443
0.2918956880690654,-0.21980207762741344
0.28276592320209815,-0.2752110646680789
0.29000375349872476,-0.28249965313566094
0.3163720400189918,-0.28921084968964994
0.3614428349333755,-0.26680725557613694
0.42145642147242934,-0.2826695224922653
0.48998057628231984,-0.24548900031268164
0.5592000669886654,-0.19399084414892442
0.6214254866955985,-0.43014175039220964
0.6703518912648058,-0.3467685160279238
0.7018281171211054,-0.3060321178538155
0.7141806113011031,-0.3645775847819286
0.7082223687256101,-0.33683439118046277
0.687011703855471,-0.3341135011105799
0.6553728768539775,-0.3245022664597919
0.619197875428228,-0.37821792187844866
0.5845764480265959,-0.1693623751500295
0.5568384999697877,-0.3021873544111907
0.539647155973106,-0.34911100018765434
0.5343085728094668,-0.4117669871479362
0.5394176766658156,-0.14266160386768215
0.5509034743844652,-0.2492466568005395
0.5625625149713616,-0.2752345919074043
0.5671849159964237,-0.33808670152606535
0.5582216140326213,-0.48302724950021386
0.5316519957677758,-0.3780588091695008
0.4874891679560174,-0.2595890650403695
0.43034622047243376,-0.48487034710114146
0.368723366769924,-0.3152396012828746
0.3131220071583841,-0.2236845340254169
0.2735482394048949,-0.3823531712953594
0.2571733393603144,-0.40639929878240305
0.266795442788354,-0.3508389792866073
0.3004331886435839,-0.4439302153434189
0.3520431829973675,-0.41924932353950994
0.413066521552489,-0.2422310507965985
0.47431017694130617,-0.3671100080449171
0.5276277131065659,-0.3906625568091613
0.5670452283648242,-0.3107481772726208
0.589294461677262,-0.19006455928965627
0.5939349230474866,-0.32762088886584734
0.5832313487119674,-0.47590863009545725
0.5617895856819906,-0.1709861682115514
0.5358331766372726,-0.4026345200285449
0.5120484119061849,-0.508829731650858
0.49614007437838614,-0.27594960079414277
0.49150556149327684,-0.33993531892387674
0.4985625122973,-0.4343329659786383
0.5151152269184778,-0.3190697475578381
0.537726076144621,-0.4046939026496829
0.5635424023860947,-0.44967954033942625
0.591710657542619,-0.30821217573416393
0.623648509466965,-0.2921321185205924
0.6620411610414888,-0.24810692581452315
0.7091482305343719,-0.2566174919328776
0.7654019287705283,-0.2714371726554837
0.8290792800817206,-0.286950992496697
0.8971404132358981,-0.33127624111438775
0.9665996752670282,-0.29763577626845095
1.0355528389346575,-0.3316605612305878
1.1033361547358256,-0.19866124634244178
1.1698829048709642,-0.3977288636898773
1.2347659975669893,-0.3859445497871637
1.2965139200726767,-0.3504231773374137
1.3525732615767723,-0.32645186725376346
1.3998792658659682,-0.23274857658689047
1.4356313602733821,-0.35090746714927534
1.457803886302833,-0.30414287487316377
1.4651868707266658,-0.38566812439301096
1.4571177958101602,-0.3135541713829249
1.4332506151542383,-0.2995996446438452
1.3936132615551073,-0.2827533398905203
1.3389434787828982,-0.2932947002463709
1.2710562386782667,-0.19813523971740682
1.1929244271119877,-0.3648111400001369
1.1082967712920753,-0.285916133115933
1.0209604520540527,-0.37554297836704786
0.933975647516928,-0.38707354471928274
0.8492046551897213,-0.32946847893939485
0.7673028217017511,-0.41505805299534587
0.6881904498333244,-0.3723743785483838
0.6118884321869043,-0.34905809794848797
0.5394245426648614,-0.2763059100114711
0.47338785887831836,-0.27116307448687543
0.4177654022391708,-0.3338641611805585
0.376955268789939,-0.35777982892591315
0.3542145312283729,-0.3466407598359544
0.35013298574802876,-0.35969252289021286
0.3618491756917305,-0.3587542078724408
0.3834739993140802,-0.30162774943897463
0.4076096200729321,-0.37894649734833663
0.4272890175657058,-0.30344691530139295
0.4374756225848918,-0.3531092315252735
0.43554639360960723,-0.3856927907971055
0.42075833477284974,-0.47842702278063814
0.3932623487537664,-0.4601918050898405
0.3534682619263261,-0.24108277998067584
0.30231383611670004,-0.3414833359619501
0.2423577835047276,-0.429270343872834
0.17895201604896427,-0.44174934488139544
0.1204592000917708,-0.34811440243794567
0.07681376961373032,-0.34031035825152145
0.056587144257204014,-0.349937262739588
0.06368709061293587,-0.3021154485990454
0.09534196643183723,-0.44593417199577007
0.14267963511083803,-0.41582901261657446
0.1940419254467025,-0.3315795684578463
0.23980888710401294,-0.4094680975038171
0.27676585466179904,-0.47682415160911673
0.31025341144483176,-0.3630272347957669
0.3531874337874057,-0.31694388478776664
0.4220729620318254,-0.412042994452434
0.5310936166839404,-0.3209652779203054
0.6860338497174117,-0.4205254026054123
0.8799682950756984,-0.4040108528039785
1.092280971099013,-0.2952092151455278
1.2918034608022477,-0.37136932530687067
1.4437659569019112,-0.27290665599573144
1.5188195745074484,-0.5195967409838675
1.5010367982757271,-0.38951886370906746
1.391711086627294,-0.4472256574072197
1.207734510767524,-0.4071104902984508
0.9761437049539797,-0.39863273297619206
0.7278117889541017,-0.3000253401070711
0.4924593894295808,-0.45726765284893484
0.2954265193152814,-0.3661746880184103
0.15550667350713498,-0.3564835483549638
0.08312143261432037,-0.4694462077972529
0.07884684248426421,-0.538468515076403
0.13305737509822002,-0.4136667674966387
0.22756722917290162,-0.37954493265304495
0.3394184540815066,-0.4914447526901494
0.4458782184763178,-0.4020364711149428
0.5290960400165265,-0.4767555784929893
0.5791170932476173,-0.3929568544365143
0.5947011922536932,-0.37927461316490074
0.5820971398045516,-0.4123201021302892
0.5523311066538014,-0.3499582551932533
0.5177860822604874,-0.44974627788868565
0.48898000118837137,-0.3457500721796538
0.472389139464905,-0.3875391920248353
0.4697756578023,-0.41534911176822886
0.478885856899837,-0.2654892667698154
0.49493883996825894,-0.386221073260206
0.512269038718804,-0.4635714803780738
0.5257383393884956,-0.5106573729905372
0.5318044834178983,-0.449549596129786
0.5292134790836873,-0.34531719960852675
0.5192173978621282,-0.4398711210558967
0.5052046096529783,-0.5278223167922064
0.49177494830302726,-0.5060049863331785
0.483493613301079,-0.445337221182519
0.48364340602329536,-0.4191626450715815
0.49324535965406624,-0.4270370856588282
0.5105694536872547,-0.4037109258786429
0.5313668538211349,-0.33619310333541275
0.5499628358205599,-0.4810844020492712
0.5610053086775416,-0.4058649672933369
0.561238180619707,-0.3904359601735771
0.5505547226365737,-0.4098444933917177
0.531943586035267,-0.48269334811614745
0.5104866824236357,-0.3962544501990887
0.49191280267462334,-0.4864968319894302
0.48123572996352215,-0.5066487975303686
0.48182387221928336,-0.4202149159390785
0.4950049925906077,-0.5585428952219035
0.5201286553434382,-0.4606615119766008
0.554955129967144,-0.4856011458290208
0.5962633866189151,-0.4316392555342435
0.6405822822586839,-0.36141727364788045
0.6849322904749056,-0.5211798707427816
0.727459842926442,-0.4732875483234378
0.7678539078398116,-0.402663846736076
0.8074304166650186,-0.46064580912596986
0.8487853082715582,-0.3998001067638089
0.8950099810116018,-0.5672201885967705
0.9486279228712166,-0.49370809469636945
1.010565815612143,-0.5299383141439991
1.0795132157501086,-0.40005596497501156
1.151909153969331,-0.4400335419459354
1.2226000475091252,-0.46018547062047876
1.286055567277553,-0.45600858508950454
1.3378953291682656,-0.4932987376156152
1.3762875388219156,-0.5426283133087211
1.402627534332774,-0.4311926221411782
1.4210603767684948,-0.4347104093848382
1.4369549295959447,-0.455362647269422
1.4550265012888857,-0.4193134892174968
1.4779787210376503,-0.6028487288647449
1.506186107262661,-0.49672373976088535
1.5383730552825736,-0.44346274297818633
1.5728155837323103,-0.360736884382928
1.608437159732102,-0.5026088361999197
1.6452801913251593,-0.3448770077600527
1.6841639949285732,-0.4339286136165709
1.725764642648719,-0.47006290725421657
1.7696563221402672,-0.4708893773274247
1.8138668918118512,-0.35988261001427824
1.8552237939095964,-0.3381588848229447
1.8903515991121704,-0.3609284324349735
1.9168347138992559,-0.3759560003149021
1.9339641341200577,-0.32449453265688877
1.9427266531776701,-0.3150372014401431
1.9451450448854746,-0.2427602808437106
1.9434382811936466,-0.2960519160836357
1.9394872401479912,-0.38777823254925464
1.9347730441361497,-0.37261087888006367
1.9305640773772046,-0.2988381963554055
1.927967740028937,-0.3847163713153947
1.9276544501340243,-0.5155484740211318
1.929434080571668,-0.26829389267822484
1.9320761296336513,-0.2619513756157297
1.9336233348121814,-0.19673356220600502
1.9321079451291783,-0.26311260963010735
1.9263418059969495,-0.26532488205819865
1.9164607544865362,-0.27768762242846
1.904086796616412,-0.1392061008229279
1.8921370146561476,-0.22132355002724113
1.8843067773224313,2.7264728589761895
1.8841700488040365,2.732429304613156
1.8939380120469593,2.767319266385512
1.913272937555461,2.782736686295957
1.9388434571592836,2.6310784324746224
1.9651276229542987,2.764234076277038
1.9863081950715666,2.6937526515778814
1.9984040641698186,2.665513252445071
2.000575251330109,2.7379807801282823
1.9950103305724545,2.9068021391621666
1.9856189397022408,2.754514755179863
1.9763108444089792,2.7615058393172154
1.9696138179931202,2.9097500529844043
1.96596799891819,2.9959903216001527
1.9636628952937945,3.0020417600278777
1.9592416072512164,3.034233734817183
1.9482030276941487,3.283296889999858
1.9258961172307274,3.2730408842629477
1.888565838848805,3.3577662712254006
1.834486965611642,3.488520411172702
1.7649853886443698,3.600748394516289
1.6850033291040245,3.5936257305744976
1.6028369490432275,3.818734830524528
1.5288261806260266,3.909248613281629
1.4731055716822818,4.189317069108666
1.4429294893572915,1.4002640514551055
1.440387547163238,1.526905555514921
1.4613615422915927,1.4878436699409248
1.4962575188683496,1.3346985222830539
1.5324371736032991,1.478597150260774
1.5576047725625655,1.312952126955355
1.5629881275233213,1.3924531087225236
1.5452314769922069,1.3620960467191672
1.5065132259037561,1.2370714428391199
1.4531770403302353,1.280287211565073
1.3936430027568683,1.2271673063605926
1.3363615070470902,1.1627528386524253
1.2882782771583257,1.1787710202041104
1.253959901804241,1.1770305332084248
1.2353054973292843,1.157883295493481
1.2316459079063806,1.1433342155005366
1.2400079041205836,1.2515301480949463
1.2554164567827617,1.0761583361000933
1.2712810074548564,1.136924939151131
1.2800358437965753,1.2291963970445579
1.2741761289701425,1.232179569575132
1.2476575381210235,1.3866179817299675
1.1973973963079065,1.4899805028751425
1.1244255302581385,1.7311046537113388
1.0341817978428127,1.7590685234574903
0.9356384107123636,1.5608606181522302
0.8393350904637351,1.7650110225386773
0.7548913796956718,1.3370259847472743
0.6888598626458076,1.2558169050480172
0.6437066330463868,1.129671225540991
0.6182174844790069,0.9861778762083031
0.608963673878826,0.7901017990352897
0.6120152389015829,0.9287065795949936
0.624106411838311,0.8604191955055959
0.6428609751556036,0.8025116683934101
0.6662174492632453,0.7364232350394176
0.6916029244878313,0.6973533550653009
0.7155111755956369,0.618096922640348
0.7338860188000637,0.6781226771583708
0.7432265794699925,0.5516619717623132
0.7418954638579859,0.5518388195100867
0.7309550956713673,0.7741917806812576
0.7140435045885429,0.5409804147956608
0.6962557920332108,0.6421073162907943
0.6825200566406648,0.5920227183475892
0.6762242805630827,0.4374134717147711
0.6786504665635443,0.5311201868223936
0.6892542669650688,0.5490110921822158
0.7063822846882197,0.4664293113035285
0.7279112954788794,0.5105040971067378
0.7515096988135319,0.4706957350835768
0.7745727553961159,0.49089536867448264
0.7941484877442758,0.388185275667459
0.8071914989840399,0.2949822139414779
0.8112312511954518,0.3864581740992821
0.805174552850236,0.48854500323916766
0.7897595610181827,0.4601668126272101
0.767329034453389,0.3477749899804721
0.7410066375531585,0.2975482233270051
0.7137393856706062,0.29027795761741615
0.6877251643572212,0.3891757643969667
0.664433029359993,0.17498979204079468
0.6450023338830153,0.29264129805256583
0.6306112349373214,0.14534830275475522
0.6225385930187812,0.13593583158073624
0.6219145871813501,0.2738361141051879
0.6293349789115067,0.3130386426679061
0.6445567293724525,0.20051693437630821
0.666447485957433,0.23229581055345466
0.6932225665494733,0.059554565970579364
0.7228135358822823,0.12109409850819602
0.7531516554763825,0.22054123269320539
0.7823139747684091,0.1412574552069109
0.8086868100497225,0.17910658581155922
0.8312747134850335,0.1654226756998031
0.8499997384406635,0.16181409330269322
0.8656052443147166,0.05610439436257615
0.8789373537016157,0.10934954883554447
0.8898937766232886,0.16334465877821952
0.8967672161339235,0.09444229617039294
0.8966273692021853,0.12237098994458544
0.8867602355178472,0.09162158193413858
0.8664603187382063,-0.023171338583376964
0.8381919434763148,-0.03987109551759548
0.8074689891972026,0.1038468918367936
0.7814366442278374,0.011400244475061341
0.7666752899532356,-0.0895400312237916
0.7670556045343733,-0.019046743263593853
0.7825359627011841,-0.05126054987616903
0.8094606161254788,-0.008988690833357288
0.8421727892078161,-0.024003722920079632
0.8750278448154178,-0.1784290990772537
0.9037482306434802,-0.008666786509799887
0.9256406908940934,-0.019682518412103365
0.939051226441551,-0.1222041097532072
0.9428999076105851,-0.058344739420565325
0.9368860998198472,-0.09652358856421703
0.9222562805419792,-0.013279868705919462
0.9024476650905827,-0.0602754941341327
0.8828498426587532,-0.10902536903656705
0.8694055574976294,-0.01412588506123791
0.8665150310608609,-0.06618316061218439
0.8752180880566506,-0.14681436411076748
0.8925437395245628,-0.08688677120555734
0.9123412511192617,-0.18706108121916976
0.9272704600311765,-0.21302750953489535
0.9312340431783237,-0.03225271920908029
0.9213905123412531,-0.06449160377558324
0.8989805443173415,-0.022745633076813
0.8686292691559585,-0.29210258822933893
0.8364754389219078,-0.08469665090904502
0.8080192618801472,-0.30836306633931243
0.7866127243089881,-0.21502051058058524
0.773080390127951,-0.11127708408335624
0.7663759676975367,-0.36801533575405304
0.7647528857265872,-0.1289420101811717
0.766808068214939,-0.28743353068405664
0.7719476303206005,-0.2622535816969175
0.7801978087225951,-0.2584846864253066
0.7916363473305592,-0.1624408753027598
0.8058582930531096,-0.1052103394450916
0.8217826764244844,-0.29563965219729565
0.8378734466091757,-0.31332378601606176
0.8526183861738608,-0.3497229740175459
0.864979620537458,-0.2003677589997292
0.8745804302247422,-0.7430409999622115
0.8815836367763275,-0.6400908007973382
0.8863734556167759,-0.7707764338486339
0.8892020447254744,-0.7242175730707482
0.8899890101046607,-0.6402316539301873
0.8884679040026222,-0.7719765189223012
0.8847173023172371,-0.6018145425076288
0.8797872573130943,-0.6165409213504252
0.8759059822453695,-0.797519192183332
0.8759117463911394,-0.7375105653873408
0.882047956918633,-0.6503377093720711
0.8947230034459601,-0.7703464764403387
0.9119445677828243,-0.6151295555994759
0.9298195969520069,-0.5907597100423547
0.9439382003177942,-0.7877266463838091
0.950969777251577,-0.6698891106241207
0.9497090723389804,-0.558447678297716
0.9411515593491999,-0.6908402827147935
0.9276902168001218,-0.6010529358452251
0.9119279399912498,-0.7916226765579671
0.8957458967720526,-0.5798743407464413
0.8800858440771554,-0.6828743013345814
0.8654393487276641,-0.7220064028260786
0.8525843320091304,-0.6242245545386073
0.8430233196628889,-0.5555662264566535
0.8388679445043384,-0.7547591123426441
0.8422557794589046,-0.6142363747266314
0.8545378061281848,-0.6681469046831789
0.8754806968071486,-0.6068159997236953
0.9027307939631243,-0.6590995983650791
0.9318039611750059,-0.6742706709045468
0.9567734494870118,-0.6506531326655245
0.9715688032388741,-0.7192671694228935
0.9715267624825384,-0.8134761918225856
0.9547385971941419,-0.685765931413464
0.9228061974231125,-0.6866029919827088
0.8807321661931576,-0.7499078288027247
0.8358397020275892,-0.7053022179299908
0.7959416531662381,-0.7716359286564253
0.7673595793548329,-0.7574925483322472
0.7535394975931392,-0.8153276824858858
0.7547465588917162,-0.7318576524452782
0.7687825087849752,-0.6694936782363552
0.7921949123850888,-0.6529691981896415
0.8213386697732492,-0.7231161364583354
0.8529422942483866,-0.7274198368149832
0.8842413813590203,-0.5257371826375024
0.9129432283372847,-0.7219240489840641
0.9372086590026448,-0.7279742779813996
0.9556586928477786,-0.8740594162196705
0.9673324781943169,-0.7356520742634102
0.9715713544900607,-0.6361212688488387
0.9678954900521031,-0.8184377759538279
0.9560153275691021,-0.8378086464777993
0.9361277836088124,-0.7141029725076851
0.9094982353251552,-0.7127925158515368
0.8790523070355967,-0.6950853740472198
0.84950804562184,-0.702284536414706
0.8266627512142843,-0.5912571410383508
0.8158230959615278,-0.6368431815360178
0.8198737339407931,-0.7349890939454067
0.8378368913685148,-0.8395772708958575
0.8647203944637599,-0.7402699384865561
0.8929450011160633,-0.7196105016936024
0.9149088987729105,-0.7593485995199792
0.925652523936467,-0.7823478819198703
0.9244757149608902,-0.7103713122421893
0.914847919635967,-0.6351017484060908
0.9027759561509388,-0.757997044396733
0.8944665338535828,-0.6771571328523496
0.8943143011484077,-0.665724630458172
0.9039744233514666,-0.854684706805464
0.9227538190457069,-0.7354270804921272
0.9489937298599179,-0.7181625718139402
0.9816982165585361,-0.7838298334668549
1.0215547819765802,-0.7477698505027895
1.07079522896137,-0.7048187294823753
1.1319662285031433,-0.7061071652137484
1.206286871663701,-0.659258239191851
1.2924827489326172,-0.6623043142000764
1.3866845393754177,-0.7106398042023871
1.483384231033264,-0.8955137183750063
1.5769064930065806,-0.6904520924262355
1.662646887066915,-0.8308017121725035
1.7375361525718915,-0.7826517816034573
1.7996723204413212,-0.7018998259374545
1.8475393262513036,-0.7742218493806337
1.8794550952580382,-0.7049950057924914
1.8937456346154184,-0.7671867654913731
1.8896550108587507,-0.7254266666232981
1.8684280622156597,-0.7393192705310473
1.8337545631316061,-0.7138692548224048
1.7910584057087109,-0.7355987975537251
1.7457616178646944,-0.841516775792937
1.7012602617553645,-0.7413664229722385
1.6576062305186405,-0.8880064819653173
1.6116429745798355,-0.6828321033814967
1.5586617682368318,-0.7725680031448542
1.4948594072460906,-0.8204603438952391
1.4194234809113304,-0.7897576583258197
1.3352304443130405,-0.7197943628458126
1.2478658974318595,-0.7603531418904215
1.1635526172210084,-0.7497756984040101
1.0870683813946358,-0.7678385816999425
1.0206074880950728,-0.8086300466056302
0.9639613164207311,-0.7016890455108593
0.9157338808321858,-0.6723450899237094
0.8748754831615673,-0.7008133013801671
0.8417519563111684,-0.7975539302061769
0.8182548151196255,-0.7182085143215758
0.8069575174431464,-0.863481488837051
0.8097776828826452,-0.8156986325542415
0.8267613571190386,-0.8035592110112125
0.8554236246365103,-0.7358908781213068
0.8907679561960421,-0.7924149569563869
0.9259085727374138,-0.873508554864402
0.9531845491575888,-0.7487936349679254
0.9656264290360302,-0.8251534249076355
0.9585137062125875,-0.7135919668816012
0.9306629495098813,-0.7806832886812441
0.8851292769687908,-0.8753883454919583
0.8290958328266427,-0.7948432949973042
0.7727676151518407,-0.7430862631555607
0.7271995415633203,-0.7725341481359069
0.7013594049027916,-0.9172625544728806
0.6992859712842973,-0.8276610813338977
0.7185490369724368,-0.7695499354812176
0.7509386083629843,-0.6912128411069876
0.7854427346579598,-0.7947079650363909
0.8126164056849732,-0.7074621138854247
0.8288568014549115,-0.7152237641459349
0.8389842010154073,-0.8786562106859662
0.85582666871975,-0.6845429507322933
0.8962792355905148,-0.818359653011463
0.9745958734985056,-0.7865528094502209
1.0951185361457374,-0.8261671554560991
1.2474777654372258,-0.901254123998727
1.4068473346961992,-0.9003502160630797
1.540037216625198,-0.7665970545139299
1.6156376319718877,-0.805294860893081
1.6142033193720815,-0.744942677759647
1.534068629002638,-0.7620032840875142
1.3905484573251634,-0.8122613595797724
1.2097236335711103,-0.8981159035245023
1.0202836898672756,-0.7840659246087325
0.8468136529443187,-0.8618417087323287
0.7062418444868371,-0.7554162868274221
0.607315316936363,-0.8140177694301464
0.5518697595943429,-0.8042893432647713
0.5365866783178945,-0.8855378740487908
0.5545671598817092,-0.7689104963865792
0.5967193200791849,-0.7221311646101356
0.6531439918611546,-0.7988620298532849
0.7144988149349123,-0.903496907225658
0.77314437746131,-0.7070799730512807
0.8238799861872627,-0.8189162070174724
0.8641357804806926,-0.8179613483592626
0.8935627111700943,-0.7538950356248625
0.9131075262130819,-0.7470666425637289
0.9238621987761377,-0.7727469467740156
0.9261553984920232,-0.7945286920584473
0.9193718904854701,-0.8002822373738335
0.9026982185089718,-0.8553380629179386
0.8764593199930277,-0.9409405652080922
0.8432895800576758,-0.9071485507879403
0.8084221294183794,-0.884366474613133
0.7788451965283347,-0.9603838612800693
0.7616090590640358,-0.8788089808523395
0.7618846162299623,-0.741368504392828
0.7814291915838691,-0.9278237763190047
0.8179717141056502,-0.8903569907129345
0.8657439274035519,-0.7972915457908382
0.9170208877557562,-0.879295085584467
0.9641954211382997,-0.8213930292146503
1.001704733634087,-0.8262111318051915
1.0271367981686954,-0.9488850364993284
1.0411288752034382,-0.7671150482942826
1.0461811460252377,-0.7272878609239373
1.0450083532235075,-0.7980175400119146
1.039263327325724,-0.8402162086821718
1.0292778464459171,-0.8633227396413466
1.0149510182016064,-0.8489136485279701
0.997277783206245,-0.7725102269818841
0.9795780864131638,-0.9266463532745384
0.9675690879397708,-0.8570803458033455
0.968032527804085,-0.7968730610609994
0.9866060344159937,-0.8515790325981808
1.025697481922313,-0.8226163828227346
1.0834390040442,-0.8544009550920445
1.1540652540498861,-0.8122052241153319
1.2294528288859536,-0.8192238197904751
1.3011276661673492,-0.8462262731453759
1.3619930809307308,-0.7581185208436036
1.4073139265983623,-0.8712737813601609
1.434937543382138,-0.8814514589111366
1.4450911731050349,-0.956794480551706
1.440151021220845,-0.9289757154090271
1.4245146482979139,-0.9633602541816232
1.4043706798723663,-0.8407295549879262
1.3870566701766307,-0.8802419266839487
1.3799191484225002,-0.854684147693614
1.3889394526117278,-0.7729243939384557
1.4175818570229968,-0.7928407568242011
1.4662498976618978,-0.873702528095351
1.5324966107867548,-0.7429676300983385
1.6118550710294144,-0.7925223436559595
1.6989267512505681,-0.9445893743965017
1.788287930922987,-0.8462754651261696
1.8749247700198155,-0.9355209406055833
1.9542070873499733,-0.9001871976226129
2.0216704234744705,-0.9412675495431285
2.07298477731538,-0.9705799783707509
2.1044283251085254,-0.8150008307222669
2.113923668274646,-0.830168955417539
2.102272939609022,-0.8802370414335349
2.073912877253004,-0.8041292280830142
2.036612755442982,-0.7755080307905384
2.0000250176488206,-0.7302345026943542
1.9735002761093459,-0.7210371930707289
1.9638190364148906,-0.7046659237892485
1.9734974025025598,-0.8016132110327103
2.00019071127292,-0.6430984030081763
2.037447734249094,-0.8099212143866337
2.076666929743088,-0.6988447742381544
2.109687249316739,-0.7234188377443439
2.1311737646288256,-0.7803162676928636
2.139974874228583,-0.8239114234212855
2.139000706967096,-0.7046017171954626
2.133801497760415,-0.7645688646630104
2.1305860552372105,-0.7123526198730155
2.1345448807653975,-0.7255432986275072
2.148959638754313,-0.6874084624189314
2.1750359020564556,-0.6459327099962153
2.21211911756265,-0.5896686554019693
2.2580287347956918,-0.6368691070612954
2.309423594029129,-0.5170982449671426
2.3621870438245987,-0.5587963583607041
2.411824299490861,-0.5233450055324198
2.453903345615035,-0.4796236726031166
2.4845993746667867,2.3199454062452296
2.501286026225986,2.3340623700832444
2.5029216182074094,2.29701777965466
2.4899812549655786,2.2363070833280565
2.463981064212941,2.3898398758844435
2.4269658569461385,2.2394523829541604
2.381366303509467,2.410113458523977
2.330320833828335,2.4443137799166914
2.278124349322464,2.265062855428901
2.230233538443513,2.376940128874232
2.1924281432106745,2.3481190328007457
2.1692180866900745,2.4556248635008853
2.162087115872028,2.4785178434772366
2.168385488112758,2.551491803390347
2.1815360702290985,2.654324796212214
2.1927484057094198,2.6765118987647196
2.1937696235398265,2.8351484871172117
2.179622446202314,2.7200957561936736
2.150156989755665,2.9630441099569684
2.1097226608450725,3.1667299002512697
2.0651331437668863,3.3366058244210866
2.022903289268924,3.2835471138370993
1.9870291405884695,3.5827769404744068
1.958193286413438,3.657640269689029
1.9344804511142937,3.728374313080913
1.912975902956949,1.2087403880376677
1.8913440137975757,1.2377537864976162
1.8686948598845996,1.156280595032375
1.8455300667145038,1.0456265800250804
1.8230095214503401,1.0539271920939468
1.801999376130587,1.0773818918945874
1.7823296580112462,0.982602863336204
1.7625140001099613,0.8120227900660484
1.740004233407672,1.0122595183481302
1.711921026463588,0.919442272811939
1.6760672849283957,0.9410753062819258
1.6318977484448012,0.8412187976145696
1.5810957737817988,0.8616805147460908
1.527530687551085,0.7195959346610082
1.4765371671364749,0.8690293253702328
1.4336207304519974,0.7924544469455735
1.4028841985444647,0.7800145461733917
1.385632506729285,0.7969329722155329
1.3796054839481324,0.85692069839512
1.379088727460417,0.6550988962072088
1.375902989344383,0.7670039177514139
1.3610995450058894,1.0564744470867782
1.3270692879097608,1.2343219176443643
1.2696152073204852,1.2011865966351738
1.1893913647490728,1.318963516101604
1.0921802673441374,1.3604096534677976
0.9878442760454686,1.361943831577815
0.888250088753038,1.1437469563078615
0.8047802713547095,1.0330814766951963
0.7461206216996867,0.90911718513582
0.7168509677160035,0.7722630709505752
0.7170321474877357,0.4947565494907836
0.7426528094097637,0.5290667648873257
0.786648641905373,0.48208199041792066
0.8402230455850211,0.4749558274807472
0.8942584568336761,0.40260833302904564
0.9406322581445803,0.37658378401530906
0.9732494651581923,0.38455932312479757
0.9886485412710743,0.3958245264264498
0.9861755382082632,0.34149013494632907
0.9678746417729542,0.30851997580413043
0.9382460897151375,0.4384862846606052
0.9038362990425338,0.3274553988582972
0.8724437948636088,0.2436735759346727
0.8517814377175389,0.1928755631384024
0.8477312911258859,0.3537480817575164
0.8626548837403725,0.11908598042872232
0.8943897263762621,0.14072266674089334
0.936476666701351,0.0528022054744127
0.979774824058778,0.1760287069230376
1.015016976532542,0.05691192542126072
1.0353480407656555,0.10795956887319313
1.0378386419710135,0.17837315318500657
1.0234611915541556,0.25208167551594485
0.9957530476300543,-0.05511218689569313
0.9589499153210739,0.14645904908771007
0.9165249003547267,0.1243791693888997
0.8707959358447759,0.1928490711603576
0.8236648676597229,0.0704259433235692
0.7778676283086482,0.13291249281587095
0.7377385631208857,0.04913240603511632
0.708743452885751,-0.019958211880168535
0.6958229272316212,-0.025767748818581192
0.7013690293275254,-0.09400029585577943
0.7239048077991518,-0.0641356671467672
0.7581820013142678,-0.13811324150000215
0.7967436518688515,-0.030176632179544294
0.8323285188717673,-0.09958668713737265
0.8600865778140352,-0.16653659061150794
0.878653077738403,-0.12176940071439384
0.8897022591098748,-0.1444017812703256
0.8963544312388501,-0.13331228438384882
0.9012926279277901,-0.16415964386553752
0.905425833137792,-0.21642170319255752
0.9075441071282833,-0.1183333348983983
0.9049379540415471,-0.15233951972442403
0.8946069067677814,-0.1279985507037008
0.8745332743735105,-0.1560065855947517
0.8445297881558094,-0.2480648748950329
0.8063505509180009,-0.22264553391116035
0.7630826549906978,-0.1730484731059722
0.7182280151145162,-0.16789819029394976
0.6750703053561725,-0.25440074128383633
0.6366714062387381,-0.31903290998532635
0.6062988354029215,-0.2872878683772663
0.5876982114643243,-0.3776949778466586
0.5847144645765394,-0.26564652347175033
0.6002231256111215,-0.20445485804061503
0.6347747712739176,-0.18055459241674557
0.6855345781754676,-0.23335704830588075
0.7460417497800824,-0.34729595203379965
0.8070929719903264,-0.2329291394741837
0.8586708041194041,-0.349805668544056
0.8923785266019953,-0.19040278256311746
0.9035414513049355,-0.3318945502432716
0.8921984211261347,-0.3558076744191925
0.8626562099942101,-0.40427927086455073
0.8219080603819706,-0.3932882182459928
0.7776653171108631,-0.3717654313952201
0.7367496622909667,-0.2742594519043871
0.7042052785882537,-0.3848135763573985
0.6830267954314997,-0.3993272005521408
0.6741506206643746,-0.4170289257806179
0.6764372627505603,-0.30317428361837473
0.6866812677291325,-0.4525398210307315
0.6999649639743201,-0.3866808247548647
0.7106666519952867,-0.34841267784436836
0.7140791097331545,-0.41021433772053334
0.7081056741641341,-0.3998669460458391
0.6942482290614658,-0.3763870175951161
0.6773075337273577,-0.36165553360137626
0.6637701733578041,-0.40451686697906064
0.6594396191965435,-0.43341270053991304
0.6672116919754778,-0.466236559364126
0.685875786651138,-0.4747594595621042
0.7104519759649839,-0.4333334126357834
0.733995088387791,-0.6842150256648618
0.7502353147049508,-0.569889745575876
0.7560696423562442,-0.42522952924721086
0.752904019800742,-0.5568071058057931
0.7462564373423406,-0.534899302108653
0.7437595548268294,-0.38954003511071067
0.7523850736914964,-0.5790590263969565
0.7759809292517599,-0.5014712937975968
0.8139795352481887,-0.5464193181658638
0.8615923641352748,-0.9358967924041441
0.9112467553216906,-0.8826636975893684
0.9546662444395936,-0.9475404871618021
0.9848888217859443,-0.8718144009259772
0.9976103930320964,-1.037467146747155
0.991533280776335,-0.8320225349507369
0.9678527915603781,-0.8959747095753058
0.929406827977167,-0.9517921860901918
0.8800589410042745,-0.9037969519911664
0.8245247469355349,-0.9628165091650251
0.7683660285003809,-0.8657891418972546
0.7176605648145892,-0.8973883111713684
0.6780773615201623,-0.8195630476945545
0.6535870853185453,-0.8583035242888938
0.6454522395668748,-0.810607973348651
0.6520993653730466,-0.8817348535734137
0.6699263861905675,-0.9947850356688382
0.6945044835900098,-0.8877193024333293
0.721531308673897,-0.9488305975082569
0.7472715093050667,-0.9037436772391241
0.7686255526724561,-0.9116737816901863
0.7830882147886838,-0.9118538905915725
0.7887625507435124,-0.9195879978030544
0.7844889505688836,-1.0212886368130654
0.770103430688629,-0.7164065457060382
0.7467732624792662,-1.0492116750404115
0.7172194663377103,-0.8931652109780158
0.6855378974552475,-0.9298443669548264
0.6564510447262114,-0.9957437135128027
0.634158533549861,-0.9721494713068302
0.6212518050976936,-0.9753840802411862
0.6181665241291117,-0.9105955464098127
0.6233850907424752,-0.9364415215273307
0.6342764548144126,-0.954575282678688
0.6482067367335627,-0.9623867585728951
0.6634185003561417,-0.8462134588574352
0.6792389513327479,-0.9062808152945843
0.6954933016155465,-0.8944268952835477
0.7114548397122704,-0.8973305382087889
0.7249990886386894,-0.955658968903754
0.7325970137947233,-0.8707884848734336
0.7303253640170535,-0.9508088886685239
0.715463173090471,-1.0366783852084778
0.6879129885326654,-0.9464670473570075
0.6507998128310399,-0.8753824908746873
0.6099691448757387,-0.8274168550643638
0.5725133336338302,-0.89737255272232
0.5448108744839423,-0.9500798776288064
0.5307483610829018,-0.8838914736925476
0.5307041859967906,-0.9280953520608779
0.541581728155493,-0.7560022731954372
0.5578477853433841,-1.0356983481265267
0.5732446335320058,-0.7846100990860623
0.5826646497039562,-0.9294968898158469
0.5836621892205514,-0.9769748362155155
0.5771834091086546,-0.9801046858875597
0.5672565350535587,-0.9178952647845374
0.5596508120415231,-0.8280090495702427
0.5598896356157648,-0.8145005201251058
0.5712956227725415,-0.8068784846769691
0.5937472527576493,-0.8771706628180329
0.6235544364832719,-0.8707200344042815
0.654472127623836,-0.9995142669528231
0.6795152748565503,-0.7168856843001972
0.6930215174114336,-0.89263266869995
0.6923726766623922,-0.8279094767545188
0.6788985229838564,-1.0282514806054432
0.6576890196374634,-0.8545229676687947
0.6363061658328367,-0.9144903367015979
0.6226942271155741,-0.8317740288636694
0.6228582045669362,-0.8655512196441426
0.6389848616135301,-0.8735710901900797
0.6685653519543919,-0.874946217968119
0.7048268623072225,-0.850404190932762
0.7384703715294103,-0.7769121618651251
0.7603174942291113,-0.9395750780543489
0.7640511404030708,-0.8651681356848303
0.7480739058018178,-1.0130112259754556
0.7158361596926981,-0.9259482998239938
0.6746614864702927,-0.8091552952243393
0.633704766988356,-0.9994658003795555
0.6018892903080157,-0.8894091834788632
0.5864504480855064,-0.8498573796419749
0.5922709967854958,-0.9827766913716406
0.6218017102904683,-0.8266098379546342
0.6752073070655297,-0.8220584557004258
0.7504796049595754,-1.0446985587342077
0.8434963911046609,-1.0319552323786478
0.948203311513504,-0.8928146688031731
1.0571424189713787,-0.7302218767175241
1.1624393188867432,-0.8926169072240716
1.2571367464456,-0.9020735085040421
1.336489359169507,-0.8298390843977501
1.3986703167017422,-0.9038958223216081
1.4444948232692683,-0.9618911799609609
1.4762375015876983,-0.8590806316278635
1.4960983230762046,-0.9007411744710939
1.5050371220987184,-1.061389927876933
1.5024996459805,-0.9198029910672784
1.4871372551608428,-1.017484183099696
1.4581400179509718,-0.9484171979539643
1.4164447737668493,-0.7924518320257465
1.365068425434487,-0.9099485342483732
1.3082629841508804,-0.9492020948437041
1.2498915725655468,-0.8999198057189705
1.1919223603435134,-0.9349103701245851
1.1338821880912817,-0.8854194966348456
1.0735742108291937,-0.9610067085949624
1.0087183948882343,-0.9805682409954436
0.9387539107098347,-0.9601534832204229
0.8659766751746246,-0.8430383805224275
0.7954624447163134,-0.9908860838600434
0.7337497724215181,-1.022592677040983
0.6868115725643544,-0.845771462165098
0.6581529441904745,-0.8541967993631284
0.6477834451693704,-1.0333677367483378
0.6523900957854344,-0.9079690188397909
0.6665184719248609,-0.9605320706597047
0.6842224052544172,-0.8641534218718341
0.7005790639024916,-0.9189116198819041
0.7125994474497808,-0.8140763454059246
0.7193122198939879,-0.9431367602103639
0.7211395516342889,-0.9279342012828492
0.7189571098533287,-0.781469650472927
0.7132139388503633,-0.7628467081986849
0.7032720242290065,-0.8768776588503805
0.6870509544752804,-1.0195042542478683
0.6612082324566801,-0.9277833351514428
0.6221387502011497,-0.922066821354485
0.567763800672043,-0.8729856005207121
0.49950787586114653,-0.9195705722343629
0.4234398667788509,-0.822350648625148
0.34967085083260274,-0.8829535042892878
0.2898220775366954,-0.7444771249605046
0.2533779615166929,-0.9439845167698704
0.24445850793629353,-0.945805411105607
0.2604965752681271,-0.7909030407528873
0.2934473520028832,-0.8932359167973315
0.33302759799784776,-0.8755368486566176
0.37074316952431896,-0.974475422003785
0.40330974254705976,-0.8855962272759673
0.43429703187642665,-0.9106139468880523
0.473287110613277,-0.8314354307969238
0.5325103927877584,-1.0429424658548268
0.6216971753192484,-0.9105285445254666
0.7425917689153337,-0.9122146671662507
0.8850922514903966,-0.9623015926664163
1.0270460300571551,-0.8744963968460766
1.138876867910452,-0.8706396877567758
1.1922104288909807,-0.9454602995883512
1.1692751807035133,-1.0280689812696424
1.068884408931881,-0.907750598293011
0.9064886985573055,-0.9350014140298339
0.7090214691648111,-0.9705685592287913
0.5074895522780172,-0.894132929604408
0.33026122009642367,-0.7817176272907148
0.1986476084699984,-0.9209943995481791
0.12495971953792084,-0.8881376984171815
0.11234350756912725,-0.9970393019195918
0.1555130110548606,-0.9037838333536683
0.24197375243297614,-0.9335998219967203
0.35394860841624054,-0.8933369984072714
0.47128040278857775,-1.0210962593469126
0.5750241956268436,-0.930249725974011
0.6508978643875952,-0.7403187166820012
0.6917006366490632,-0.9330293607800477
0.6981232411221527,-0.8519075357200632
0.6777831493924442,-0.8458359192075202
0.6427235429087967,-0.7888956419037133
0.6060227468112307,-0.8002882887372862
0.5784769637035757,-0.8721474016634663
0.5663039011219151,-0.973158887178796
0.5703752825529063,-0.8529650135484057
0.586900167080475,-0.8019596756660926
0.6091200184167493,-0.7771933396619171
0.6294984667703994,-0.8848169799941625
0.6418841244797184,-0.8487554487102359
0.6430965347918228,-0.8769377796843326
0.6334861049762779,-0.9500861938915612
0.6163649991070238,-0.9043542453967404
0.596633186188336,-0.8410524891696058
0.579158511005351,-0.8601022399965089
0.5674260752040804,-0.90788345175851
0.5627687701508272,-0.8702720328332867
0.5642615390249077,-0.9173910100043893
0.569163299326974,-0.9153055809489957
0.5736681286376928,-0.8435766784654908
0.5737463618341744,-0.8580644885363952
0.5659865047625229,-0.8496684343336305
0.5484298260308405,-0.9682828395012376
0.5213193382678547,-0.969081334690643
0.48755189115879205,-0.7818158921218313
0.45258172929563256,-0.8956318677938554
0.42363743050269487,-0.8552550269336019
0.4083301635693267,-0.6337989300275065
0.4129512763399278,-0.8690161560159775
0.44090844489484593,-0.9041551360057372
0.49179490326321895,-0.7666696254271984
0.5614631854350902,-0.8055560925077547
0.6431411371220295,-0.8242582667805972
0.7292204218907977,-0.8288850840018664
0.8131076116630305,-0.8546136358274166
0.890528166438931,-0.8688858631273817
0.9598407297342941,-0.8537270665353763
1.0212592512292777,-0.9015826481085225
1.0753836381142396,-0.8379410740615111
1.1218425208936518,-0.9446471071196718
1.1588042672396983,-0.9079214667378707
1.183596976301019,-0.8888305655159956
1.1940754601648789,-0.7872059378823729
1.1900628865096587,-0.847506714746224
1.174227551970614,-0.9852907931381775
1.1519853004258989,-0.6527381452794682
1.1303686857115314,-1.0263149265088596
1.1162296933829225,-0.8263856485608536
1.1144673702486596,-0.9599544810179689
1.1269749075997337,-0.7516036123297883
1.1526507350305262,-0.8884100406601091
1.1883167406566462,-0.8385004899310166
1.2300140024731079,-0.8449014565950584
1.274093155236481,-0.9338270490893503
1.3177691510003986,-0.8158856793768623
1.3591614898913456,-0.9273448357609888
1.3970830409647828,-0.8945247082137319
1.430903809603819,-0.8275662439976293
1.4606937643105922,-0.6418043896940323
1.4875641817929441,-0.7938375935057986
1.5138413134664828,-0.7263494977617528
1.5426744533845809,-0.6720674587237024
1.5769914454048375,-0.7860012070532415
1.6181582058358042,-0.7483355375712585
1.6649612536830873,-0.758109429942901
1.7134640739978373,-0.7997264599369658
1.757930400824771,-0.6963399041558527
1.7925077892265957,-0.7094932539670585
1.8129887344865105,-0.7705367082249669
1.817977732499006,-0.758501020806902
1.8091487465439953,-0.6508305251266153
1.79064688887566,-0.701114832222092
1.7678809414071734,-0.5576775509034376
1.7460821155863293,-0.564917716015792
1.7291270562025267,-0.620504118813417
1.7190542212909472,-0.5071926529551353
1.716336162598028,-0.6572933412965286
1.7205336137479963,-0.5793569270820411
1.7308046744599694,-0.563138267008053
1.7459897308400405,-0.4630052285709973
1.764405871666816,-0.4185082449646492
1.7837248699782615,-0.37739016815847387
1.8012404577394667,2.4844113102679195
1.8145490855495923,2.359301275181198
1.822363762589283,2.3536853552790076
1.8250368123772154,2.31103866870434
1.824470951172707,2.5501961252434864
1.8233947035778164,2.484222638955906
1.8243023461259509,2.4989246532244382
1.8285076333553616,2.3247028381152597
1.8356634165772543,2.3609266314237662
1.8438932114754962,2.3934628409356535
1.8504907465182234,2.4899177238941017
1.85293806996765,2.624032143229619
1.8497979553022244,2.6023867607374966
1.841039136700701,2.6679703821912817
1.8276427129815431,2.7929780082684545
1.8107465789153263,2.758004695215955
1.7908387086466586,2.9766420687910995
1.7674435989241108,2.9059530292644435
1.7394276122551156,3.0191553886446525
1.7057204824023353,3.116034473041221
1.6660812253464221,3.323999665782829
1.621536132302418,3.31155668602538
1.574276582964634,3.4842771070293552
1.5270955257829728,3.7047786861380363
1.482683213146668,4.019542367911548
1.4430959472318183,1.2942557770366376
1.4094973262804982,1.0921542170925733
1.3820764269555235,1.1616681889846792
1.3600072683270952,1.1687343852445584
1.3413908150266716,1.208199648270036
1.3232372039382447,1.0375635322560774
1.3016604036202022,1.2226430245932345
1.2725046123183146,1.0928683296409871
1.2324889893784952,1.013998946792852
1.1806136644302199,1.0817633326554463
1.1192067973211135,1.0074390256829069
1.053942231367346,0.9188270567614184
0.9925684122710454,0.966653683264645
0.9427098205776695,1.0120041421733101
0.9095191354949089,0.7911755849399117
0.8940022347522266,0.8445812383793494
0.8925992199557583,0.7370314327813706
0.8981859148621455,0.9173415085654497
0.902140758941339,0.9637127543839126
0.8966906254735515,0.8366353288363683
0.876675326350354,1.0147710041020952
0.8402538014783902,1.0148717348612535
0.7886584734675783,1.2908186932588486
0.7254660451028633,1.5429719312922678
0.6558169537590568,1.6545777894959688
0.5857563435645157,1.5141528248626266
0.5216279989458368,1.5605863391865267
0.46934390541920656,1.2473889698331628
0.4334334600393779,1.163474453824544
0.41604019369837175,1.1109961182100312
0.41628559153982325,0.916402372376344
0.43039995813342724,0.8323066744934616
0.45270153188712037,0.6358196983380713
0.4771096960819654,0.5748939409043966
0.49863397338097637,0.5293776457380804
0.5142911299311775,0.4748434722960891
0.5231642288036529,0.45920076330864174
0.5257134686847083,0.3549940459015901
0.52278088946215,0.45027350929824167
0.5148324422775457,0.46623643857667024
0.5018038489205663,0.48017150164583655
0.48355915936520977,0.42452899715192816
0.4606293731811868,0.2832649237574457
0.43474069852610686,0.2967442014897998
0.4087402969087248,0.30384831993188893
0.38587190326873844,0.4695640633405994
0.3687847005762671,0.3049477965405649
0.3588568870144109,0.35140004515438533
0.3561867991289154,0.3668480484337298
0.36015119580593924,0.17106970741974267
0.3701499574945507,0.3257652329059247
0.3861927260117489,0.2559761173413296
0.4091398683182724,0.31985287379012467
0.44049642827324975,0.23585161269711732
0.48172147473202653,0.2617807529626538
0.5331828708359403,0.35627199510823776
0.5931257560171871,0.13486346865934135
0.6571547030906569,0.20630832787074405
0.7186143909763936,0.2323092495780498
0.7698987324770095,0.0870208533007938
0.8042769381553944,0.07837156348289957
0.8175383955941207,0.06833078198419877
0.8088198808237617,0.24133985677738884
0.780376972463475,0.08190270675316765
0.7365674300560879,0.1979787605936159
0.6826328381634366,0.07895815953690243
0.6238235151991214,0.03188880118205852
0.5650682751197851,0.045790992389527524
0.5109856753043902,0.043819331524730235
0.46582043269169116,0.19088715413533827
0.4329887959297709,0.1489524286177095
0.41427078922445704,0.12228155214020667
0.4090634785693653,0.03620539381443389
0.41420680523509823,0.04235298011488245
0.42460965549898866,-0.0714455646803586
0.4344912962281482,-0.08474932848547177
0.4388348300239452,0.1560480286788258
0.43464615456144473,-0.05190203734560316
0.4216587677082513,0.11656323361822639
0.4022160995584917,-0.021726372630602297
0.38032298659779706,-0.05185256129554866
0.3602433259874327,-0.07382109266658658
0.34527180997779516,-0.019898303280785474
0.33720193386168995,0.10275034807530632
0.3365863907154485,-0.0904234377676753
0.34341616310494927,-0.15552462733517589
0.3576504409830982,-0.14114117977883636
0.37923444109775484,-0.16779839027135812
0.4076616064759566,-0.17578639077026215
0.4414465473279314,-0.06207451856565245
0.4779165194976034,-0.14748646264318166
0.5135597426132945,-0.188817566305813
0.5448846661224522,-0.11353421951291237
0.5694450311492298,-0.13563246136549073
0.5865302044088256,-0.2202251715826753
0.5971308042795944,-0.2711522973070811
0.6031477933395162,-0.1796762371308708
0.6062610708794121,-0.1675921911638197
0.6071284937923872,-0.2305192196729913
0.6053963365492476,-0.1337164133062883
0.6004435168746342,-0.16067057411823496
0.5922794670877676,-0.11076488674287527
0.5819581921182861,-0.26145846211303114
0.5712701055977054,-0.14276811266408898
0.5619968715467205,-0.19669960464597086
0.5552658791698197,-0.14803138213224631
0.5513677178113485,-0.17091385977232457
0.5500298109352392,-0.2232594798233786
0.5509140300297404,-0.21040305655191047
0.55408936937559,-0.2755865569225703
0.5602648498395045,-0.25438540622924194
0.5706142103467728,-0.1613172586631914
0.5861801166637429,-0.3140449799026064
0.607095152593443,-0.27354784574355284
0.6320208251123645,-0.1318379903851788
0.6581337704466677,-0.29441266725962045
0.6817119556249525,-0.1820899545219317
0.699073424575175,-0.3746497398526974
0.7074595311275446,-0.33384814843376487
0.705488627668297,-0.2667426468471863
0.6930290546801573,-0.32656075297117243
0.6706694002314263,-0.22916092287275416
0.6391960165005341,-0.32839977102974827
0.5994568441529005,-0.29464847443599307
0.5527430619057765,-0.2831595676845157
0.501529778030084,-0.6853298672200947
0.45020110242743405,-0.7328933457265814
0.4052703067908262,-0.6495625680704391
0.37464327557892874,-0.7406032741179286
0.3657871246257698,-0.7122119359884965
0.38325376624492513,-0.7097538091124793
0.4265410768411161,-0.6981684152876835
0.4893201960087281,-0.6356368350358889
0.5605353913121949,-0.6772340366759654
0.6271134265781972,-0.6601017523030102
0.6773735529658413,-0.6904932840490134
0.7039498350147543,-0.6153204445802652
0.7052710615462756,-0.6676869385751308
0.6853019546658285,-0.5022502077915815
0.6519169129817981,-0.6053852189369144
0.6145801421107291,-0.6804121700433923
0.5820013272307238,-0.6936079267989211
0.5603589211192902,-0.6850134746482541
0.5525000396114117,-0.7404454315286665
0.5581240088891204,-0.5379960694724816
0.574558512212042,-0.6220572025116144
0.5976870004639755,-0.6883865489748863
0.6228520008463182,-0.7611471750470618
0.6457798263921798,-0.6876214266442787
0.6635164754081841,-0.6222770648986155
0.6751427300312296,-0.67586774545998
0.6819213395406907,-0.6556693894022787
0.6866892290803251,-0.6439379280101778
0.6926624839787687,-0.5713066936896647
0.702104538847662,-0.5924833537288375
0.7153266942166474,-0.7794696110111233
0.7303128189628443,-0.6312754086255066
0.7430779992947172,-0.7020007372249403
0.7487434073000743,-0.6376351965519416
0.7431414915518607,-0.5925917141785447
0.724511399670719,-0.7357717893803651
0.6946462891401948,-0.6270075811651986
0.6589260626445996,-0.6165610012233956
0.6250662726544921,-0.8083855272390883
0.6009514979605515,-0.6412801275235838
0.5923111389284286,-0.7422289733446561
0.6010468507633631,-0.6516160628345894
0.624743709444332,-0.49761891975459616
0.6574546767797995,-0.617424052162387
0.6914274711032259,-0.5984578364740972
0.7191660942584306,-0.5739052748665621
0.7351467984037275,-0.6474165718671131
0.7366822797615062,-0.6674715645797834
0.7238294208305998,-0.5224738304405843
0.6986823052163318,-0.5910886149198726
0.6645909752439767,-0.6344815896815484
0.6256610572269934,-0.5468816080353003
0.5865097756167079,-0.679948170052844
0.5520076026416667,-0.6553730011829381
0.5267700649210487,-0.5755603234382897
0.5143882797072133,-0.5835601688808361
0.5166159204347497,-0.6517809581619199
0.5328191720278532,-0.7267363131836141
0.5599117202346611,-0.6154779397409367
0.5928245307902376,-0.5435097829106854
0.6254180013099808,-0.6596196885095648
0.651674074695222,-0.6223356042021618
0.6669444808860752,-0.6192537399791495
0.6689376395403022,-0.6258134857482124
0.6581264089118926,-0.5923733705373098
0.6374897960533142,-0.5251325927957425
0.6118194661451293,-0.5955974425466094
0.5869077688892899,-0.5559630460320069
0.5687382599166619,-0.5968344535668336
0.5626156808839626,-0.6099567309763202
0.5722113868032546,-0.6197037866969954
0.598658127932272,-0.6427065536793567
0.6399304752395069,-0.6187929032864887
0.6907594564740562,-0.5561666091910453
0.7432716296400116,-0.5625981660089153
0.7884008884060519,-0.6137280714118344
0.8178791386131685,-0.5723033333558878
0.8262997867709377,-0.5271165186297749
0.8125269751710866,-0.5723505753495105
0.7798531046281426,-0.6000224454926666
0.7348476747137846,-0.6380619526557743
0.6854583875447655,-0.5366510656808641
0.6391701003674017,-0.565592334453169
0.6017778173174331,-0.5743116928219318
0.5768790867444589,-0.6415504354348148
0.5658942055847247,-0.5724108457265433
0.5683594561217865,-0.5540126439312749
0.582283106770527,-0.621862961799351
0.6044463897098356,-0.5412732439211266
0.6306934812082865,-0.5273642903183803
0.6563959643678892,-0.5389448045113379
0.6772375567984257,-0.5620620099129561
0.6902600094699953,-0.5883989280218828
0.6949088185386761,-0.515503937730472
0.693689718601042,-0.6004852839005719
0.6920094888575061,-0.6249138410751778
0.6969612545331086,-0.47289882091892305
0.7152871534804063,0.39674781745374615
0.7512443840041313,0.4492840779328906
0.8052385674635872,0.30667147596143085
0.8737759377376844,0.35182137232102567
0.9507316791128252,0.4330826759654298
1.029413162279493,0.4620053411936799
1.1046105638499228,0.3195223649081669
1.1738625680671886,0.5214403073127093
1.237504870669363,0.4003857065886511
1.2975854334073347,0.5324869487028061
1.3562077149637244,-0.639723894818513
1.4140881381968808,-0.5103096487136336
1.4699641929670673,-0.600374327512151
1.5210102080973407,-0.6273052020045742
1.563869459207229,-0.595033986060456
1.5956381708960687,-0.5298491217003264
1.614299139538931,-0.6100445188051145
1.6185478352916327,-0.5800731740579576
1.6073530472157243,-0.5160516279544823
1.5797032971702722,-0.5237802861017584
1.5348016736935381,-0.5252821442799841
1.4726537609522858,-0.6394070192114163
1.394732823054263,-0.5443107952445829
1.3043154680420685,-0.42520982260786305
1.2062078319116554,-0.5374155183794351
1.1059039004419624,-0.5244406916084755
1.008560700049668,-0.681165149863516
0.9182742023080059,-0.5690883581086948
0.8378968185236745,-0.5391962141010608
0.769259313955814,-0.612571662424665
0.713462681937153,-0.48778860360610093
0.6710015884869514,-0.5880152302864069
0.6417139948371642,-0.4803367012134148
0.6247200174109173,-0.6141576596659747
0.6185375698103266,-0.5098082971281006
0.6214392270279406,-0.48771572169289124
0.6318981629893965,-0.7487278589416321
0.6488244322687052,-0.4158385706657635
0.6713774192753945,-0.6196385807340163
0.6984113401999807,-0.43178814524671416
0.7278473669324489,-0.44152341792710126
0.7563180899402363,-0.5027648484334591
0.7793321262746998,-0.5478005638514726
0.7920454618772356,-0.45390277235715626
0.7905186836024483,-0.6007908249805787
0.7731041698230506,-0.5617562916211847
0.7414657417278303,-0.5981671422178345
0.7007996108596456,-0.4799645685386939
0.6590361370617892,-0.49590178746985364
0.6250330453157817,-0.4074227140825004
0.6060619512557572,-0.5508079425514597
0.6053093433588004,-0.5509980045796646
0.6204505211520366,-0.5532381072572712
0.6441974003194318,-0.6663323655864869
0.6669181211963549,-0.5586446834530149
0.6804065724109358,-0.42085601599938166
0.6813430398361027,-0.5422167283096831
0.6732176139982693,-0.638186736076336
0.666136049803757,-0.5191793041912711
0.6745166960062225,-0.5452287333736794
0.7131081493125446,-0.5061188931595365
0.7921565595771373,-0.456635820652134
0.9129448723674347,-0.5445583925502608
1.0651377865458829,-0.43022122175525235
1.2272155368593212,-0.49658480820826156
1.3706070252887534,-0.4918122098573074
1.466812974998473,-0.43688890264129954
1.495187626646799,-0.45165666361022777
1.4482848401916417,-0.539952520915343
1.3328090732955349,-0.5239269981443878
1.1666052371434947,-0.5255142399307035
0.9738183828950268,-0.5223314238406852
0.7802605995265681,-0.35168170396289633
0.6098268041447992,-0.609368282409233
0.4817745476002726,-0.4412834572703031
0.40846000584395037,-0.4654150248910563
0.3935873419088066,-0.5176138167188352
0.4316345957207912,-0.4857884377611093
0.5091920201975566,-0.45620061197230133
0.6082150182200232,-0.5156022683248717
0.7101922543794272,-0.36586699829257274
0.7998116188911337,-0.4090478907396494
0.8671121081941205,-0.41070133850934704
0.9078964647688301,-0.5472074884883545
0.9228602982105972,-0.48345166964979475
0.9162212109545055,-0.41277374580429965
0.8945120330909523,-0.3743415921945268
0.8657394968353691,-0.48208162572032565
0.83863824889958,-0.3839805211951053
0.821603550433874,-0.3891999808264535
0.8211400387255625,-0.47281599827455356
0.8401361295832057,-0.48727910868715546
0.8766844635926032,-0.506343776683728
0.9242348414255066,-0.2647630911912532
0.9733998138056058,-0.5994758708216619
1.014893431889294,-0.40413910412587734
1.0424270703665495,-0.4431834001759298
1.0543957913907833,-0.4429626286517638
1.0538009527380132,-0.4531861802334573
1.0466102567419,-0.47430126091217123
1.0392875183187777,-0.32582026343556414
1.0364324393551363,-0.3826419575870778
1.0393610205475363,-0.4736378373846297
1.046051463801368,-0.6312070488522936
1.05231789475267,-0.4885466966515674
1.053618622756269,-0.5083451335981564
1.0467545771812752,-0.5524800248052626
1.0308713864767882,-0.4737239928466744
1.0075388906558382,-0.41604878784481814
0.9801170169481969,-0.4087836949803259
0.9529212312039432,-0.44967974294048607
0.9306302542194326,-0.5168258484414684
0.9179521103615406,-0.40021048632408296
0.9191870499070537,-0.5490429559387957
0.9373933149161163,-0.514730132545728
0.9733143580907245,-0.4873924067573516
1.0246175830449047,-0.5042658177506166
1.0859608282193496,-0.3503343031427283
1.1500017947959078,-0.4797350655694518
1.2090485731553295,-0.40285815689802607
1.2568654514128301,-0.4241831073849189
1.2901705204786977,-0.5837056498841828
1.309448608624822,-0.3639949580688673
1.3188036007078865,-0.547680143461814
1.3247673768207442,-0.3189287314853939
1.3343342621424341,-0.3851563702685462
1.3528645057482491,-0.4470022955335764
1.3826198868890747,-0.3665699435422805
1.4224397291303301,-0.4760663264110498
1.4685828308966729,-0.40376933713221563
1.5162838913774888,-0.4161510627938026
1.561315944384356,-0.3230967092786045
1.6009624910385911,-0.5746674488775724
1.6342215120336374,-0.4190946437813873
1.661500082353244,-0.3977606175543831
1.6842254871633862,-0.39944024525079275
1.7046185191914462,-0.5336947594781498
1.725527052275383,-0.520492090217147
1.7500229065315955,-0.4011085472361671
1.7806215113217072,-0.3516513356163954
1.8183642555938522,-0.44938405418308985
1.8622589621406993,-0.40872176008578487
1.9094787614485516,-0.47318935966675224
1.9563421188464862,-0.331075660897123
1.9996664772300767,-0.25250698152694706
2.037848975021841,-0.3539300983009481
2.0711510730566003,-0.3706416003376455
2.1011000635003407,-0.37989003418909834
2.129381407552895,-0.23218338038814765
2.1568018725855405,-0.369784072109271
2.182794647701087,-0.3527896440137131
2.2056374652701543,-0.2670657089959371
2.223241911519433,-0.26219218561979374
2.2341881600320233,-0.2452033812539305
2.2386529601023666,-0.2530532629744191
2.238933736647029,-0.31899965906664396
2.239344776213448,-0.2810408020389587
2.2453766666278216,-0.27054372920077413
2.262226290472098,-0.2804020400443846
2.2930946337260893,-0.1439097816148909
2.3378462290941204,-0.15709930885829937
2.392556477558775,-0.14980582572110732
2.4501490341858077,-0.15002427213884267
2.501922322558531,-0.04401090575369217
2.539483480099692,-0.11149877944846437
2.556546082344696,-0.11378497021758584
2.550159301147412,2.838762622327008
2.521121228764108,2.8131942834239534
2.4735396296073304,2.7379008626602905
2.4137347020723325,2.9302162469884236
2.3488878542263305,2.7163397996766903
2.2859012487052714,2.8216077205448147
2.230723621188321,2.762467024075616
2.1880069879369506,2.8556892723921052
2.16072220582606,2.821952081489609
2.149541177913188,2.8900646170713116
2.1522458848799646,2.9186431740159953
2.1637190581371004,2.969717115020053
2.176918126490651,2.9768384585016876
2.1847162348998936,3.003097168311139
2.181951720520618,3.022827416894512
2.1668087897969497,3.2289487222682567
2.1409265959048707,3.187922541971058
2.1082761938080345,3.3779897467870583
2.073453951890743,3.4316963523047512
2.040227214106265,3.5220044321698194
2.0108773247698566,3.796615404418508
1.9863636769718078,3.8720268383561858
1.966893692174048,4.0327106865181195
1.952360559675528,4.097725198863895
1.9423463418381095,4.333810934028024
1.935784965546603,1.658637708961646
1.930657780938896,1.7023456494274067
1.9241014986752063,1.6174254849193639
1.913062095989043,1.658650731835745
1.8952711047206388,1.5936885836543415
1.8700698574646384,1.4172013254673002
1.8386337512782207,1.3284010906785728
1.8034465737917889,1.4497301822823065
1.767271667423405,1.4693726314810376
1.732128230341858,1.4444907777970646
1.6987318228432384,1.4092159013064811
1.6665309600406286,1.4497615675286881
1.6341286198135192,1.3107026172455287
1.5997641552749091,1.3228275610773648
1.5616557846543166,1.344037511582946
1.5182050041136304,1.449126974852688
1.4681815019914506,1.1746369054443973
1.410971899326731,1.1810947518335417
1.3468576665136014,1.3366569535221873
1.2772370083697449,1.3584305536763457
1.204753779740965,1.378803805822268
1.1333051639524852,1.5426320253075043
1.0678065524030675,1.5793175511745758
1.0135462025148299,1.9120524300091069
0.9751026599396457,1.9702407025634343
0.9550637618518591,1.9766267384367247
0.9530114869981776,1.8899056300506896
0.9652788747891812,1.7651333593931509
0.9857674289353985,1.7022659141884757
1.007680521370045,1.3455710687203863
1.0255594414526772,1.3148026271995665
1.0367605382793585,1.0343739109327341
1.0416981840702513,0.9145830363482177
1.0427617996977274,0.9331321078873163
1.042458760473593,0.8403486003779386
1.041681550212561,0.7485597115665626
1.0389130573531968,0.8061079432854006
1.0307339620214282,0.9597503140090519
1.0133805910497105,0.8976410945589662
0.9846147582692941,0.943320098681506
0.9450628860646619,0.7886415729299492
0.8984997323991493,0.8438597530449854
0.8510752971139205,0.824340282687362
0.8098999571136551,0.8345482981203609
0.7815310320255258,0.7912061629114562
0.7707724910341949,0.6213725281450272
0.7799594793252178,0.7380478042662154
0.8086915402662268,0.6969857134068644
0.8538690870700429,0.7023051565042697
0.9098991752412093,0.7498998118461245
0.969066284902819,0.7192080204053274
1.0222329908532428,0.6006017223631696
1.0600923350331901,0.785351258770133
1.0750224683414673,0.47076962422232926
1.063215607490396,0.7146609113919206
1.0263588493474736,0.6017491494929338
0.9720277135830838,0.6627413012657779
0.9123002490146497,0.5988262116789294
0.860801635230606,0.6524647484370513
0.8290996568207842,0.5322275254615048
0.8237195038799967,0.58201337697671
0.8448175121274274,0.5898805095596645
0.8868235859414866,0.6727396501599348
0.9405352238231899,0.5950312871037368
0.9957040682583377,0.47003423294923824
1.043254141877804,0.5684104188201777
1.076673785669606,0.5538590876322885
1.0925322426071478,0.43492976072015044
1.090348764988801,0.47076653444990374
1.0721436850304993,0.3969700569182765
1.0419134862071546,0.4987063356596963
1.0050697422727988,0.5329111586775382
0.9677228463047981,0.6493368893014042
0.9356879751093061,0.24136943070309874
0.9132436856465068,0.40872551555700887
0.901926726027986,0.515204724527951
0.899882949797644,0.48490982094005525
0.9022980491138687,0.35328625643152817
0.9030367947417963,0.3237188352743732
0.8969692558093905,0.4678223085359523
0.8820061501126033,0.354612425068664
0.8599562161545141,0.33503225065816905
0.8358693253987302,0.34487563428504336
0.8161706310611935,0.3847266914863469
0.8063412401498016,0.38023980687396847
0.8090516556701826,0.27317392247533795
0.8234712424208511,0.2994073294412322
0.8459888680725964,0.3920327800754508
0.8719352140979679,0.4155872606224255
0.8974012038607689,0.46864895686917757
0.920245018500406,0.19849183905142784
0.9399313585649689,0.3996029836135579
0.9565745844709552,0.22900334232074468
0.9699658175737679,0.1794920003913932
0.979236710527381,0.3093065968500084
0.9833067922877231,0.3056800696129623
0.9817504118675155,0.2895659568269587
0.9755178479374262,0.3172715339361073
0.967082579420066,0.2494496748636126
0.9598778993824536,0.3661510140569597
0.9571934771479744,0.18128846127458262
0.9609736570948679,0.3371649471117023
0.9710679452791457,0.18734294404513413
0.9852898844967088,0.23372572021946764
1.0002176688480604,0.2068185351880299
1.0123030119307335,0.23451585792046653
1.0187806706957652,0.06064252439799705
1.0180804744744476,0.2537112517486158
1.0097498381404408,0.19250308371896316
0.9941410010209978,0.3035818421784686
0.9722154705961308,0.25937898059887915
0.945675372165355,0.1921583478374549
0.9172809603478681,0.1229320351227084
0.8909421967722161,0.2291832693618336
0.8712540915225391,0.20947301691346182
0.8625063963499076,0.16860896432917077
0.867526375273757,0.12833864926069902
0.8868132553250625,0.26529921705911796
0.9183097136004559,0.0634014337280638
0.9579125304156618,0.18686303221500827
1.0005496198209374,0.14628156643902315
1.041457213925714,0.1408410507024575
1.07722273028634,0.3154486708677693
1.1062031298698873,0.09615650492471804
1.1281279036346306,0.07280552593370843
1.143072758048941,-0.25768847316787835
1.1503749791106586,-0.22620798486515264
1.1481759597895378,-0.0917814487197338
1.1340068232433715,-0.27233081454108904
1.106307564558779,-0.20934371851331146
1.0662089924090987,-0.3005969866927075
1.01857209516478,-0.3417900739784439
0.9714653880031542,-0.28366212292085796
0.934010418154532,-0.46303707264177135
0.9134075256968576,-0.31274422552210607
0.9124007010108651,-0.27710080139944415
0.9282411554440824,-0.28924367410195534
0.9535407789064787,-0.25885809700420387
0.9786070793759045,-0.319208803087196
0.9942944539465609,-0.24011295576854236
0.9943488878736798,-0.20701246443220872
0.9766197977177749,-0.22490036550538245
0.9430770994356071,-0.22250663280003705
0.898997144618314,-0.3053042987799081
0.8517807075516343,-0.2985525584453232
0.8096645712011374,-0.3172456369999551
0.7803430950619339,-0.20837729122392587
0.7695024350792841,-0.1582137520369036
0.7794920789254817,-0.3284810640396434
0.8085467625808679,-0.24902867548776844
0.8508969129911914,-0.25003361802233415
0.8978338383368388,-0.24700654646328907
0.9395423578223833,-0.21340675355857366
0.9673278588859653,-0.22550160334400224
0.9756823317513073,-0.16063089567281916
0.9635475517335905,-0.28900858413182495
0.9343213810223142,-0.2407969785307312
0.894597184865515,-0.22463951641318558
0.8521061364273648,-0.30405047313168
0.8136301154891494,-0.16161504570566568
0.7836529376928443,-0.1742377810813864
0.764177119988654,-0.11672706015865204
0.7555331426129023,-0.18132352544996527
0.7574739218143263,-0.2371815953560225
0.7697902774730819,-0.2531572966457825
0.7921582026012015,-0.19101833639108945
0.8235234957487685,-0.29832881934442734
0.861596981238274,-0.24401582009988326
0.9028834018559984,-0.3879213546991483
0.9433123320161713,-0.21618489720450493
0.9792217338789752,-0.29816053468095527
1.008273877448624,-0.1878837399074644
1.029888995086266,-0.15528934821750484
1.044988510267141,-0.16709061506315276
1.0551806820171883,-0.08627988431260353
1.0617829413933366,-0.21740162418203854
1.0650838650371914,-0.2447607696791991
1.0640690542722948,-0.2175915229645866
1.0566656328686086,-0.2669329074197752
1.0404706489725994,-0.2569383620588901
1.013831852219523,-0.235217967875982
0.9769864948447878,-0.31189830432452537
0.9328025656524128,-0.25495807297942913
0.8866486447895693,-0.2588999311523143
0.8451849194764236,-0.1574251720128058
0.8144040397607671,-0.2716594953396156
0.7977419615578022,-0.23313772782401967
0.7951323087626402,-0.30593692143662493
0.8034336535208264,-0.23724051613434044
0.8180074577614426,-0.23328424834493958
0.8346916275014035,-0.194963267713421
0.8512350332054842,-0.19410312938464797
0.8675584303595113,-0.30499157990405473
0.8848568897968103,-0.16721421104053655
0.9041649979538241,-0.22546561788836045
0.925204748182622,-0.05574843052921527
0.9460608813112877,-0.2139874974788085
0.9637211160802404,-0.21074190240007676
0.9751147701711771,-0.16837427911119554
0.978153551346987,-0.12484164972947916
0.9723831303205765,-0.20476355693572998
0.9590910478800557,-0.26982042407232815
0.9409770055084374,-0.23592199971158936
0.9216331919825405,-0.19767638131621598
0.9050181269248018,-0.20225330598166189
0.8949171895257542,-0.21975217844638936
0.8942691052072146,-0.21640177032793637
0.904353875646484,-0.2726440960145867
0.9241125723281813,-0.1399446328573534
0.9500405678576712,-0.20015417614529013
0.9769798814856631,-0.2434499611848882
0.9997697621971696,-0.25284890608197236
1.0152520792259547,-0.14041715391138718
1.0237941322590447,-0.19054816494090743
1.0295504204498227,-0.25144872192228945
1.039222306422743,-0.1852562743686816
1.0598188435736975,-0.2388086030391948
1.0963960329612157,-0.1660784043475522
1.1506539551635302,-0.28585358395201566
1.2207387396639575,-0.26999100072194127
1.3020463541670835,-0.2913180689174054
1.3885345938680287,-0.27684530327585155
1.474014292230877,-0.2932784530903048
1.5530329444582627,-0.20556002563804449
1.6212214033308237,-0.17413036332865758
1.6752192113007678,-0.3025490960175058
1.7124144184475925,-0.23082013760857234
1.7307508159152838,-0.2199226071368825
1.7287986920450868,-0.2568203256597223
1.7061036508917575,-0.2275369594033952
1.6635783088142895,-0.2331693841840045
1.6036099044140892,-0.20938839387827046
1.52974150797841,-0.2907711979681782
1.4460921753825466,-0.2505271688537762
1.3568641412098335,-0.242681376457241
1.2662063202589666,-0.1597915005237381
1.1784072278561153,-0.20725929015504052
1.0980882305110538,-0.21603197508297123
1.0299945653246305,-0.19529199109316095
0.9781932189662739,-0.03221795550914216
0.9448386748877899,-0.23337194959150728
0.9289798331781389,-0.206180765718894
0.9260372892159858,-0.1611869588108206
0.9284781086885832,-0.16111405398920356
0.9277965376514322,-0.19855177068012836
0.9172954113925912,-0.25291156573019663
0.8946577038914941,-0.24946373252611526
0.8632018817051622,-0.3402658298689904
0.8311291079748252,-0.14726007221690518
0.8088220716700921,-0.12332971708746104
0.8050291665489238,-0.237828686481863
0.8232870218809152,-0.20215856852538938
0.8599811839361923,-0.1536313792277674
0.9049012613996728,-0.15936917359261976
0.9441714682137962,-0.16273476696276046
0.9644736500482357,-0.2854144926894206
0.9570129363059543,-0.13480043531842767
0.919933219601813,-0.15740406723469993
0.8586285718847145,-0.23566790469772617
0.7840938076548571,-0.24396354081135205
0.7098598962582652,-0.24262845047106654
0.6483201729924106,-0.16229204599147815
0.6074672067538158,-0.2500646666907847
0.5890678105003828,-0.1364649407764505
0.5889570210984579,-0.2168014753620938
0.5994370472658064,-0.16813937871928422
0.6129170260394023,-0.24068342611095628
0.6253828506561465,-0.3888843298195247
0.6384561802458424,-0.21708256378352325
0.6595186275341564,-0.22525873576964886
0.7000265465203381,-0.18562041318314146
0.7723959392369055,-0.23142920116834806
0.8859259287936077,-0.19749777105428293
1.0424683500822012,-0.19447016433493072
1.2329295634268953,-0.2662962246827779
1.4359804672641214,-0.34561798267142757
1.6202839918601515,-0.2043177516484568
1.7507981676368911,-0.1895110719612582
1.798071928026678,-0.12405303691186453
1.747435362708317,-0.2327352419311339
1.6041033839231043,-0.16319549386971846
1.3917600780481045,-0.2813085946702784
1.1454279799168947,-0.057496247751865695
0.9019554612137011,-0.19362914997442082
0.6917736994808001,-0.24612924569893904
0.5341813014884453,-0.18042353414119325
0.4365414763473576,-0.24279302856652085
0.3962984905170278,-0.2585731162130626
0.4041538004902856,-0.29555073668146836
0.44716725899794973,-0.13056763644764305
0.5113689304337233,-0.2580280164497308
0.5838892864994999,-0.14549697324988833
0.6544952245254504,-0.3112496269858222
0.716260092049936,-0.244442849154623
0.765289021983509,-0.3041982078099149
0.7998536835101032,-0.10672547427412625
0.8195742311401475,-0.22001444262067923
0.8251229990460921,-0.1826627740397303
0.8183969185401387,-0.1934752433532511
0.8026652325396919,-0.16420735087837934
0.78222717451266,-0.15334318225942214
0.7615342614536096,-0.20291329966775076
0.7441441189510213,-0.14978133411884834
0.7319847148391594,-0.28873688083080656
0.7252230514045487,-0.1010747233357556
0.7227059835570575,-0.16408173051567934
0.7226588420418792,-0.2650514652388788
0.7232791062275293,-0.1531091437918516
0.7230743465743961,-0.18785381924083575
0.7210339048003238,-0.11771533371931732
0.7167701571415208,-0.26645931248479093
0.7106530058171108,-0.14280249312475096
0.7038420772969025,-0.2800599576520323
0.6980819154816107,-0.14482963469204632
0.6952082616475498,-0.24070215260288538
0.6964927978666946,-0.28975607137215653
0.7020893868350049,-0.2437810931927428
0.710818618458672,-0.22184497466830666
0.7203818442858821,-0.10993212040362042
0.727963086696795,-0.18424550161175443
0.7311185738711543,-0.21371622751455555
0.7287875604632326,-0.1572535904229722
0.7220959563668601,-0.19130579974579734
0.7145029261419216,-0.23848363292064853
0.7110286464541242,-0.15645802572117543
0.7167793765338842,-0.2621237805974673
0.7353618934679473,-0.23539859668980762
0.7677660846060415,-0.2309269062912159
0.8120386615274615,-0.14236422107348645
0.8638389785066831,-0.21564503346165995
0.9177646562965216,-0.11962269183669325
0.9690629322179377,-0.10881267492207407
1.0151099521905758,-0.1615995543164668
1.0560620886078491,-0.14005253914396507
1.0944164359449429,-0.2596881436276524
1.1336998365676447,-0.1646793925100604
1.176892019018696,-0.1920090496111259
1.2252845493996185,-0.17694911860406437
1.2782219858520696,-0.13975239608515377
1.3336929769682033,-0.22254444265617837
1.3893143817259062,-0.05604756247358894
1.4431170009354972,-0.24389147643105386
1.4937355746354746,-0.2403241927042368
1.539997863512537,-0.19887437403045802
1.5802938465475642,-0.0702273021518374
1.6122841097782445,-0.17531136313326373
1.6333639269470832,-0.28668477663871683
1.6418681002069206,-0.17224220862845643
1.6384713922381695,-0.3061652646151669
1.6269446723671803,-0.29170628295840023
1.6136594218336935,-0.18697709489438621
1.6059192266394273,-0.2665761199511361
1.6098555556007452,-0.1416336030304939
1.6287885979896546,-0.15714986875706372
1.662586487191049,-0.13165467543340692
1.7080066813589756,-0.16599595968883987
1.759651724386096,-0.263538175481142
1.8111548338589754,-0.10478446755162735
1.8563662813059878,-0.22006384668379028
1.8903924743221308,-0.14902246483457218
1.9103279434658056,-0.04201288443038558
1.915586370165895,-0.1409291101493142
1.9078950275520756,-0.1736718223571294
1.8910763593048188,-0.1079916546051651
1.8706142382166346,-0.1455795773315036
1.852861260805569,-0.054835462531093886
1.8438190020254663,-0.04578957902892115
1.847733827790586,-0.10096461444507177
1.866044245042038,0.10868452638976706
1.8971921113912207,-0.02590423098569994
1.9374115218085404,0.03836035632129987
1.982102297080119,0.16551673333728203
2.0271501581822666,-0.09241536410785425
2.069697911666645,1.7197671903087735
2.108199615112004,1.6254577590317247
2.1418787693785815,1.6017929613219373
2.1699287896532433,1.6780167644326864
2.1909293879644482,1.8686662429703986
2.2028866772570597,4.569229476370877
2.203985891988565,4.5664571962178915
2.1937350304031162,4.548548171804013
2.1739097473456415,4.566049120235373
2.1487038141175905,4.596901421719968
2.1237583354931613,3.064137926058104
2.1042429357177843,3.0448421313252703
2.0927210875752893,3.0786499916423655
2.0878312906745657,3.000096518626063
2.0845752911392808,3.1020628097674727
2.0762432429200977,3.092609982023039
2.0571309348694147,3.1496919836802904
2.024758293053745,3.1981382487618117
1.9805662328535631,3.2311874340047293
1.928898861811187,3.2957102156278286
1.8749746476221647,3.35267604898249
1.8229682258034288,3.458099352383239
1.77504730593619,3.4662838294001435
1.7315042012760724,3.6944587285938613
1.691510484197278,3.6972226731782474
1.6538742493870857,3.7768833231871017
1.6174541067734514,4.063487306336736
1.5812551553913379,4.1477704529285795
1.5444348372306484,4.159664351993786
1.506446076835366,4.428875975474758
1.4674089054543853,1.7711851956216855
1.428582619750614,1.8467483879341562
1.392600564122723,1.7042563335651864
1.3630903841686104,1.8265804236128753
1.3435289766180358,1.7543807085600456
1.3355769514259777,1.7500761019079762
1.3374998249647148,1.6315129822730803
1.343448809819974,1.569067242054505
1.3442204439784082,1.5887892076213288
1.329589784907115,1.6110536544379266
1.2915915941263072,1.6402586751073907
1.2275804173921865,1.4713286372881675
1.1418390512086949,1.5029787926274112
1.0449964186085425,1.5102971679766588
0.951363718783029,1.451724985468576
0.8750833925940483,1.5594963656759968
0.8263392968828365,1.3974839506560564
0.80875184949457,1.5070343622912925
0.8186529667440154,1.4235927155902512
0.8463524972231115,1.4605513251849038
0.8789019976258058,1.6592782365285041
0.9034454599258271,1.6342417095279895
0.9102065799032579,1.86818633789031
0.8944582467899415,2.0051277055803522
0.8571962651849376,2.000881671305107
0.8044832476427723,2.1683437275451736
0.7455849292186822,2.1060754157147255
0.6902706439590396,1.9254070136176145
0.6459892663588862,1.7221009461443149
0.615813002682853,1.654459301869638
0.5978492681366498,1.3706273966394635
0.5863075644405946,1.2731389238004633
0.5738337663914659,1.133469137220489
0.554329012482047,1.1192558906926853
0.5253338462275008,1.0776412478082258
0.48915876438424155,0.9895268083555081
0.4522856847057496,1.1011443323168588
0.4231516873736648,1.0534273044404419
0.4090750718957885,0.9438937042996004
0.41345695093824075,0.964369234763889
0.43430476315113653,0.9543393972464198
0.4646693562622831,0.8726670425084229
0.49492825861397627,0.9350359577774792
0.5161356013644134,1.010860204035719
0.5231557567902964,0.905535374166025
0.5163134054827909,0.9403306232106877
0.5009150140796579,0.8587023661037928
0.48495249436013455,1.003307241840092
0.47608748104630694,0.819417165561604
0.4792107662005618,0.8316964729654437
0.4954165828827801,0.7559905228083605
0.5224575489695443,0.7918285311364952
0.5561174946277262,0.8223035723744007
0.5917360741519002,0.7162553403983621
0.6253064591200888,0.7167062715198963
0.6539326348102983,0.7279114853791246
0.675787541575078,0.7091844803655649
0.6899280366300561,0.7003961221610476
0.6962911314509712,0.6834437537387567
0.6959156357799636,0.6751347694210839
0.6911021655433941,0.6886716201480044
0.6851322896401388,0.6765927464387279
0.6814177454915566,0.6323795228794133
0.6823444105779567,0.646754785037345
0.6883154465571404,0.6553259383876684
0.6974467674916036,0.6199892998668163
0.7061015330338276,0.5247176469093198
0.7101232401471083,0.4719291515679395
0.7063488851460569,0.5923151076924417
0.6938396603821986,0.5680632792308035
0.6743424793580605,0.41097369357282587
0.6517845339680792,0.44990750700371834
0.6309756184287361,0.5881248433009534
0.6160011191295347,0.5937762676226198
0.6089158454398671,0.5452866322566285
0.6092131186509468,0.3558508126058285
0.6141869070215166,0.5936093750774727
0.6199316602049414,0.46184648339222667
0.6225406586289256,0.47139069292481534
0.6191126587187314,0.5624443199309451
0.6083542643340005,0.5856766055832526
0.5907272256063152,0.4779259480588528
0.5681693280168685,0.48785928327176703
0.5434812656693799,0.35787060125485665
0.5195820345503965,0.42599737445848124
0.49888781683184624,0.399016830843826
0.48293312238275177,0.4383283080199301
0.47213645249329883,0.47054436992313325
0.46558264355403356,0.4762403610205629
0.46090911018581215,0.29777580905210954
0.45458466924645924,0.3520244817949623
0.44279858881041645,0.30049244403699404
0.42285851716428824,0.2955359951041919
0.39463857949578784,0.3766206069325494
0.36141436639480606,0.36029294443391957
0.32951596630953395,0.3099793989954983
0.3066794693043692,0.309528340911331
0.2996013764194363,0.21145932574144408
0.31163137641366634,0.22687888819719074
0.3415069203501402,0.18540721064382276
0.38356411241315236,0.25373371656347044
0.42923669275695353,0.20629463260159567
0.46922547892769373,0.2943332381746455
0.4956529230690764,0.3255586326574411
0.5037064935510421,0.1444767809982639
0.4925187029669118,0.14296492663117963
0.465227587020961,0.24074961897410557
0.4282957096845076,0.2360815706344467
0.39025357264109817,0.10876741918809664
0.3600987444899225,0.3380197808897973
0.3456157086325642,0.09524309064056018
0.3518633607020014,0.12694182989756844
0.3800535278181404,0.2445834165225509
0.4270620010881446,0.12390047762933075
0.485799970672268,0.17851351007759003
0.5465197278797647,0.1543934655764897
0.5988618762083591,0.10253317381017481
0.6341994676317579,0.2204324351758276
0.6476886998457623,0.20553481982034885
0.6394456744890675,0.1831875899468401
0.6144622137092306,0.1456653917520066
0.5812159488937229,0.0072727912825680235
0.5493275474431824,0.05826429943158372
0.5269565044155082,0.14653444422482506
0.518766441397065,0.13064252779049473
0.525099864463126,-0.24707776255985875
0.542508904082778,-0.3926142441117469
0.5652666973484654,-0.2909318088392131
0.5872334445052172,-0.3070344619159956
0.6035010898610365,-0.2506376528780247
0.611418907232047,-0.32537506417766293
0.6108107402407736,-0.2185971742184152
0.6034389989909453,-0.2995194919390094
0.5920164420261806,-0.2649700182040769
0.5792073789080544,-0.12976898437072007
0.5669837316167277,-0.2705080803633238
0.5564125519937964,-0.18077556840029899
0.5476676089599548,-0.2586704013991694
0.5400365275645255,-0.34515210445926947
0.5319164933534302,-0.2919046901916012
0.5209907694244997,-0.41156428664658323
0.5047686021996588,-0.27146409343503075
0.481471866842915,-0.3255799707695635
0.4509995493363361,-0.23515991295666405
0.4155476042062657,-0.41687973941975087
0.3794893870726488,-0.3121202271112504
0.34835102525083184,-0.24782283708547376
0.3271308443040716,-0.3896767435522377
0.3186380839131192,-0.27426119870933585
0.32262402762070974,-0.3374156398964072
0.3360825940697586,-0.38925543200601503
0.3544681704792808,-0.21572479809076148
0.3731683182534764,-0.25055736716964905
0.3886064154931308,-0.31528752256022147
0.39870792039026137,-0.3575708633361841
0.402837693719135,-0.2693408614027309
0.40148240946979563,-0.1488894372960519
0.395927678686407,-0.3106413974559782
0.388106874422425,-0.3233781939853584
0.38069330466349594,-0.3152475445470837
0.3772754454132544,-0.2894323688321082
0.3821894309427042,-0.2958559017608574
0.39959205592088887,-0.24222570542000832
0.43178591863527405,-0.3346149891798007
0.47740162210350456,-0.16010580932197788
0.530367473608145,-0.32871319727663006
0.5804221088997248,-0.3069381210609256
0.6153572601499298,-0.376023229570233
0.6244856249035476,-0.35075736934357504
0.6022390271971069,-0.3753544642115337
0.5505329349099704,-0.28156140248077893
0.4788308252822463,-0.4247987970271345
0.4017264235625948,-0.4194120298710792
0.334912345746328,-0.26946362149747327
0.2910214474670497,-0.3236231310280775
0.27673083998953285,-0.3225149126091071
0.2918842515735932,-0.19969253756853764
0.33058781428028294,-0.332350365248271
0.3835928068025638,-0.28880126197765865
0.44100619820778775,-0.3114019095722416
0.49450126115048576,-0.32921376789745876
0.538574155636006,-0.31865636532709857
0.5707853844783707,-0.3708298313610842
0.5912171149626231,-0.19148841403601138
0.6015468036989594,-0.2897366886647919
0.6041500102791919,-0.421624647756881
0.6014647625084387,-0.3733756344990088
0.5955874580524797,-0.2243831392146612
0.5879611172786963,-0.2709456142998284
0.579140541819637,-0.2678689538360239
0.5687886553873405,-0.26869566652587706
0.5560696808823908,-0.3415296599356674
0.5404317430098913,-0.16797476842263598
0.5224977358021488,-0.3476849998488466
0.5045594365785155,-0.5060939479877455
0.4902187545710196,-0.4784991911521883
0.48314078485709155,-0.2933029284809743
0.4854518865718229,-0.3413662636182383
0.4966333047606297,-0.28500248813240964
0.5135787344000041,-0.3322572519475659
0.5318706242650797,-0.367738813282946
0.5476402945848232,-0.3181675519559202
0.5590600100009611,-0.4722110841244511
0.5667780410202388,-0.3006309088497467
0.5732305909803943,-0.6122628866644765
0.5813260729292018,-0.29476227855993037
0.5932290401897038,-0.45013357644348545
0.6098226367273538,-0.23826086129333873
0.6309805964733154,-0.3083889614418377
0.6562779678565507,-0.23149731448729116
0.6855552309725625,-0.2627122892055641
0.7189590940630264,-0.364208673361301
0.756507601982138,-0.2126895617112835
0.7975404939092453,-0.21373414866323664
0.8404602422799491,-0.3349206917277587
0.8830129751162461,-0.32503281306435433
0.9231193007581455,-0.23739794777595835
0.9599873554350311,-0.3430962918377244
0.9949943449588612,-0.28769937620630137
1.0317685812060404,-0.3907270887093047
1.0751500796701954,-0.48875897630247034
1.1291893758788805,-0.43637598493473556
1.194855962293148,-0.31512877314122584
1.2684143008331679,-0.29391526099673326
1.3412985246911584,-0.4255917605993789
1.4017794457067811,-0.3600129192996877
1.4379955465387142,-0.5359921021742903
1.4413521094429362,-0.19833126169730975
1.4091320334595123,-0.42460170469944103
1.3454491762063352,-0.43176715024426415
1.2602723734154948,-0.45161723973352985
1.1669111123125657,-0.42893204166999166
1.0788028528677185,-0.28704599930234326
1.0065189315015106,-0.23218313894954593
0.9556845881630138,-0.2782202117152075
0.9261746756855452,-0.4538653576462569
0.9126212767727065,-0.44969592385959173
0.9060109211260032,-0.31341631289618954
0.8959909804111028,-0.4640895401751913
0.8734188157227121,-0.4302071429130598
0.8326344841316391,-0.3787650573076157
0.772959754459468,-0.44506774580471714
0.6990762394049841,-0.4024429023645786
0.6201716978266852,-0.3588436584697718
0.5479754876462957,-0.3750211204606052
0.49401743617296845,-0.3708866168186335
0.4666919396739887,-0.34328468074582513
0.4689329804918505,-0.4689938570730719
0.4972869321502774,-0.33622369743293573
0.5427678128070064,-0.35757223079774814
0.5932357573677075,-0.44270397218814156
0.6364863811908958,-0.41186567985056766
0.6630507476093753,-0.41606798077100426
0.6679170884796368,-0.32691725975282615
0.6508233686428293,-0.45050073263734747
0.6152562971143416,-0.34090460399543643
0.5667197743554511,-0.41730022217325663
0.511044168919055,-0.4068607468297604
0.45332880466225767,-0.33175992613488714
0.3976319086873005,-0.4016168520154768
0.34709910692917856,-0.32703302213273266
0.30414435763031455,-0.253856243501273
0.27055839846594376,-0.39248054467707666
0.24772512710667927,-0.353632102224452
0.23713257404751475,-0.39900767658958264
0.2410706314968004,-0.43365184687790337
0.2631753613625383,-0.35580271722641416
0.30851268022613076,-0.3967358393765516
0.3829867588736946,-0.40599644431075044
0.4918525753893427,-0.33960191742420603
0.6372453513487844,-0.43593952584166995
0.8151526280253069,-0.4911776804722481
1.0129075758470352,-0.4159038145270913
1.2085821032815383,-0.3986152656046164
1.3733757491710776,-0.49971649453760286
1.4772526616037638,-0.4663676425352699
1.4967079891192339,-0.4533967318490262
1.4220218777375515,-0.5025698140385209
1.2608201004005095,-0.37964604304136174
1.036218120109865,-0.44338191643762315
0.7805676733356249,-0.25193538041991637
0.5277491248530659,-0.4644087246918962
0.306841593206832,-0.5462636933922925
0.13851669307308379,-0.2811947009925628
0.03397110573228701,-0.34100075316260664
-0.004575879409379757,-0.30855746019689134
0.017269619377353385,-0.3212027753911262
0.08755955087085765,-0.4697650476914151
0.1899989226690697,-0.30284721682086213
0.30654811202231835,-0.35564544064888126
0.42020256393773914,-0.47976215290030483
0.5172171159758234,-0.4104421950445436
0.5883149191380947,-0.4065628475198934
0.6289492556255973,-0.5519807752697802
0.6389819995066361,-0.46156706136069375
0.6220682772527981,-0.4495889054037565
0.5848052669382621,-0.451665380605031
0.5355915626377806,-0.4734578232523102
0.4832633276733014,-0.32246879648820664
0.4357969760326432,-0.41850052602909277
0.39943800508920946,-0.3292414215884066
0.3783966156060721,-0.4611460244377576
0.37490191525659633,-0.391273896768948
0.3892511964061879,-0.4053209925630369
0.4196882641124252,-0.30434579942679957
0.4623023988481373,-0.4136280812194556
0.5112977605857971,-0.49976586711375914
0.5598132435180702,-0.49310140427167826
0.601181539064207,-0.5147915381721512
0.6303104970762436,-0.4801362270475787
0.6447515419921671,-0.37381356599742566
0.6450094991124944,-0.5136033470502782
0.6338882835974513,-0.3446277748662979
0.6151233478325565,-0.5223906287038219
0.591909926491777,-0.49823378940824303
0.5659666841492454,-0.36488449730659256
0.537553814864774,-0.4697109565788419
0.5065270764165402,-0.47821347296933814
0.47405635000073476,-0.4351611463202552
0.4441472425699594,-0.4058177954851533
0.4239172974028049,-0.42514368233091854
0.4220396125577751,-0.3939684315453959
0.44576528600745113,-0.42548478981387644
0.49783721671234105,-0.6480689554328344
0.5747694433501767,-0.4828076432116799
0.6673000387262678,-0.3996332797910665
0.762799740672724,-0.4742767438238371
0.848622183434387,-0.4856668549755261
0.915154923821631,-0.5690964286324117
0.9576617779713426,-0.45669155096507874
0.9766262317135932,-0.3944764476642507
0.9768727200028082,-0.4278328595268687
0.9660207325439489,-0.39841588718494203
0.9527751285606857,-0.4998431677221255
0.9453292402799035,-0.4202664996063376
0.94998719175166,-0.5655637835791988
0.970112838741525,-0.42532387101113706
1.0055900989732187,-0.38472089071798043
1.0529677181853463,-0.33687042321349864
1.1063226309136678,-0.48727521179721517
1.158695448489262,-0.4293123235758062
1.2038091158460333,-0.5598246721714569
1.2377048266265795,-0.5621783247489264
1.2599101804616633,-0.48174739008520767
1.273796993961164,-0.4495773786903483
1.2859343503778329,-0.4045956229917147
1.3044933037971207,-0.43216550058575487
1.3370282413670824,-0.492076296413589
1.3881986948274272,-0.41876273345067416
1.4581616719199162,-0.5355147207577228
1.5422825448484305,-0.4210532343967232
1.6323575173880214,-0.37325661232608154
1.7189218883305157,-0.3553391159457427
1.7938121978500075,-0.316143380898053
1.8521256800276222,-0.5668007464573211
1.8930051057781183,-0.46111138266668716
1.919134105164313,-0.5147143112092493
1.9352859342678757,-0.42217226808112196
1.9465418992656578,-0.37034253709683174
1.9568163546180832,-0.4790318422490763
1.9681339479929978,-0.29010272819355065
1.9807467229769955,-0.3143379012707216
1.9937878837478697,-0.34024469121182427
2.0059967698036436,-0.3381573644844762
2.0162301680218775,-0.419818439518252
2.0237805229267183,-0.2682513117375015
2.028646458585481,-0.37550731097661477
2.031772914722205,-0.307020896349434
2.0350713861023264,-0.2276884737929463
2.040980886980866,-0.25257113534135556
2.05153673645959,-0.200514719682255
2.0672379586787595,-0.17743112154729712
2.0862144879134576,-0.2924894505865025
2.1041909980972786,-0.19018665910019908
2.115511287281504,-0.10781672647276176
2.115020520326712,-0.11616544984297861
2.1000718226000874,2.598461228166696
2.0717123794722676,2.5782664101009805
2.0344534588427052,2.623585870123092
1.9947377233492962,2.6167513590558906
1.9588228109477523,2.6682072394882193
1.930985398159565,2.7531472383985003
1.9127083508950484,2.7512726910548158
1.9030238515844549,2.6559457415895897
1.8996677429755071,2.751356955281969
1.9003718594529144,2.823535052278312
1.9036498061623492,2.8945697443391847
1.908812320391852,2.86136653904242
1.915427242590254,2.991873994026838
1.922697411285868,2.9270961103813247
1.9291745054030889,3.0488723498375307
1.9329883166396304,3.0048713371481663
1.932490284376434,2.994677161917942
1.9269792042590903,3.11681727515474
1.9170755926478042,3.224783092676874
1.9043982566769664,3.293359312887496
1.8905023234264062,3.4773909374324106
1.8754937817553667,3.6648967876123355
1.8570891804012062,3.9066448276400014
1.8308384935133932,3.975667228247609
1.7917049474633795,4.2927209352151054
1.7364683214612548,1.5414518549674072
1.665915593826326,1.561084534374643
1.5857877668983025,1.5281331328541363
1.5059394721332402,1.435855638638941
1.4378870444228642,1.418842060472344
1.3915639270881295,1.3444187242748395
1.3724019619178058,1.401249062013585
1.3796875483319089,1.3386786744052868
1.4066408195449134,1.3319573962571245
1.4421145639588462,1.1639887387880818
1.4733625536701886,1.1532639305067025
1.4890409597815055,1.2176205961839923
1.4815978819331497,1.1490705006280335
1.4485134153405583,1.2035860946497863
1.3922872776812565,1.0165470213787136
1.319396443109487,1.1828220246550203
1.238593877936925,1.178774038929164
1.1589664885071307,1.2035810256561459
1.0881741174678223,1.2541869822459066
1.031199608555969,1.1801771617457302
0.9897248840432782,1.214548162212161
0.9620923008143725,1.2519433807542297
0.9438804878229268,1.470433940333813
0.9291913726974924,1.7641787870897274
0.9124591560717782,1.759940623118039
0.8901095387219309,1.769976193614262
0.8612929903357504,1.6880700559387372
0.8274204386565378,1.512564384918596
0.7909130545881617,1.3855074255440083
0.7538826542114663,1.1438484552546426
0.717307720339708,0.9975367698211622
0.6809755584934234,0.9148445328498752
0.6442166447439936,0.844982030431509
0.6071841770627016,0.8739676207484047
0.572100725038764,0.6196076505090972
0.5437315108345702,0.8439034108558913
0.5285990962503786,0.5368524581290981
0.5330529736637745,0.737738813646419
0.5608788175815126,0.6048218701535703
0.6113631219775383,0.7302597744629814
0.6785820946683334,0.546610653604232
0.7522923881271257,0.5784072153336998
0.8202843019828857,0.7916873884840016
0.871508007201977,0.5427710921585267
0.8988976059901,0.49345462966787657
0.9008756314981925,0.47544249764134117
0.881100411658608,0.45439408571884854
0.8468081396715497,0.4590507881441606
0.806609146987971,0.3811919157420081
0.7685686382838991,0.445338089207794
0.7389895621494608,0.4750089179942821
0.7218716262845899,0.5279763165674562
0.7187857951428982,0.47744772475738695
0.7289057357608749,0.30372825228716194
0.7491006809710581,0.36755916703286096
0.7742210610499943,0.4268325423120714
0.7978470436334834,0.4201793205414306
0.813650978315788,0.37172731199106984
0.81714687098617,0.20319883645808332
0.8072173485521794,0.3436064010157572
0.7867299671794672,0.3389156953731766
0.7618593909525914,0.09982219469920688
0.7402330969894599,0.43668876789495636
0.72848181551306,0.2369552737662325
0.7300585057070798,0.13692798109641574
0.7441677828641128,0.20510191106091563
0.7662314044525345,0.34805714185463765
0.789647134436848,0.2631215542865408
0.808064648707958,0.1974038071268765
0.817305288728688,0.16872376230087777
0.8163527970017748,0.10627054581748141
0.8072776658265672,0.1462979032921743
0.7943123466252051,0.16860263756365634
0.7824938066150626,0.15785556608050405
0.7763281405801666,0.14808217969103002
0.7788203468089583,0.10427479243888671
0.7909983724086568,0.035792822991333906
0.8118394696089689,0.034187249142667755
0.8384021784607498,0.0808726940009325
0.866059570828793,0.23472098611731448
0.888945075664736,-0.02317297442103586
0.9008434959034298,-0.09477807348473638
0.8966193626822927,0.20988106532600587
0.8739205170622996,0.1269495646985034
0.8345544180761572,0.06063862459802379
0.7848518372104905,-0.1247057182512027
0.7346119392603553,0.0960038027460654
0.694763381183263,0.004977763298114881
0.6744300480235548,-0.028799723878430904
0.6783908016760892,-0.07377814612283616
0.705803880934296,-0.08512567570007602
0.7505641582030855,0.056444464309695574
0.803036315957912,0.025004169833358906
0.8524924756360704,-0.13997498952114726
0.8895387789055933,-0.05613754483774817
0.9080257177342324,-0.024770353490677244
0.9061691087424626,-0.13343973371036416
0.8867488154728994,-0.07945943574836743
0.8563523145676493,-0.08771567130321843
0.82378247887845,-0.06971373784604364
0.797964782837481,-0.1834465828822948
0.7858735158589594,-0.1728815856956988
0.7910279149751127,-0.06531972333514552
0.8129293963545401,-0.2400454839067445
0.8474732714073122,-0.08331651606172677
0.8880580889125889,-0.20558938626200482
0.9270296938924153,-0.2548221013146945
0.9572115405644966,-0.21843949491607167
0.9733560381900024,-0.22617656356198423
0.9732646003722946,-0.16475382460897844
0.9582025304127684,-0.08628154064590685
0.9323302117064813,-0.2122100781208399
0.9012470070777009,-0.21805983831319764
0.8701743700179375,-0.1905320109487656
0.8424912739557848,-0.21483816730162647
0.8191645290229783,-0.2402338656980217
0.7992090598912974,-0.1897973464277122
0.7808839054455039,-0.2049862439982047
0.763041866504163,-0.2073610656089287
0.7459944882678258,-0.24406137172276912
0.7314776689910424,-0.3025474439866768
0.7217571243340457,-0.2475116817806512
0.7183858084885539,-0.3125305675170553
0.7213368280098557,-0.27389783802807205
0.7290373999271588,-0.3346315349949642
0.7393174922876876,-0.6164043377975498
0.7507378292978268,-0.7263842353653273
0.7634850791395895,-0.7577967558453664
0.7792043975178243,-0.6994880247812422
0.7997317307356142,-0.5952123980025505
0.8253911814351851,-0.5850393733980879
0.8538936480437825,-0.658378263630293
0.880589097832341,-0.6645719405977998
0.9000222462139761,-0.5659498768108483
0.9079987511511288,-0.7219824169134872
0.903177913954118,-0.7538668014819531
0.8875500572199135,-0.6177526062871709
0.8656929546000206,-0.6882009246204847
0.843182142760831,-0.6194740410035228
0.8248556054827878,-0.6947104122636789
0.8136831723663166,-0.7509813610871897
0.8106536384727187,-0.7115996539788682
0.8154919437184283,-0.5670620179852393
0.8275410481411419,-0.7485198715780715
0.8461322282207411,-0.7128060947748642
0.8702220159864191,-0.7443732155540934
0.8976591406425134,-0.665040996915959
0.9247457928716383,-0.6241410957801925
0.9465724807293439,-0.6967592330098537
0.9581145158037375,-0.7980620522440001
0.9556821323846114,-0.7748063326758023
0.9382290045743126,-0.7263307268097877
0.908114580156767,-0.686483055971982
0.8710057782130227,-0.6996732264059757
0.8347429645550406,-0.6096183062850924
0.8073187511283146,-0.7943444691650994
0.7945564138236043,-0.6754258065035096
0.7983548807985092,-0.7610579236764589
0.8162564158247397,-0.7571162046631632
0.842566532558712,-0.5538722549301317
0.8705320170552764,-0.6253366674259223
0.8945730226123026,-0.8746246740522785
0.9116224209004429,-0.6875911174484702
0.9212094858579005,-0.6805726299526239
0.9246033622749227,-0.7402360480877831
0.9236776609212978,-0.7523986964127563
0.9200796018240417,-0.7789917068508525
0.9149833897759347,-0.7276013253748804
0.9093848886639712,-0.7424569307426355
0.904612782755484,-0.595035480803484
0.9025573462627826,-0.7302821816542776
0.9052498520967517,-0.777961269423383
0.913903326667444,-0.7362724015933517
0.9279855081512429,-0.754608229796167
0.9449409312267886,-0.7289017634837193
0.9608311413210516,-0.7114794980893867
0.9717053976285774,-0.8081753977831653
0.9751557893078114,-0.743027532616206
0.9713689762132763,-0.6381702360882308
0.9631535131048099,-0.8996381861547
0.9548642481078333,-0.6677879743938416
0.950666508597174,-0.586153257962643
0.9529142104815171,-0.7020844854166817
0.9613506871192445,-0.775989514182954
0.9734002439635207,-0.9139665742785291
0.9852983430986406,-0.7469400485884184
0.9935309063878502,-0.7401704016257198
0.9960674476397503,-0.7186084691158279
0.9930051451791239,-0.6325588486781214
0.9864112343430723,-0.7447174027976564
0.9794293447508948,-0.7275444941004661
0.9750374252819628,-0.8156987287145222
0.9749760315822655,-0.6613250495318372
0.9792266028529856,-0.791610322527283
0.9861605108400249,-0.8096902797673764
0.9932369150334264,-0.7222025389961325
0.9979508122934083,-0.8041397648951176
0.9986740329503053,-0.6397853870995818
0.9951155283458627,-0.7199076647514406
0.988304737939565,-0.7865024305352103
0.9801915460398831,-0.7795435900637326
0.9730698901899748,-0.7462418536232166
0.9690043961895194,-0.8563279958262132
0.9693059686560432,-0.7838940627353259
0.9740259565817206,-0.7666683910320149
0.9815594235825377,-0.7885708139197295
0.9886514161542915,-0.6946966006434074
0.9910848114123156,-0.6789014308635171
0.9849945660566355,-0.7677621465025791
0.9683472007358757,-0.8258574008895773
0.9419552243236582,-0.7914888699148949
0.9095619101962732,-0.6942774249947518
0.8769217641280426,-0.6260775638175928
0.8502258939627998,-0.9429520933996687
0.834479497089019,-0.7194037085832501
0.8323917361064095,-0.7541808853185281
0.8440311965003792,-0.7949548199651456
0.8671401789239965,-0.8722682914942315
0.8977767861008717,-0.7811433354032945
0.9309483963523533,-0.8481823898299339
0.9611049466268451,-0.6676862016356173
0.9826499756729661,-0.7902046032693901
0.9907692716471721,-0.7076006189269586
0.9826870749967775,-0.7982912051162313
0.9590132245959312,-0.8014974185945707
0.924482637636019,-0.741146012245986
0.8874422152839829,-0.7751854512821336
0.8579549904315295,-0.8006390437313512
0.8450824893804798,-0.695176247023631
0.8543474239654434,-0.7967728389897034
0.8863258033019266,-0.7135680664632339
0.9368666559262468,-0.810464989569521
0.9988334120513287,-0.8134129033390871
1.0647005327597392,-0.6496621089924711
1.1290144927842765,-0.8347690063626003
1.1898099956658594,-0.7487164784093611
1.2485366619340297,-0.8048035075616403
1.3086800840137718,-0.7665440598095182
1.373796202604021,-0.655000427892985
1.445872405329447,-0.7229243109604664
1.524645376235362,-0.9189419533951404
1.6079300025704923,-0.8279030684104126
1.6925465448429464,-0.8181990531004215
1.7752909736100084,-0.8325634241387017
1.8535035939593016,-0.9829348382540642
1.9250163407540284,-0.9366144549412041
1.9875374492018412,-0.7829545370130624
2.0378332189206834,-0.8826144446917685
2.071276039676315,-0.6658036705286104
2.0822557406694315,-0.7722565863367059
2.065537722923623,-0.8324320020232497
2.0180945095092695,-0.7698178170712393
1.940584089286635,-0.6667944934568035
1.837772795127443,-0.6977971736592748
1.7177586350068381,-0.8026310420330754
1.590431643465152,-0.7219021858217868
1.4658042135546383,-0.820372832720155
1.3526592633672267,-0.8029672205367483
1.2576891810566333,-0.8224646080798618
1.1851145525812377,-0.8018364047476119
1.1366638770190223,-0.8005495285304377
1.111726191159412,-0.816143122176157
1.1074782785100874,-0.7957337806423099
1.1189054272910928,-0.8379553242468818
1.138914457873065,-0.7971104673301602
1.1590070490570616,-0.7984371440638212
1.1708836063822052,-0.8473882801448935
1.1687370068377785,-0.6946261150771873
1.1512667860741332,-0.8076737828353756
1.1222660555612718,-0.8114826109088655
1.0892628073670452,-0.8067108349137752
1.0606988373309278,-0.8117696305090659
1.0428295500435638,-0.7696736513955358
1.0375796412293385,-0.7653592462984261
1.0420861107931205,-0.8855859880427747
1.0499351074637462,-0.7731993672264265
1.0534998215635507,-0.7550887862087334
1.0465071052962467,-0.822998616338257
1.0260072128647464,-0.8237181046483496
0.9932060726261944,-0.7614215297022328
0.9530382524298964,-0.8795427406827323
0.9127642677184626,-0.8366174494584047
0.8800790570595077,-0.681377154824886
0.8611697630880779,-0.9102213980751948
0.8590762797263156,-0.8669412874375966
0.8727789537120054,-0.77590163233898
0.8974672749418682,-0.8390946872323678
0.9261006719071153,-0.739169023042888
0.9517872074440675,-0.6679281083428784
0.970186126549333,-0.7846632500648374
0.9812699022049446,-0.8337483736077254
0.9900370488465371,-0.7924618122841265
1.0058747324301853,-0.8322366732378741
1.040357154952872,-0.712231838432533
1.1035991543343269,-0.828311029976665
1.199914441061735,-0.8520841460344186
1.3242127625799254,-0.7474789252444641
1.460882558225777,-0.8500173223874935
1.5864000547055532,-0.8992703473363658
1.6754230266882506,-0.9018382173669452
1.7082214041347228,-0.8684282778167025
1.6762825245024926,-0.7081826663948543
1.5838529330919067,-0.9026441557669954
1.4454552243546352,-0.777697601800925
1.2812282132255504,-0.9139872839745986
1.1122136137038732,-0.7431781544081187
0.9569015576633381,-0.7908684115682039
0.8293328428985083,-0.8887586102362565
0.7383252547486939,-0.991914495283189
0.6871940966835324,-0.8495460010364737
0.6737303508519057,-0.7796643323845073
0.6907527836211113,-0.8204037405208099
0.7276095369885933,-0.8069549614864627
0.7724894333279728,-0.821850495694179
0.8148873457235549,-0.8913747578851822
0.8474979802147709,-1.0256104799188122
0.8671105914893743,-0.8259899754784488
0.8744649718470623,-0.9088373435734639
0.8733120794152791,-0.8961620876334656
0.869019696336876,-0.8652258063509661
0.8670158290594848,-0.7939496465223164
0.8712990850428773,-0.7800034195869591
0.8832632800128886,-0.8387272892603442
0.9011612079822847,-0.9326182294262032
0.9205405398196882,-0.8355916979455111
0.9357725990002613,-0.7476983280355425
0.9423269290411198,-0.7898242203274566
0.938929037770079,-0.8128462326043496
0.9285671538502517,-0.929200515306663
0.9177414078258157,-0.8520199294833666
0.9141944716664261,-0.927609262275385
0.9240986408730842,-0.8945605785245407
0.9498652290967122,-0.8635958333380801
0.9893543712218719,-0.9272261219040399
1.0365734588983488,-0.9090127428871545
1.0833287841446952,-0.8841641753757313
1.1210598619951224,-0.888756081584212
1.1423297432470114,-0.8295869746537755
1.1418965296784114,-0.8499988454609217
1.1175502254271885,-0.9370156863722506
1.0708214865242358,-0.9012494650799805
1.0074137382788462,-0.8106831807090141
0.937003820739141,-0.7861973107664096
0.8720624944050859,-0.9266219784932711
0.825631156347072,-0.8663632221157455
0.8084564790418364,-0.8333944124576299
0.8262888018150819,-0.9221307918560686
0.878261611616909,-0.8997376127081413
0.9569923781828802,-0.7886539947344824
1.0504588615062058,-0.864666615647823
1.1450637266319204,-0.8553174684124326
1.2289088581271062,-0.7648434944321875
1.294292142222138,-0.8761024127224297
1.3387449209738693,-0.8813057608043888
1.3644404882866028,-0.9116520196317761
1.3763910695680537,-0.8855102321332561
1.3802799694653411,-0.9117068176437543
1.3808220619049756,-0.7974263388701464
1.3811711068071086,-1.0044663024915974
1.3832962211915394,-0.9151046924783922
1.388774424100383,-0.8156375702591998
1.3993522928012334,-0.8666942062269861
1.4169154754371025,-0.6557267557400096
1.4429524573791843,-0.8091754232898324
1.4779360834682769,-0.8110567235350575
1.5210729246679602,-0.8969326943193082
1.5705905264884628,-0.9368328474268649
1.6243850552564187,-0.9793409573872407
1.6806837614843295,-0.8338373317972815
1.7384141434164986,-0.7269581209406337
1.7971148519860711,-0.9070268562027198
1.8564285814874792,-0.8578781735109394
1.915447418864571,-0.9102496497404905
1.9723173228795556,-0.8489327815348883
2.0244269835130613,-0.7827921208683846
2.0691923263984613,-0.7955371478258905
2.105057583221239,-0.7270379737498829
2.1321528573247113,-0.9082251608326529
2.152241309283907,-0.812097982451303
2.167992914021845,-0.949254628038084
2.1819353101068177,-0.7312328210410951
2.1955339966789222,-0.8366653108551708
2.2087905833283266,-0.8740684582613417
2.2205564404056926,-0.782279076732588
2.2294595618586914,-0.8281980818403032
2.2350316623559503,-0.9028001484213707
2.238472436873498,-0.7108921455723705
2.242618752847627,-0.6696524709384266
2.251057556311174,-0.8011824890931297
2.266748868590696,-0.686331522192019
2.2907778869004245,-0.7745583261465676
2.321779712701292,-0.6538237564408513
2.3562304603965325,-0.7178991750792408
2.389413319649354,-0.7023537952179842
2.4166499015701737,-0.6154848330426166
2.4343515032655736,-0.6376161996916848
2.4405445533937797,-0.6694764696170533
2.434776392032358,-0.46898381628788405
2.4176555661789116,-0.582590511698466
2.390488778441159,2.423853900840564
2.35534454512743,2.4448094931409075
2.3154711423072554,2.2379044030629474
2.2756008609957004,2.4659093337622933
2.2415836620219194,2.340643391158843
2.2191496566823665,2.2480208084401823
2.212191701451423,2.2435869271573594
2.2213375064364955,2.4018146340183955
2.2434906537302064,2.387345127634586
2.2725793225275774,2.5142449502243527
2.3012188852506843,2.3688932350422167
2.3226030765888583,2.509764094628104
2.3318821405817536,2.3450415918534353
2.326608543686026,2.555730308473093
2.3063268304899083,2.5936599908381512
2.271752465467618,2.7840503091466515
2.2240755131789816,2.697706352244669
2.164777140818681,2.8332512210519916
2.096030838948148,2.9287073269640955
2.0213543770828917,3.1130807573832766
1.9459103014011627,3.108882189418429
1.8759958990677696,3.275903713899686
1.817764397148348,3.4496562888505133
1.7756703943901595,3.565188788533953
1.7512345464237409,3.6774783955609793
1.7425460577102032,1.1326833840737902
1.7446690986686666,1.0603465819261588
1.7508744391055013,1.0045495791855354
1.7543708460249121,1.1345220166303747
1.7499752262436072,0.9422288564174714
1.7350686451115476,0.9106127514003249
1.7094489099677461,1.0077822115323571
1.6742932984162484,0.858012583334214
1.6309720814694073,0.8440655980334728
1.5804671092430653,1.0161552047875406
1.523647442631117,0.9243067411400582
1.4620267592468308,0.7288065072070162
1.3983163996211998,0.7525288977503958
1.3362870196525956,0.840524189554149
1.2799581632436956,0.6622789499872767
1.2325300190767017,0.8130826980111225
1.1955250155905228,0.6646572668892391
1.1684209338687368,0.6902199164070258
1.1488381496677271,0.7889015869962365
1.1331766435908937,0.8262943757114469
1.1174791070741683,0.9503040556195865
1.0982548205988583,1.1626888962831714
1.0730662879891817,1.118705665701398
1.040803407459099,1.3204775212237376
1.001676906342586,1.3414214700780336
0.9570486227690845,1.2243128150676859
0.9092677382894946,1.3826682102315662
0.8616140251148932,1.036341687775027
0.8182324115356955,0.9893530942920425
0.7837493811374876,0.7147995613573443
0.7623468464818728,0.758518781993807
0.7564657245125872,0.6177236808324577
0.7657234396900153,0.5875485261247843
0.7866964521207556,0.5226272695083519
0.8138341405244155,0.3307256036879017
0.8411573108142141,0.36532308234828104
0.8639629400478043,0.3428980185437743
0.8798109718639302,0.33028822921508494
0.8885309217266666,0.32379034529192136
0.891474504522621,0.39537015001496895
0.8904677736286717,0.2940705828139165
0.8868820892408624,0.24281350717481182
0.881080206278449,0.17609162063895814
0.8723205279655343,0.2545846940717915
0.8590937787012721,0.16398642537743843
0.8398121667397955,0.18301418063635294
0.8136953629231497,0.055116838114918056
0.7815763122649324,0.27057289589525674
0.7462730916024256,0.20961182571156584
0.7122698200307377,0.2684859018370214
0.6847332835296644,0.10549525126580145
0.668186300425641,0.056558946952054455
0.665281209641498,0.16148755096785358
0.6760848748543002,0.059150285184055344
0.698168878661998,0.117967523727572
0.7275222165102504,-0.013794279085738577
0.7598837110477137,0.06524258546876398
0.7918452365797424,0.08727204590614256
0.8212845851877155,0.046632304605828505
0.8471739345295509,0.03767307149628708
0.869127897807022,0.12401381782234401
0.8869944279592579,0.01892401528437555
0.9005556423759516,0.033335632879187935
0.9093062599677199,0.014279667478555377
0.9123630993978734,-0.02895771625055422
0.9086281060515132,-0.004595377165545434
0.8972531888029992,-0.02754821878592104
0.8783025950336891,-0.03896303295224419
0.8533679703008438,-0.14285516057040273
0.8258121430985004,-0.23271156571738275
0.800359577668425,-0.08565921571004796
0.7819621129086213,-0.21873138143343887
0.7742225273825399,-0.026255161106195926
0.7779997718568223,-0.1083956599964873
0.790890610945177,-0.16224855050167827
0.8079425643174112,-0.1239250855840693
0.8233617038463761,-0.14062182656726863
0.8324784115584467,-0.2719898656357245
0.833107389571933,-0.22827323645935507
0.8257689658556362,-0.226936036059963
0.8128539371875799,-0.1274996110566705
0.7973354616964171,-0.31263902787555686
0.7817249373068145,-0.2970189559721803
0.7676260107808586,-0.19006695723326034
0.7557885041581272,-0.3816376588603006
0.7463517690335825,-0.16724374347004192
0.739050868156758,-0.25824606243989146
0.7333369625931326,-0.31643688758227795
0.7284689399976008,-0.21880419998396095
0.7236562208461071,-0.3206979223631684
0.7182949955598492,-0.26402761799262914
0.7122555075878768,-0.2603035065665221
0.7061103735593395,-0.49182113673545347
0.7011926978365353,-0.4160183525532125
0.6994122262067132,-0.31627754459836505
0.7028172492412115,-0.30553049290219947
0.7129707507991958,-0.3778461811609935
0.730285612447637,-0.3369782270634233
0.7535249185255071,-0.3733427014598418
0.7797173479581532,-0.40492042462822986
0.8046793400666794,-0.4104032411170651
0.824090454830108,-0.35371289060615413
0.8347501646662664,-0.4518273161960266
0.835512507433742,-0.400271928393317
0.8275537785345283,-0.36021666851046324
0.8139182874476036,-0.45700993690111863
0.7985284124490144,-0.39607363446476546
0.785016462463678,-0.3273742723802949
0.7758316432076019,-0.4665783247289106
0.7719830038742749,-0.48193146580368107
0.7734350782869748,-0.3814307114241717
0.7797558924688934,-0.4994436812107224
0.7904601760142022,-0.45253478525657553
0.8047567126154573,-0.4610172796801517
0.8209107281413366,-0.4899302943871226
0.83579764823363,-0.4403147918899421
0.8451821008448814,-0.5137768217387478
0.844820860818029,-0.5109476026537823
0.8319631499818789,-0.48451153493941423
0.8065596078479125,-0.5537011005831806
0.7716086626596775,-0.5351634160614207
0.7324267558918606,-0.4581437203617332
0.6950495597834183,-0.5284591596850773
0.6643452801841658,-0.5478414988520612
0.6426027130538121,-0.46572627702364267
0.629173865503523,-0.896769435855702
0.6212460828514661,-0.9999279938140434
0.6153087235405525,-0.8760990233133977
0.6086570511462241,-0.9194371555478578
0.6003745348519887,-0.8176525339109365
0.5915116991694451,-0.8937038229148818
0.5844926657786534,-0.8311343775391492
0.5820479435147365,-0.9094593302021383
0.5861332987431598,-0.9552454774325093
0.5972735209474938,-0.8796913444365708
0.614530428335212,-0.9141483944378619
0.6359466355429719,-0.8572386431992811
0.6590949428435047,-0.9929531052977801
0.6814336827940342,-0.82551015022198
0.700460305368648,-0.9344359666175375
0.7138908296834331,-0.813952239853075
0.7200414904355086,-0.9054004536274978
0.7183303266825698,-0.9437561750848388
0.7096284342442489,-0.8924861776092639
0.6962117703875956,-0.9935812466890116
0.6812434696747606,-0.8799246907247346
0.6679607825726597,-0.840714865705103
0.658921982332179,-1.010166453619966
0.6556418426113233,-0.8909219794563409
0.6587001659327985,-0.9305852351665506
0.6681146998064362,-0.8112296454558058
0.6836320259038647,-0.8415499903541557
0.7046988212379308,-0.8655467533337893
0.7301348661890148,-1.0239856196056585
0.757722171949001,-1.0324662499475836
0.7839481034786047,-0.8133483914192362
0.8040945476725134,-0.8685121455252748
0.8128283369749824,-0.9614181096677368
0.8053366686906768,-0.9231491502217991
0.7788046989807204,-0.8233249744872937
0.7337645198319177,-0.9234000215106472
0.6747380512647279,-0.8516722549105862
0.6097579906610779,-0.7902932107780531
0.5487541580664285,-0.9863558902404261
0.5012565383593091,-0.8891534156859833
0.4741467957232315,-1.0371210136713793
0.4701652966980596,-0.8346694960873766
0.4875981471441154,-0.7110607178144157
0.5211466726584899,-0.9747160866921217
0.5635754559763939,-0.9712323767184434
0.6075220620339874,-0.9178565615897417
0.6469148094679544,-0.8604341393839614
0.6777079626923191,-0.8444965506054357
0.6979551510023976,-0.988615803216552
0.7074607044143838,-0.9111177427762444
0.7072959879804236,-0.9718053880860321
0.6993780780875744,-0.8436296399689914
0.686178626228517,-0.8581571174195759
0.6705108810316975,-0.7995951938424315
0.6552491054003111,-0.9043662576256383
0.642837039968723,-0.9361178236151098
0.6346063628197334,-1.1323724273613136
0.6301707547993443,-0.9440232395411148
0.6272892385338069,-0.940655368060861
0.6224718733008932,-1.0736209613456082
0.6122592147889995,-0.809232311737749
0.5947129698013438,-0.8424576287523872
0.570449717901943,-0.7700944393559457
0.5427052474183842,-0.9709444437251844
0.5163833370965714,-0.892782199018381
0.49653306525488417,-0.7950217756048239
0.4869046772620469,-0.8529323846245813
0.48908297166219916,-0.9380183719771297
0.5023562203258375,-0.9510506048715847
0.5241554468189356,-0.8907954191008719
0.5507275053496645,-0.9396615791161337
0.5777432484776288,-0.8780686238333084
0.6007461767108662,-0.867524811489624
0.6155726714207091,-0.9527904134114398
0.6189570410513348,-0.977434007937185
0.6093873537689805,-0.9335285813399845
0.5879676523170099,-0.8469910769787973
0.5587919887056453,-0.8803341200368547
0.5283792800174711,-0.7854933757386039
0.5040866460407925,-0.8758429263693869
0.4919229625487723,-1.0097084806657262
0.4945729593347742,-0.854944565540234
0.5104913503236539,-0.8599556707450446
0.5345169356593076,-0.876502037153865
0.5597562328203951,-0.8787757724725295
0.5799200795776509,-0.9551772023130081
0.5911872038339514,-0.8862194954676185
0.5930045416381795,-0.9066673946448846
0.5877776186923862,-0.9131216578905479
0.5798639061776869,-0.766497825123111
0.5744340656739739,-0.9053803556406151
0.5765827042192311,-0.9331234186613027
0.5907460124599722,-0.8473106643120651
0.620271806592943,-0.9316491979633842
0.6669938065378386,-0.867499625235177
0.7308067911620852,-0.8324998011912252
0.809387623198707,-0.8571638051538378
0.8982736605239537,-0.8680612092665689
0.9914589680810755,-0.7943104974826982
1.082498841689014,-0.8817722717798873
1.165875053968553,-0.8641097035669892
1.238181848590083,-0.8408304831941812
1.2986799244384875,-0.9747357966588238
1.348974351921094,-0.9468566468227773
1.3918807543935552,-0.9366638858897637
1.4297886711588017,-0.8596643268988907
1.4629980189063712,-0.8362651150748067
1.4886488209909752,-0.8566536140719576
1.5008554208340572,-0.7387215076280804
1.4922782022616357,-0.8701484146626208
1.4567029918161407,-0.8851078453882703
1.3916527854766323,-0.916697510460011
1.2999550194459144,-0.805545137331197
1.1895673424653403,-0.7955605942320524
1.071672422761796,-0.9081755937424899
0.957805068748379,-0.8419147931186223
0.8571726700344285,-0.9323733872626181
0.775111070831776,-0.9227290607548188
0.7129614389492209,-0.8753469305564825
0.6690291536860864,-0.8722299762795146
0.6400079811178478,-0.790532436395753
0.6223063673453542,-0.9274108481595197
0.6129135627508955,-0.8741754360360836
0.6096512168707047,-0.8305222183403939
0.610871827493721,-0.88591857851337
0.6149162081974134,-0.7819192329716398
0.6197802422178991,-0.9859892525224988
0.6232620599737636,-0.9907123700640295
0.6234641192531536,-0.9319757128623708
0.6192649932834937,-0.9275228523372206
0.6104220891529757,-0.8864594138051801
0.5972036283593098,-0.8997431896855511
0.5797328293652629,-0.9935777842443645
0.5574552999431499,-0.8935759608177319
0.5291727255154185,-0.8154257129739492
0.49382739636010975,-0.9218252444331336
0.45176945032555205,-0.8229047605340521
0.4058691953636584,-0.8581745322641944
0.3617862300630639,-0.8667048585882693
0.32698888539297055,-0.8079202085312615
0.3086079337339026,-0.9664825163226943
0.31076024552532466,-0.9604578219135264
0.33239505451303364,-0.916053204258944
0.3667709451998855,-0.8415493315925615
0.4031972908284581,-0.8103383932399594
0.43071267217495224,-0.8703850519095118
0.4423705448980193,-0.9055954387935266
0.4384106452514367,-0.9096291119056561
0.4270675051616003,-0.8326739093731194
0.42273506163260244,-0.7626263805631084
0.4420797725563722,-0.6951966417020056
0.4991368935393026,-0.7356201615231139
0.6005007347973006,-0.8643470052740478
0.7417023894358148,-0.8281793354617937
0.905882403239388,-0.7669193591959848
1.0657267135739996,-0.715657693969687
1.1889961119049834,-0.7312329551386811
1.2466538996875935,-0.9033112473605506
1.2210176378318935,-0.7673881528810057
1.1107545811778308,-0.8842665065749494
0.930860480259325,-0.7574906256178813
0.7082232106657333,-0.8257479911585855
0.475048644741478,-0.9684477608126882
0.26242758485239404,-0.763362935048624
0.09537292892761917,-0.8444698702061267
-0.01023608122127162,-0.8885070663636473
-0.048830268584636904,-0.8562663060832767
-0.02463422038419738,-0.8462301652139079
0.050283015088064875,-0.8394975893726538
0.15898753721738168,-0.9529831514397002
0.28303381229186086,-0.9481629448536222
0.4053691626015947,-0.8850738769661933
0.512185802191151,-0.8385098244555977
0.5936605856757275,-0.8658847404956691
0.6439780784694109,-0.7629541340234851
0.661119374291146,-0.9152088811051898
0.6466733669393199,-0.8286024016731843
0.6056117109820678,-0.8684159753656819
0.5457893424416806,-0.848259045728811
0.4769935659080182,-0.7317505570595219
0.40957541850160617,-0.8065950848010413
0.3528825679224854,-0.7327509492320493
0.31380528442406086,-0.9405073758418278
0.29578725297172814,-0.7652370155879034
0.2986181198816815,-0.8369951762313326
0.31910218370952625,-0.893394867100662
0.3523085513595111,-0.8797651906824427
0.3928180124796815,-0.7594543577715137
0.43546817065717136,-0.8473443822553742
0.4755397190799454,-0.8810930504563512
0.5087715001524011,-0.7607160331031955
0.5316618127284346,-0.8636426954566847
0.5421544390418044,-0.7736337506985601
0.5403357241912115,-0.782992586255694
0.5285930535989225,-0.7930950617238769
0.5109630324058188,-0.9242838046174998
0.49189752267557685,-0.9123669619655435
0.4750085568851954,-0.8124124260927968
0.46234188037831203,-0.7862005793258605
0.4544679022846656,-0.8796953741726176
0.45131483864161925,-0.7151324722144862
0.4533097197011524,-0.9042652725540776
0.4621871776493084,-0.9473752956089464
0.48092465646105753,-0.7811606240929707
0.5126686840149437,-0.7746004596832589
0.559048938030519,-0.7741090974544009
0.6186751303405597,-0.9097605199188764
0.6866551352127996,-0.8844696390760206
0.7555628520248756,-0.8136559228337038
0.8175579506128666,-0.810185648755102
0.8667300417007557,-0.617551389044549
0.9006200910653882,-0.6739486200774976
0.9203126247341643,-0.9139395416947532
0.9292140771806657,-0.8809565423918121
0.9312684747883441,-0.8692519752146131
0.929564395968378,-0.8226168387470887
0.9259191874510733,-0.8123000267901843
0.9213757491252206,-0.7552149550615704
0.9171013669941983,-0.9221332129584555
0.9151494966902082,-0.938915222696524
0.9187618150035064,-0.9199347538285441
0.9320900810838414,-0.7407991648041271
0.9593461429075499,-0.8509514204762423
1.0035522115009892,-0.8377414060407634
1.0652868280661656,-0.7504934340235374
1.1419503121518608,-0.7932079822837131
1.2279351731643,-0.7131157102339725
1.315685719780813,-0.7661133400290745
1.3972117575679155,-0.7027796001218133
1.4655015115406846,-0.7166331624725174
1.5155170586606515,-0.8934732233928391
1.5447814758500793,-0.8192416680358127
1.5537003622176537,-0.8232402099194693
1.545658680954972,-0.6695779593304844
1.5267499219998044,-0.8163662903754971
1.5049421887656043,-0.7270993071851052
1.4886709867130379,-0.6833353789140234
1.4851444187006084,-0.7920983895869862
1.4988356064360815,-0.8049771950130801
1.5306376134007258,-0.7620328532351427
1.5779754376542163,-0.7179379430267209
1.6358212723593204,-0.6235408069853718
1.6981965318117296,-0.670773410136076
1.7596151501111827,-0.7650043214169394
1.816063307387788,-0.7148251390527044
1.8653363095222466,-0.7071374038642976
1.9067456933753801,-0.557470644704446
1.9403818929567218,-0.5566691824988579
1.9662751767775761,-0.5618410910646197
1.9838767331262526,-0.7129804158917357
1.9921802044686694,-0.739991517340207
1.9904889049048107,-0.62057780548657
1.9794422089836317,-0.524829847562678
1.9616784519520052,-0.5117008924557128
1.9416182120928838,-0.4651532855230884
1.9243148011171767,-0.4848302282002996
1.9138560471815267,-0.40689316737677345
1.9120212903858675,2.385272476317175
1.9177279880947604,2.4300495128406747
1.9274840698813263,2.4857184884914805
1.9367322236315232,2.4774274624126247
1.9416042251742773,2.46322617380729
1.9403184016604307,2.412644118230853
1.9335315944231635,2.399747460609439
1.9234844668587154,2.5097179736381094
1.9124672284123454,2.4456454597182202
1.9015191431145757,2.439729442602376
1.8900715743794372,2.5646562513946907
1.876587298915482,2.4198361788220684
1.8596354062143847,2.6505453975041267
1.8387112308303757,2.7907098634494942
1.814457004527587,2.690247224575771
1.7883703093379015,2.7806222586246587
1.762260901557538,2.7780164326075436
1.7376434404112928,2.8570051585771945
1.7151768965555005,2.9677501591841007
1.6943053935262395,3.139377528290801
1.6732850580293843,3.2745040140887833
1.6496384687048822,3.450012742765584
1.6208538983096012,3.5843069119536617
1.5850630991992198,3.7615458673111166
1.5415202715788499,3.97878663902141
1.4908131194310947,1.2972980604167228
1.4347910038283387,1.2746828306383051
1.3762517133452907,1.1605663588415716
1.3185062931639344,1.3466351977292568
1.2649615896895379,1.2680526535012506
1.2187616592374084,1.2302439664761224
1.182390946777053,1.0837068468710516
1.1571419554768303,1.1292466489933688
1.142551277840924,1.1095317972767964
1.1361285373841923,1.0916940471704177
1.1336810935832717,1.086102629522501
1.1302175359916022,0.9673994300528814
1.1210426727736316,0.982769649377851
1.1025730505745521,0.9295360619727755
1.0726746997715786,0.9573207104395663
1.0306719655104142,1.0230112559389684
0.9772921512692851,0.8964850211335689
0.9146702156868571,0.8701107943293422
0.8463289844517043,1.0527445981204089
0.7769379608649014,1.0631667642198572
0.711682670182568,1.0549430790215615
0.6552256468744618,1.1921650246883406
0.6104797435376874,1.312100599342647
0.5776584643909379,1.3229600151342427
0.554115463607102,1.6595322029249262
0.535190819104264,1.6165430312662008
0.5158143144140428,1.5798850990724103
0.4923198312316208,1.2791714775297314
0.46390883286055284,1.2398897182308337
0.4333053773050993,1.0663321338975957
0.40628003017892655,0.8762232348680316
0.38998299692735594,0.8426313240128238
0.39047186966712755,0.8073942380293793
0.4102714588949,0.6128217868760365
0.44696319510365723,0.5158688255620202
0.4934946556594515,0.5674805295387946
0.5402055445417742,0.47637407587335484
0.5777896934940194,0.4354538676665344
0.5999715929037819,0.5327775132724207
0.6048581896082814,0.37090846014042894
0.5946201370961531,0.4767908932240436
0.5739168975590313,0.36923578194155277
0.5479108938558793,0.4881419216223679
0.5207048776179581,0.45757153560561853
0.4946875613077736,0.45794089187496556
0.4707807084836968,0.4768332937500002
0.44918025828498376,0.3843102580129741
0.4300612763414535,0.40210924886842553
0.41388172504480725,0.2915754344195679
0.4012156972991183,0.3442563456772218
0.39231776907229454,0.38356980562601534
0.3867874151233426,0.33377408727505226
0.38367499050608844,0.32840692573358776
0.3820751675154733,0.254430100519513
0.38183188002319135,0.1506467951869381
0.38379329797104156,0.19458738395756647
0.38933669678771154,0.28117649829243657
0.39942696945757084,0.35357134047358024
0.4138197375421028,0.17097499508658415
0.4309071789029262,0.2525751551162503
0.4482653312350844,0.22763555161021523
0.46354886082226765,0.29584488369053563
0.4752482251739756,0.2868341162250947
0.4829693601236692,0.21145688852968905
0.48716385693858366,0.05862901561271774
0.488499825828538,0.060417176382153714
0.48723415228226763,0.14899620954010012
0.4829463281583354,0.10601091095461504
0.4747966564916013,0.07203165404243277
0.46217191310940187,-0.027766977911559753
0.4453676502744788,0.12936205293905007
0.42596036718000463,0.15360198520681886
0.40671105183280765,0.09272557723131465
0.39108351482739134,0.06990043597355894
0.3826166869595983,0.025420377343923214
0.3843456668824953,0.089239139224882
0.39826507322064886,0.10201255425563181
0.4247252719145723,0.09006511802813581
0.4618279466495684,0.08208890529016388
0.5051634293750553,0.13362088491177437
0.5482628806962122,0.11818311475218242
0.583843052931829,-0.024921130693844804
0.6055545785915362,-0.04279026700568721
0.6097480066613272,-0.05096405721986797
0.5967317050848473,0.018815127593955195
0.5710306912074585,-0.09578859910858827
0.5403531997374185,0.014062437270744944
0.513426166023552,0.021323771171753436
0.4973833372931562,-0.10123048235531064
0.4956263120682223,-0.05720864558046528
0.506886771152012,-0.06945074276162029
0.525764405668527,-0.07362100335242026
0.5445508187609397,-0.08445659512664398
0.5558145382391821,-0.08195269573718589
0.5550158643775787,-0.20176956098182317
0.5423133472846167,-0.007033918785908992
0.5228227630477547,-0.08921970311530056
0.5050737154227808,-0.1442701478944122
0.49818068441711594,-0.09858216457977324
0.5088279769189307,-0.2203928094028809
0.539171218880957,-0.1921394494981779
0.5862778821240862,-0.14592153796948365
0.6431160621081446,-0.1288951966371342
0.7005866508285942,-0.2281089965379803
0.7498078972352196,-0.10730663560300183
0.7839120840729698,-0.18237891166504155
0.7989796268151494,-0.19545070505858644
0.7942006424666213,-0.1544283477550471
0.7716259279391751,-0.2331780677727104
0.7357925606590163,-0.21086473904528039
0.6932263750571394,-0.14704788050865547
0.6516466551405533,-0.23891960643625007
0.6187738302592549,-0.19224568808635834
0.6008559529722315,-0.108126668382631
0.6012237946100816,-0.10600058978455483
0.6192950165833087,-0.30945996848106894
0.6504510592741835,-0.25941211581539314
0.6870398235062476,-0.21402352561596663
0.7203706358148417,-0.13478996546882696
0.7430952070186689,-0.2725070019251131
0.7511052880234317,-0.09333540988965199
0.744254169390004,-0.2986350091260067
0.725755123641483,-0.0931582750174538
0.7006798784680213,-0.24891821973111297
0.6742418467321567,-0.2149562105583447
0.6504599737979098,-0.6692583719479421
0.6315547314854587,-0.6921635362202121
0.6181547593612645,-0.7300839329436921
0.6100797780758948,-0.6906142145157218
0.6072015088644641,-0.4788184855100277
0.609870898372886,-0.6547275149764592
0.6186820235141884,-0.6654739023976395
0.6337489846561768,-0.613697070094094
0.6539777708062813,-0.5893636575227602
0.6768526569012447,-0.5424888762335581
0.6989835634720567,-0.6278081898097853
0.7172069462048342,-0.6230076204338698
0.7296592397930327,-0.7450052865529074
0.7362155336998083,-0.6670553956836544
0.7380680622695264,-0.6144503804945359
0.7367464014654775,-0.5318363463897733
0.7331860176953704,-0.5615164034392957
0.7273786500239122,-0.6357945521487803
0.7187773671529343,-0.6675575149049645
0.7071789230417529,-0.5788952551999256
0.6935053969406856,-0.6855470060307824
0.6799488684833406,-0.7284740966397772
0.6693051702348449,-0.5651056255694025
0.6637660963534966,-0.6018797219340284
0.6637337604346616,-0.5789433232818945
0.6672721647860915,-0.6327908140721286
0.6705796088685233,-0.5532975309758337
0.6693811402759975,-0.6608452542058469
0.6606338125081501,-0.5465315154354128
0.6437389557493779,-0.5818591338824961
0.6207049484482431,-0.5690862212829284
0.5952483695134254,-0.5537739424463907
0.5713413119656491,-0.5572694592752534
0.5519225763601544,-0.6457014424063432
0.5383228830663769,-0.6596216573939209
0.5305633561610583,-0.6023871563075986
0.5282652506749617,-0.5578935147078019
0.5315996715813118,-0.6104639163858274
0.5416610440956222,-0.5851646556166562
0.5599628673559882,-0.6068836710407963
0.5872811765514127,-0.6136617811676173
0.6224672754984297,-0.603408308309574
0.6618845689725463,-0.5688339739636149
0.6998251841343734,-0.5035217442621996
0.7298024171207054,-0.43698956178668963
0.7462150200237353,-0.6352950336325467
0.7457577809833722,-0.5437112371153627
0.728152956555159,-0.5154371034256836
0.6961094524052392,-0.652781176979212
0.6546729139959035,-0.696254528715878
0.6102351057065769,-0.6477012863218232
0.569442925079481,-0.4708202375087106
0.5381571399714109,-0.4175623465155436
0.5205535700295725,-0.5660422270855837
0.518476396234152,-0.6061424773105399
0.5311898734298446,-0.5506363315041145
0.5556385841078089,-0.5201660816126524
0.5872002652921965,-0.6893377719323033
0.6207783716986996,-0.4899948399527849
0.651992024310305,-0.5440538005881024
0.6781631480169085,-0.46767685452830415
0.6987861402734452,-0.617730396757608
0.715263938324026,-0.4665832298816564
0.7299218412516926,-0.5137657250104517
0.7445927068715885,-0.6986453354199316
0.7593067328730057,-0.7419019164930919
0.7716960766193756,-0.5763766498789177
0.7775039497725966,-0.6415958835976968
0.7720884940911836,-0.6053394701626431
0.7523194348634941,-0.6193993159048198
0.7181073584802851,-0.43238162539628533
0.6730280024108601,-0.6658525112744733
0.6238847553273079,-0.5667538433429352
0.5793714756275615,-0.45749780686411545
0.5481887162661991,-0.5410346759663346
0.5370706582194505,-0.7406041911351985
0.5492397990921118,-0.601632206841673
0.5837654154618008,-0.4570464630779652
0.6360458520820554,-0.4824674766483154
0.6992122382788623,-0.5312745651708535
0.7659120745386487,-0.4690053592409222
0.8298586414203306,-0.6147321108667836
0.8867187576437497,-0.6060278373018597
0.9342747918949801,-0.38486928207911597
0.972173454701897,-0.5102308251674917
1.0016910512986597,-0.4788932758951539
1.0256704171299214,-0.529283707861219
1.0483674579854176,-0.535705325827583
1.0748274963225244,-0.5283696133089771
1.1097532642575973,-0.591001226875735
1.1562922072050035,-0.4369815531977403
1.215299041688323,-0.5435383976214411
1.285339677051535,-0.4363108989717899
1.363292560185032,-0.5259005764784039
1.4451675241319255,-0.5125740040326652
1.5267861323744445,-0.4570182136864638
1.6041726401443617,-0.4687044431295907
1.6737213408615736,-0.449417552309046
1.7322787645821405,-0.5773991447244731
1.777214881968912,-0.6165346369867236
1.806501565711197,-0.45864000765137153
1.8188333287525653,-0.5612660437869047
1.8138298902153005,-0.5558928277368809
1.7922854034897,-0.6758701926086247
1.7563175226624606,-0.5005666789588072
1.7092145116139756,-0.5012887874572686
1.6548587975281919,-0.6023745474940239
1.596819272310333,-0.5830546463903172
1.5374343460190565,-0.4998349964980288
1.477285395659201,-0.5257098927036796
1.4153111631422934,-0.5323749025879289
1.3495421000815762,-0.43856643549849395
1.2782110929353057,-0.5527855301386262
1.2008790065928656,-0.37073220056348016
1.1191720507187657,-0.4832039417709743
1.036806396625901,-0.5120820305957389
0.9588410622878651,-0.5008321879397981
0.8904556899516424,-0.4711220122967689
0.8357464074135784,-0.4358441307339118
0.7969337177504454,-0.4138375958602389
0.7741185842399854,-0.5082996043386676
0.7655330438842123,-0.575520325582238
0.7681572993483804,-0.5281723702893971
0.7785042962201323,-0.46060999550703124
0.7932750795751058,-0.47971346143619
0.8096099632617477,-0.47156529683268983
0.8249106508464044,-0.4867050936646952
0.8365346942033639,-0.5843473300621373
0.8417789973689807,-0.5204045811601425
0.838364643220307,-0.5456546343896984
0.8252646655787388,-0.49829532808590554
0.8034334508377577,-0.4711890988482122
0.7759805099964369,-0.4780998001871445
0.7475848236851423,-0.4229935864149151
0.7232960091902639,-0.5527023252610818
0.7071120419894181,-0.5138404442355348
0.7008037774039777,-0.4432335221302078
0.7034344360687628,-0.40402153239435606
0.7118635921274399,-0.39442867412862254
0.7221502664251884,-0.47433202082579473
0.7313593433506411,-0.5150494352735672
0.7391525952657475,-0.43958141396668243
0.7487149286381605,-0.4690641359108103
0.7667586997530172,-0.3776090934117061
0.8024375772648162,-0.6282052282048622
0.8650846420306787,-0.3872412519726728
0.9609271444720454,-0.45614643804040417
1.0894270467162164,-0.5225275850452016
1.2405348392771758,-0.3732281557971143
1.3944769273169104,-0.5464851957171484
1.5251751179268591,-0.4482362917938719
1.606855909844431,-0.432612345403295
1.6215056934490197,-0.4552463944217046
1.563963528955472,-0.4097411628713896
1.442606148552849,-0.351203725164058
1.2760198840102763,-0.4079554901564986
1.0878371240663487,-0.378751103524664
0.9019625242258765,-0.4862406247434718
0.7392606558167854,-0.5320866237821746
0.6155566988837342,-0.5049445706710828
0.5402809725699143,-0.48279230993331707
0.5154177619154825,-0.4701242152627756
0.5351639048361203,-0.452250141196023
0.5870785576410047,-0.40239468785796456
0.6550125707421852,-0.39320069638226474
0.7231042265883066,-0.5326386539248343
0.7794926292030026,-0.612373195334748
0.8185586656480235,-0.5115261576876765
0.8411571317102873,-0.48023511126225527
0.8529936860049614,-0.4274161383240954
0.8618188671761411,-0.5327764498579866
0.8743876126900959,-0.5530086649870644
0.8941051154669187,-0.36068676817275963
0.9199822343191838,-0.4261210958301776
0.9470908788456538,-0.38832732433767064
0.9682737101136829,-0.3795892624149113
0.9765439483716479,-0.4894320814044268
0.9674915978125226,-0.4410001554055893
0.9410459590776743,-0.5083330877993522
0.9020571560530191,-0.39730016522352624
0.859408543005349,-0.36923243069765965
0.823812217255477,-0.405152390068782
0.80491724740808,-0.3947806337751909
0.808627025432149,-0.36028214423391725
0.8354710025242358,-0.40990012970061757
0.8805470327235397,-0.4510082440002589
0.9350406632968183,-0.4065597586234975
0.9887898758404684,-0.6076262508830531
1.0330073630225458,-0.4599672986986027
1.062272711584197,-0.3996565928150957
1.0752689742336725,-0.4380800523285751
1.0742582098676507,-0.4790994312656066
1.0637118391219036,-0.5152146707761803
1.0487047460488677,-0.5545702836881669
1.0336346638112026,-0.4412096231707792
1.021575357314006,-0.5021157240669675
1.0142340314078626,-0.45294668846621816
1.0122450036039916,-0.39205518208134854
1.0154905906256988,-0.5273293355176283
1.0232723218099793,-0.3738080696767143
1.0343925846497162,-0.47432665183215417
1.0473987938257738,-0.3975607346632994
1.0611740312208089,-0.3229445189187241
1.0757124032296919,-0.3515582774844996
1.0926035184506986,-0.3765951814450126
1.114795285363615,-0.6024130017991335
1.1455947940140092,-0.3674219725232851
1.1873010746409403,-0.4856802790040582
1.2400710823935623,-0.31746053965012855
1.3015305778197641,-0.43227584254091617
1.367310117966831,-0.3846763095672043
1.432253149263959,-0.4743497864232359
1.4917515523930867,-0.3881146196004182
1.5427013252781083,-0.42852674582810185
1.583858817262061,-0.41500489510874017
1.6156651628255125,-0.3589797794549726
1.6397538045653672,-0.3038953504845359
1.6584037878931632,-0.5021688504044329
1.674190210354071,-0.3648582174859505
1.689949685036477,-0.30500029534567685
1.7088999393614026,-0.39282062521256167
1.7345195080489644,-0.48074847915815055
1.7698874821488293,-0.3341390943746148
1.8166066787612145,-0.5297848164660608
1.8738150514860141,-0.4150610719969507
1.9378056140358608,-0.2618195025057115
2.002498104911572,-0.30182025174725385
2.0607026548665024,-0.38947247246014377
2.1058933491500946,-0.31600193803008325
2.134016936376945,-0.24140037234957654
2.144719515429375,-0.3749328671258333
2.141439847821205,-0.35566493214119493
2.130209172342686,-0.3567223437584183
2.1176018199504716,-0.3492809375734903
2.1087452477705195,-0.2327852494598186
2.1062561738665626,-0.23407588976799112
2.110406760415774,-0.2696594963126592
2.120149441961117,-0.3124513706837721
2.1342711179773577,-0.26732605697954376
2.1520206082193445,-0.19257979323770108
2.172947099428047,-0.1426800188288182
2.19621467708306,-0.11862700329276948
2.220024741209948,-0.19776693714364948
2.241710341403223,-0.20278551671430728
2.258608601158695,-0.3213066106033626
2.2693132632173376,-0.0003195634252572291
2.274649382830843,-0.19995673039554698
2.2777718301888363,-0.07611097525385985
2.2831537203744294,-0.01047985559457134
2.2948033609400884,-0.09726340306338821
2.314534715302904,-0.04804862332993639
2.3411514997603025,3.004386017323577
2.3708939405545197,2.7586828340700316
2.3987921070845575,2.8726855246365655
2.4202085582907817,2.9293924747209674
2.432013501506205,2.9531436714269788
2.4331809968753193,2.828554223473756
2.424784201743631,2.87536663783826
2.4094467555799928,2.8053902263028174
2.3904411616766525,2.9065154621754643
2.370758757272214,2.9299425491518374
2.352444723883223,2.878899592846989
2.336293445983483,3.0494175238405186
2.3218152631999835,3.0675345805603644
2.307356528803809,3.160687979261331
2.290346757953646,3.237068964758977
2.26774490026028,3.2318703259601764
2.236762320192706,3.28635422779263
2.1957873370642558,3.366539233653085
2.1451872404791814,3.492222823418081
2.087548007888775,3.6162508202568344
2.02710437327168,3.6455538493226514
1.9685095952933485,3.8504410720254914
1.9154245334694346,3.952518883843991
1.869493764908424,4.07431844782486
1.8301140432230874,4.390155250700066
1.79507298934944,1.8133383459044177
1.7617803561353855,1.5390520179848035
1.7285906650395364,1.755082722959932
1.6957180882125846,1.5339305386552937
1.6654183094595172,1.5983156300190673
1.6413386126629068,1.5179827904777494
1.627182083805892,1.5862751051215078
1.6250995891628164,1.4793227922048007
1.6344135154036918,1.3683945525214638
1.6512355402181504,1.3119375913342786
1.6692273364974946,1.4660734812932432
1.6812809856781128,1.439874565243679
1.6814715608303985,1.3392381348525058
1.6664944037640936,1.4568131582273711
1.6360740262748084,1.2556995749467308
1.5923843519601846,1.3048605555343338
1.5389782608059699,1.3959194876497467
1.4797706405475402,1.4622400999342013
1.4183151231683402,1.311356083881188
1.3573360224067208,1.4671176238556014
1.2984596329795122,1.504359407629234
1.2422075778759616,1.697814185916128
1.188337359115682,1.7349921177723728
1.1364661532745626,1.9077626709288518
1.086702972611189,1.9098239407078752
1.0399492654701286,2.0441611010591716
0.9977170230652326,1.853468241824795
0.9616057309375502,1.7771232260995948
0.9327212009127382,1.6646380332379458
0.9112458065959442,1.3894678176473654
0.8962197481683227,1.2122671571237977
0.8855141663849042,1.1273484651010874
0.8760256272740949,1.090719780624311
0.8642239314790047,0.9866890469273022
0.8471449171707714,0.9940954318363127
0.8236386474974795,0.9692476247585542
0.7953531058876724,1.0357339140465047
0.7668594085522702,0.9009949813087877
0.7446292904845655,0.8241092887477209
0.7351195572100586,0.8668617681775986
0.742688590828495,0.8832654691867802
0.7681683925769909,0.8973901449963502
0.8085837333569033,0.9171974117636019
0.8579834623889246,0.8656273502150138
0.9089486768242416,0.8503038115688226
0.9542270740179458,0.786658154861152
0.9880672769542976,0.8307662497259831
1.0070516205809585,0.7245696222661414
1.0104136313019592,0.7075514908982816
0.9999125168954122,0.7165581606295823
0.9793517085786521,0.6283008024891349
0.9538287244697379,0.7902800928446471
0.9288194965105823,0.646734172698202
0.9092415716071599,0.6595517192417305
0.8986765142874015,0.6502855230757361
0.898902611338615,0.7498926544186157
0.9097915367236705,0.5980056152331239
0.9295201324645693,0.6543871852840536
0.9549926568192272,0.5831511975912561
0.9823778952013256,0.636654616274981
1.007723025210551,0.6110674346488543
1.0276293537360714,0.5624110672043132
1.039887118706605,0.5587334064256727
1.0438421185974807,0.4677203135435684
1.0402817563579514,0.713526638057503
1.0308440303928017,0.4653665895347805
1.0172437282926352,0.4985584426865789
1.0007551850968597,0.49046106037225956
0.9822276934947088,0.5890810984608913
0.9625182283077196,0.5414082563949588
0.9429309431065438,0.5669471069498632
0.925303641963575,0.44859162362359883
0.9116900030443941,0.44882588369796267
0.9038604705432,0.4655101162248726
0.9029033217587291,0.40809163327881887
0.9090898089927086,0.5002190593441056
0.9219949819406914,0.4787618047776793
0.9407227420162944,0.5024035375207392
0.9640299318824079,0.4731197324414872
0.9902146754824055,0.4097545601382634
1.0168063369015983,0.5554183467768438
1.0403013912601693,0.2727510550391649
1.0563065053413028,0.46720510968293943
1.0603248275770012,0.4811259535707542
1.04905483783916,0.4102511166058762
1.021699026655417,0.3571450814392984
0.9806726148400717,0.3511634058494759
0.931338383172566,0.37808833386633733
0.8808326891110907,0.44461384162843276
0.8364395128440811,0.3336709755847836
0.8040984255076318,0.43964682195215893
0.7874640108511473,0.3474638099799035
0.7876325707896656,0.3093861913130228
0.803410112144268,0.36713299608668426
0.8318797539940226,0.4009105596845145
0.8690154337966236,0.2904650597992978
0.9101771144594778,0.11547645486823212
0.9504915817528157,0.256038807650403
0.9852621696928819,0.30219533462208004
1.0105353637526167,0.2547167634721081
1.0237931395619024,0.3094347493221204
1.0245691319921044,0.09889067797272728
1.0147108887831735,0.2647882866894332
0.9980579057196978,0.3111828261086125
0.9794763084153629,0.15534199874496699
0.9634622505687703,0.23547832102150335
0.9527961453716355,0.2002386662840676
0.9478235039853353,0.3035767142080311
0.9467239650509921,0.09627958538819852
0.9466744523664528,0.18124755738102818
0.9453868356505382,0.21505346475885956
0.9423581455398822,0.23315460681406736
0.9393295623844973,0.232121240040759
0.9397554301789388,0.24442216799929786
0.9474245982847146,0.19998803660849648
0.9647210855714037,0.07722222683922789
0.9912546047540449,0.08323119157537456
1.0235302992257678,0.1962904238267857
1.0558862467487056,0.150747878076976
1.0823206917066648,0.21632387929640515
1.0984035263171672,0.24320000778682047
1.1024472583960983,0.2554123576932645
1.0955087724964965,0.04884893602393556
1.080388676526096,0.27909744597284863
1.0602637508620214,0.10908026623146008
1.0376922780724844,-0.23588634215318421
1.0144231799524264,-0.25917308732392774
0.9918760670090928,-0.1497112421653685
0.9717032768714121,-0.24707376404458592
0.9558423005509016,-0.18360115034062297
0.9459021372666027,-0.16885874252882993
0.9422370687797904,-0.2237515318407501
0.9432994210950708,-0.3968995527136959
0.945744781580322,-0.2929642871150283
0.9454180769892675,-0.2206495362242466
0.938945441613693,-0.18195750423134024
0.9253190630747289,-0.17973292830629206
0.9067280903866104,-0.19048438082804475
0.8881056314962906,-0.23191139573560807
0.8754141264515413,-0.20199354764816282
0.8733146280234803,-0.3808953264962514
0.8832205121913007,-0.26942716320159965
0.902623361843877,-0.21622502077139288
0.9260153044290211,-0.3593870093614529
0.9469691105138325,-0.3173704497722756
0.9603906291540212,-0.2687986018076733
0.9639462583306012,-0.35879873960334446
0.958160852499161,-0.13912575388367496
0.9453524907737694,-0.2156098930148734
0.9280786300434287,-0.26576568344122975
0.9079389320519994,-0.22743343670970415
0.8853629031070109,-0.17450131552868128
0.8604456028284149,-0.25989172961988044
0.8342387957729147,-0.36497816782079395
0.8095861140483209,-0.2410031696209627
0.7908376317959425,-0.26475600472734684
0.7824190056560981,-0.23541273062113033
0.7868881684681378,-0.24324028617841828
0.8034476357354638,-0.21662095226497075
0.8277154979085599,-0.1269547683605747
0.8529683446955216,-0.2869622450208686
0.8723457090495059,-0.263150462663146
0.8810154464178468,-0.16178504089831428
0.8773317104433831,-0.43438989678934337
0.8626086579263682,-0.18630215195169747
0.83996127262035,-0.29401990624128393
0.8131652402268152,-0.16175008325212917
0.7862581228257456,-0.21452053273423263
0.7638278659235256,-0.22115245483847307
0.7512762667177204,-0.338376950070375
0.754311735234953,-0.10329140709618334
0.7774583385277974,-0.2834190069012383
0.8220428813060798,-0.17779610359446887
0.8845488790846634,-0.2313631644683296
0.9562405631703358,-0.22294708563785234
1.024577028019233,-0.1497854966345522
1.0762649549793422,-0.2320660769535539
1.101062387077613,-0.21511566268730878
1.0949759176295106,-0.3301184845928201
1.061561139980056,-0.18718238167432874
1.0107049911620096,-0.10968224969422431
0.9553182310690697,-0.1593096309152704
0.9072858045045344,-0.17716100513135052
0.8742824853729686,-0.21831815344592995
0.8585420013611331,-0.1870645858580205
0.8577151755597409,-0.27910666754076335
0.8670432373804745,-0.2630039641584421
0.8816024928436231,-0.24657712358021178
0.8975922403649889,-0.16684805655086737
0.9124187304287172,-0.28305808412597994
0.9241086391922188,-0.32041190755871773
0.9308060343653095,-0.21442975958088906
0.9307570805014618,-0.1417573635336239
0.9227226796796182,-0.3428801090228313
0.9065321468278392,-0.28906552349485987
0.8834815832148669,-0.290963118215352
0.8563445083258789,-0.2900648729899614
0.82886645553095,-0.1347400495123035
0.8048033927767169,-0.18294042532120228
0.7868308399719666,-0.25296097126568756
0.7758497249881453,-0.16953218657308533
0.7711072314479472,-0.22506339250629484
0.7710786307845984,-0.3807524203676821
0.7745433122952298,-0.15669661734539064
0.7811803973571443,-0.1838177888681981
0.7913962399814904,-0.3109102831189058
0.8056328579556014,-0.180333478138569
0.8236878303994766,-0.2063993315123446
0.8444747087550006,-0.22284808187155855
0.8663307994006741,-0.12952666605044613
0.8876785022706388,-0.17198272833881048
0.9077004057049604,-0.2665128443184074
0.9267093302005482,-0.2271009606276455
0.9460531770583509,-0.09173826981058433
0.9676330502964526,-0.14991704104135398
0.9933222950338549,-0.16460959446459103
1.0246361581641696,-0.2814635237663186
1.0628590695988511,-0.2233228557910185
1.1095219657359277,-0.2388642836548429
1.1667958302039148,-0.2888795445355878
1.2372812258425083,-0.24556526707692816
1.3229575539547076,-0.2653849883104022
1.423571464151849,-0.36033750859114067
1.5351934429853604,-0.31338474743510153
1.6497747774982314,-0.21583134099614576
1.7561787741260038,-0.16488158629188554
1.8425079950412817,-0.3483598480237699
1.8989511004353048,-0.192339024703427
1.9201031793190553,-0.284797751738075
1.9058814111079165,-0.06395668016456368
1.8607242072592654,-0.17471614765467103
1.7915037980753672,-0.04507842224587818
1.7051506443504942,-0.26918668567149556
1.6070929512252512,-0.2734526568778479
1.5011511878047301,-0.223544967376582
1.3906659730457387,-0.26611396571533996
1.2798728548703324,-0.24149880753042272
1.1744176810103915,-0.22514165558875687
1.080542806154048,-0.18359519857958614
1.0034020877116305,-0.2302861776877014
0.9455149768541967,-0.3060833543411554
0.9062094992776296,-0.32056234107065334
0.8822648640164955,-0.2707567881936178
0.8693544639981877,-0.1504469351864252
0.8635999685715033,-0.11654437546376356
0.8625781935276404,-0.32778994434344244
0.8654093593861655,-0.0780348953474641
0.8720027441543493,-0.11858960522239793
0.8819511718442203,-0.2451852889496292
0.8937345463067297,-0.3909123287918203
0.9046979880383061,-0.17024989255131392
0.9117866320122132,-0.11083653520896287
0.9125457790214794,-0.22386950906058056
0.9057653138025373,-0.15211878110430863
0.8914266098174292,-0.3336440773379056
0.870065092540708,-0.12050283167556357
0.8420033354969944,-0.252960950481869
0.8069745090235518,-0.26332022880956896
0.7644384921994469,-0.23971117085753704
0.7145175021671132,-0.1855020238808497
0.6591159060438864,-0.2795946270325026
0.6025814130296714,-0.2815814915020135
0.5513102796563891,-0.24624123544793441
0.5120535507200179,-0.20259044332600104
0.48933287660253977,-0.13297645333634286
0.48311384944245683,-0.2117151796499
0.4881945632747251,-0.25428469607151194
0.4961663274680209,-0.2877672340105772
0.49948203607806707,-0.25046415099145236
0.49596418781460716,-0.1558041122045768
0.49170300327894234,-0.21308244566852383
0.5008232659753393,-0.0927244192873061
0.5417246050411453,-0.16296223605717453
0.6307009941438999,-0.3669179843458943
0.7748966843286036,-0.1606994869047551
0.9670435088502958,-0.2336592921938089
1.1841760259564549,-0.06333829335248013
1.3914753206448225,-0.216144443044574
1.5506969787371643,-0.012918148490448183
1.6307297576582573,-0.1378639347172936
1.6164736063109715,-0.14255709829144064
1.5124878745894064,-0.20558600380907788
1.3402373024564147,-0.1968237998334924
1.130915395445394,-0.1969002345158981
0.9173968970575642,-0.08587627746999978
0.7280475839620272,-0.253883606818139
0.5832353515332611,-0.1496273179426728
0.49402348935517193,-0.17478267459082975
0.46217091012515066,-0.22754686840738536
0.48092649543146226,-0.17257516040728416
0.5366766519168378,-0.12040254068064676
0.6117253587791194,-0.23420247918412784
0.6880661922701539,-0.08129713304768278
0.7512935942776419,-0.18854294735736687
0.7934612856782425,-0.17606858794694874
0.8139946628506969,-0.11684141533992679
0.8184405011447313,-0.2406122455712349
0.8155399853049125,-0.18584713876010622
0.8136337527883929,-0.30158523365396
0.8176198372273542,-0.19460623173417277
0.827494820534551,-0.2521262383328545
0.8389206111810856,-0.164672964395611
0.8454505434649973,-0.10860771165415511
0.8413771540396899,-0.054620781622746535
0.8240038809665889,-0.2064630274243325
0.7945726021937146,-0.24241770668678844
0.7577715245175167,-0.21974532762226526
0.7202788519806845,-0.2355707057237649
0.6889822259274854,-0.3069642264170417
0.6693999318241408,-0.1540012500729969
0.664570627276442,-0.19563362724739955
0.6744621985996431,-0.20249475823095645
0.6958752097508014,-0.13297401642376466
0.7228410602849907,-0.23714824963401474
0.7475664702295972,-0.26837770837295083
0.7619759443719641,-0.1742862200895956
0.7597389492040153,-0.2789873716190547
0.7383172976497399,-0.265069643321338
0.7002440187800174,-0.24221298311015255
0.6529035698426562,-0.22005328756019368
0.606690409520726,-0.22779728131052626
0.5722441738851399,-0.12382688708858143
0.5578559908344222,-0.2555064922803516
0.567849844616777,-0.30414779260710884
0.6021463665007429,-0.1454638473580531
0.6568024373055816,-0.19138800432476022
0.7251920857900724,-0.32088209073293933
0.7994917153425084,-0.4005684846225912
0.8721326226215065,-0.2673625644385086
0.9368931181230008,-0.21953471646235767
0.98941055277027,-0.0974774272265466
1.0271537512145033,-0.12472210372096758
1.0491897931592502,-0.24229636993004475
1.0561463011282959,-0.21626259079613008
1.0504794059491838,-0.08363391130588249
1.0367187122684927,-0.25494509754412903
1.0211711943334554,-0.018910396309632222
1.0108235425139778,-0.1690708991899056
1.0117025567723623,-0.20662046981844634
1.0273563578116855,-0.08862741250646854
1.0581364033535154,-0.2166269513611083
1.101580230003545,-0.17520696199777155
1.1536478393427816,-0.194150987690376
1.210189719187383,-0.14611672087358477
1.2680154038062723,-0.1849957537035239
1.3252010585075045,-0.21044933090411866
1.3806353432811362,-0.06249294204329886
1.4331443743638688,-0.15982963262439642
1.4807492844357206,-0.16624855039046085
1.5205533492972347,-0.3007239113124738
1.5494219330111003,-0.24313231060141866
1.5651935809797228,-0.056551876093744416
1.5678746632714096,-0.20697660408399166
1.5602451323178381,-0.26371228171463895
1.547528669485525,-0.2023935184493968
1.5361658638570523,-0.051863744991844464
1.532125632977466,-0.11127982427808075
1.5394059207841955,-0.226356814316626
1.559290074275597,-0.004596262514965165
1.5905969453416642,-0.12193415468039312
1.6307459333636398,-0.026642150719878195
1.677109197272746,-0.1253866155037969
1.7280093673794,-0.12081649606785962
1.782935109637894,-0.11229213381765912
1.8419629423361674,-0.08231317928952317
1.9047417289597144,-0.14061021429371465
1.9695558636921398,-0.07669290811461701
2.0329074719066975,-0.014494254611652085
2.0898102585417107,-0.09600260385503366
2.1346973868349273,-0.05109112439874455
2.162638326611467,-0.09016931280851269
2.170485552434415,0.0026839232293155626
2.157626679569254,0.010850204128351868
2.1261821043874214,0.02744511091320008
2.0806978479725378,-0.0004905853626322746
2.0275126192715804,-0.04010975046056189
1.973951171849536,0.2456543354287956
1.927387668907103,0.18252272436444766
1.8941763235805706,0.060556893028649486
1.8785201479801645,3.0489013115941934
1.8814862203477178,2.929181842669506
1.9004768396274256,3.020035965555138
1.9294482879333623,3.0970893342897754
1.9600114993727757,2.9336438320029345
1.983299106520851,2.997690955540633
1.9922167448400523,3.110119061966493
1.9834810351407677,3.0486059144759463
1.9587564628397012,3.1502633968280356
1.9243409383059318,3.0274474455054605
1.8892851110736801,2.959056081093979
1.8624623167117655,3.2907500797020846
1.8496201124746414,3.2468618037209023
1.851506486253459,3.1469581407317095
1.8637100900291457,3.294356569394983
1.8781609241167927,3.4881643334413353
1.8856673285053267,3.5354088932691354
1.8785942311155572,3.484682458330779
1.8528263954396866,3.5441335387570843
1.8084806908187139,3.8186527698252295
1.7493384303479047,3.872258886175363
1.681441932725392,3.8786443984395227
1.6115068016909375,4.115374404951396
1.5456661010451103,4.311138967063722
1.488698575251757,4.454237470859158
1.4435486652729765,1.9185119461208762
1.4108801730469327,1.7319117325090925
1.3886711624361752,1.7258757149554864
1.3721945017811263,1.6785283156759339
1.3547793198598217,1.6398272659322441
1.3294218016427004,1.6508435439713642
1.2908627336582459,1.614695827481633
1.2374653231093666,1.6959879071235306
1.1721994744976518,1.5300737075105173
1.1022745588756544,1.5880789767079329
1.0374515296649554,1.6266379894684224
0.987613448022236,1.5050462346478408
0.9604497459536814,1.47736266973281
0.9599383676177397,1.4000365300590922
0.98581623988346,1.521529202770986
1.033754758921775,1.5508774822067757
1.0958348731992311,1.4636746448723843
1.1611825210533446,1.5330823612030227
1.2169680267367935,1.4864878905185441
1.2500393589576633,1.5188758797463233
1.2491738248884536,1.539316121184935
1.207504716806423,1.7483655504296274
1.124404554431972,1.7642799008711998
1.0061700976973154,1.8962266777981385
0.8651992582801874,1.9176536516371616
0.7177497530052606,2.0661206352716697
0.5806968956970735,1.899995130501275
0.4680084979310405,1.92664014353709
0.3878859557896732,1.5560072531225586
0.34146281221006813,1.4958439817248097
0.3234995565528095,1.3346865583543908
0.32483353286882877,1.217896455263011
0.33570808081192705,1.2372030104700509
0.34876655419513514,1.1244675888365756
0.36065158129331376,1.0842799921233448
0.371798338382737,1.0469177815705994
0.38483756956708437,1.146093064691454
0.40255303567024736,1.0207409348819994
0.42629494208392804,0.9659721294125901
0.45528108620106444,0.9658195442455504
0.4867139684842552,0.7772385589261603
0.5163889116081393,0.915274081858597
0.5394817184571241,0.963741929093004
0.5513447455779803,0.89865358221902
0.5482739641537026,0.9989750723207286
0.5282685489665941,0.9540474468518615
0.4917602634274868,1.0489573997854595
0.44214682924766735,0.8500696858388703
0.3858172873167788,0.8545697124680935
0.3313739968950553,0.7408983738148366
0.28800596349756613,0.8884102920812706
0.2633408256221781,0.7349935653799781
0.2614050317866866,0.7266513837508456
0.28140053068658366,0.7547693965557642
0.31780647336045453,0.6473753721918503
0.3618861006145244,0.7643020741607578
0.40415551368011926,0.5965668072316417
0.4369607312691445,0.6564450850733895
0.45624441060612464,0.6942848511983427
0.4619525008255113,0.6511198577089815
0.457150479166341,0.7209881400233951
0.44643610162495695,0.6127192683126081
0.434382076360492,0.6049668901952415
0.424510425795134,0.5571509159757263
0.4189263576100032,0.7515219981550493
0.4184867785219577,0.6826033513366575
0.42330248060060294,0.5918737552940945
0.4333469240484181,0.485970937021442
0.44889683987191054,0.575153821574868
0.4705472539539982,0.6303650602262526
0.49873697683752893,0.40429213034045747
0.5330303265786012,0.5532973903245832
0.5715858220696797,0.5021908771632981
0.6111431358528001,0.3632108495450414
0.6475784082934116,0.5085996075591491
0.6768079869624326,0.5821791281524993
0.6956827483191744,0.622088546577037
0.7025865547889592,0.5137154520686594
0.697682153759863,0.30561373022697175
0.6829087052890969,0.441632104430669
0.6617869218672384,0.3886981092653339
0.6389580566506022,0.4514407475902424
0.6193733085797872,0.4482055174059082
0.6071956166848509,0.39259110487257665
0.6046454099514624,0.23717245801324247
0.6111005447480014,0.24366220702923272
0.6227643919505912,0.4232983030597161
0.6331796002684033,0.30976209003064964
0.6347076862865428,0.4554240753117166
0.6207308002229126,0.3855888660777944
0.5878890126491813,0.2362681044996277
0.5374717665697757,0.2796821275147368
0.47535432535278443,0.2640603369476415
0.41046429251903804,0.3402391315929948
0.35232816631403674,0.40055687905044435
0.30855469093817967,0.1284249524111129
0.28311388567917206,0.2468110777496868
0.2759900352598259,0.2403186852282103
0.2842732224120086,0.26453749478271305
0.3041207234540525,0.28514644033527714
0.332541276195804,0.23826572981826302
0.3680187913816918,0.24728568474287002
0.4097184672009869,0.30248364270099176
0.4559687173697856,0.2520616781939558
0.5031736116092845,0.2177241533715068
0.5459454771854224,0.14842344170995417
0.578404919137407,0.12621757361171929
0.5959279207675382,0.21526859721663846
0.5964851670538289,0.17072489494991114
0.5810275979698598,0.35995190696549056
0.5528510589111313,0.12083330555353933
0.5163000448853405,0.1617493036039298
0.4754077843594944,0.07988579996765816
0.4330420878311245,0.17433666940992673
0.39085373486898733,0.1744065591004577
0.3499401721129737,0.06766515587246032
0.3118190848845368,0.052282427793623694
0.2791671734520965,0.2001975453172718
0.2558481978633621,0.08318052833290483
0.24604138579482104,0.13957314672067825
0.25275270010716133,0.2755262943811467
0.27643452989633055,0.151873111564955
0.3144955673562767,0.1781706965798589
0.3619843993747668,0.11902767083490777
0.4129980396796368,0.14371050762697737
0.46200222585536754,-0.3592899852629521
0.5045343466095711,-0.21967579666987544
0.5373550605998625,-0.2825248525490536
0.5584669939202442,-0.26072798735035074
0.5673288907930891,-0.20980492947501156
0.5652612988226134,-0.22277563212998056
0.5557203641696864,-0.31827378765604425
0.5439742694811134,-0.32840834491452564
0.5358876444397918,-0.2105271748367756
0.536003838984308,-0.2967471577101495
0.5456417715793864,-0.3222100454975056
0.5619234930609429,-0.22919191088359575
0.578352092263936,-0.336383828591067
0.586890033264094,-0.23448998066288404
0.5807818692319232,-0.28211733188931404
0.5570133278275866,-0.25499403824664874
0.5174939564185255,-0.2657470862428695
0.46863354924882217,-0.35097927223675524
0.4195903343075298,-0.34763961097491425
0.3798315323072998,-0.2624940591208418
0.35674073696082875,-0.3217041568283648
0.3539416051037033,-0.3577913118386386
0.37079813654543436,-0.39089231949585007
0.4031383640979872,-0.36896002097682723
0.4447640635832478,-0.32696221704020123
0.4890680363101769,-0.36857150431772956
0.5302213022933605,-0.3928922647550867
0.5637524061307189,-0.2337623400696003
0.5866701495009304,-0.3564110774189297
0.597410643124053,-0.23260422747827592
0.5957898133925701,-0.2613834279320801
0.5829525288918223,-0.2632761506456631
0.5612146530217303,-0.2563953704586194
0.533728384373907,-0.3011754683253594
0.5039637691365477,-0.3092109220174149
0.4750531016511794,-0.38765924463414836
0.4491567608283322,-0.36891172933742344
0.4271508348910513,-0.34194645880321056
0.40890645912346235,-0.39666195159944323
0.3941106787843509,-0.3447652331464882
0.38317221887650066,-0.3207473371822987
0.37761634687803836,-0.40290122741401035
0.3796363779268602,-0.3659667714958861
0.3909507407654762,-0.37404271256952676
0.41152898039087327,-0.33020191454742953
0.4388981615481041,-0.25110744409288904
0.46851874898496015,-0.3680031983521978
0.49517392479487277,-0.2543949110208004
0.514742612975117,-0.2873734504812089
0.5255054098747219,-0.26667011561161824
0.528405340725087,-0.26844771966021225
0.5262493690343183,-0.5504398364174525
0.5223207621393151,-0.269236560775445
0.5190120433390515,-0.4383756889781795
0.5169355676941683,-0.3825259999662537
0.5147688950363571,-0.3698264292078342
0.5099124267896835,-0.323154906918133
0.4997521981014098,-0.37659907331072606
0.4829877089004161,-0.3613495430943512
0.460398433116738,-0.1559169096524893
0.43472227526538887,-0.3240806733025525
0.40978460064961564,-0.41051398912809306
0.3893294860876062,-0.3592192780779803
0.37604132815460656,-0.41893857142598984
0.37106767999453616,-0.29327785929149164
0.3740836286803121,-0.405567325056953
0.38370432418798095,-0.3093629113305386
0.39796728192639064,-0.500107095536708
0.4146991036082762,-0.4278035715060092
0.43177087649321366,-0.4160316698759437
0.44738323461624196,-0.34866444343722314
0.46048340517534725,-0.3801356244328383
0.4712204627979376,-0.40023171594882995
0.48116186777942005,-0.321862217053394
0.49299369320569053,-0.3397304834830584
0.5096289220404828,-0.49816375606003976
0.5329481372961177,-0.4525417418886526
0.5626653051724948,-0.3952251847243829
0.5959066177611876,-0.32240757506018963
0.6278713394559114,-0.34819315402863316
0.6534270072523498,-0.41415714620494065
0.6689610755849166,-0.36489027645436134
0.6736309894332528,-0.2906243081520839
0.6694638631027193,-0.3315149577220276
0.6603610880251254,-0.4333404311341503
0.6505853677241604,-0.30893406138061663
0.6434670592807373,-0.2782049404767588
0.640837355308858,-0.2885441405986317
0.6432578284203558,-0.36967522606653225
0.6507479276242223,-0.47973864593970894
0.6636166839483963,-0.4396070812233437
0.6831132677163589,-0.3939930617163103
0.7117100166145107,-0.49753759179095614
0.7528859542520357,-0.40090683454323905
0.8103957924124192,-0.3238890736287282
0.8871741676797436,-0.26590443852882206
0.9841317128039505,-0.35805079401623696
1.0991367181040692,-0.3985945562038339
1.226473317074093,-0.3865077764250648
1.3569864943370669,-0.3785406989948657
1.4789629843926229,-0.4076637769869214
1.5796545550404928,-0.4672000197566653
1.6472663155794316,-0.3129830603335805
1.6731149520683926,-0.16945942578206757
1.6534860354796113,-0.22116106782306694
1.5906572222126836,-0.5323564588272358
1.4927540862014022,-0.32660019099884907
1.3724532317436122,-0.38595297333633544
1.244805289018762,-0.4117066009152451
1.1245607532448725,-0.3415027764990052
1.0234697967674353,-0.3805428765393985
0.9481439828066192,-0.3567342292873899
0.8990789807634222,-0.2908666733209583
0.8711928378572298,-0.3088355438116784
0.8557632049217301,-0.32041628455971527
0.8431599439384724,-0.3682791247551088
0.8255140654316437,-0.42065867681516605
0.798563669414618,-0.2817928516663299
0.7622952990866754,-0.38905819652846163
0.7204333272342166,-0.3361102933407956
0.6791073721791999,-0.5352919146203732
0.6450938391325135,-0.34119184574311767
0.6240035848582359,-0.44105318756575684
0.6187954488928847,-0.4031349601970568
0.6289903136978373,-0.47351945512845217
0.6508019700245276,-0.36024618931382874
0.678073256986724,-0.3459015085372688
0.7036074574834295,-0.4000988984506733
0.7204537695982838,-0.5424894184219441
0.7229457603809455,-0.38239385403361
0.7075436637140857,-0.3209758538047799
0.6735529846566007,-0.4208890276981167
0.623606631508852,-0.4540392782563476
0.56363474898358,-0.42794583961524696
0.5020870630038743,-0.2833778307680045
0.4484094591609574,-0.5272766628990045
0.41107298798287295,-0.41025452943762425
0.395640055388472,-0.5079829668154618
0.40332592627502184,-0.3632341811229659
0.4303724072318592,-0.45232222125034105
0.4685018724077554,-0.4151816831936952
0.5067039588522643,-0.45238318619977896
0.5342901448269124,-0.404429849425007
0.5444978987450534,-0.44725035871393887
0.537413364382421,-0.4035391960277513
0.5210376545829791,-0.47406002595594793
0.5098999889993556,-0.44172312590246765
0.5213959103574071,-0.49108531297692587
0.5707053319907401,-0.25965764817750275
0.6655711904890387,-0.44517820973054184
0.8023714048797415,-0.43215714348082085
0.9647947703244861,-0.4560637172294468
1.1259949494811932,-0.4642465316520046
1.254289953599739,-0.5317709459414244
1.3212548811217923,-0.39317082876245746
1.3096845715695398,-0.4572206725230877
1.2183574046766512,-0.4193779639195238
1.0617892669402453,-0.5197814253204738
0.8656220426077986,-0.44003283735160176
0.6600101853008334,-0.6007809306915773
0.47334167537907734,-0.46901395385853195
0.32760027857341256,-0.6190957170910989
0.23572088170077465,-0.582084933411822
0.20076465169953805,-0.4419320085658132
0.21658686924346504,-0.4604772057177863
0.26978317857189926,-0.42176114219452066
0.34280064439441227,-0.40961320183672456
0.4178327853020637,-0.28493050635246314
0.48058181620987706,-0.4762719449268389
0.5227574683504475,-0.477849330534621
0.5426468242227378,-0.48777396417636165
0.5439242331688052,-0.45703686381528125
0.5334847190975007,-0.4403612681041911
0.5191738401618886,-0.36897314685588223
0.507976538685177,-0.5077654286473612
0.5048182265229875,-0.3835494528167153
0.5118567772001648,-0.5093143968336901
0.5281288030284548,-0.4421925602969452
0.5496202073944239,-0.37493230670088007
0.5700115881526712,-0.41567681247763083
0.5822479116560433,-0.4154420572300422
0.5806951595978774,-0.5405891094537576
0.5632082861385516,-0.6087493099965525
0.5322440670609974,-0.4794618327299021
0.4944146991281171,-0.4962549364056867
0.4585320794481341,-0.6227303113957494
0.43287670009044366,-0.5459725983097536
0.42274593678175587,-0.5055795223630938
0.4291622236295193,-0.5621179939813702
0.4490805094990651,-0.453543544613818
0.47678609554610685,-0.48374508464284827
0.5057425091366106,-0.4921559522567207
0.5301701310520044,-0.45955300488721157
0.5460273392810354,-0.47817403236535566
0.5514542853042274,-0.49773210352702685
0.5468467869413374,-0.4729184461347803
0.5346601230401135,-0.5223262392276614
0.5190425175167674,-0.536382196002633
0.5054356707246115,-0.4389825612825809
0.5001679121867006,-0.3810561917706025
0.5098599447856307,-0.527649826567508
0.5404215260137974,-0.5470616640407268
0.5956368903325091,-0.5783875208862204
0.6756715799740212,-0.4895155659038242
0.7760896251908213,-0.6512241665464884
0.8879890358467429,-0.4955438585575862
0.9995327301962199,-0.5213864072647393
1.0985573984185595,-0.43912209762104804
1.1754234625299973,-0.5496418953975128
1.2251416259680374,-0.5716808962087498
1.2481134778034826,-0.44821343242005
1.249378124072472,-0.5377362006262683
1.2368138593769566,-0.4691352025948581
1.2190398942936826,-0.6888992967064083
1.2036654675670029,-0.5419947397175288
1.1961852421162598,-0.5201408736727683
1.1994997484804326,-0.5550616212734274
1.213901628383083,-0.4386886288615015
1.2374031326387618,-0.514335038897952
1.266394471549851,-0.48152177225202525
1.2966618673261205,-0.5864472824107285
1.3246473163182388,-0.38613821257851894
1.3485835728210764,-0.6575279893017294
1.3690233201011621,-0.5519613226042477
1.3884715035479256,-0.4450165897961741
1.4102560981661338,-0.4983016133464511
1.4371488586995276,-0.3833330433498516
1.4703129949637264,-0.4703608451939167
1.5089151045670826,-0.4905296006108857
1.55043079793594,-0.5271465065372435
1.59150347403125,-0.45322549833566206
1.6291588985829502,-0.46550881136410366
1.6620616778023614,-0.4388599534590481
1.6913127559754055,-0.5925700255168493
1.7202967406938188,-0.5340856970470714
1.7534857681114877,-0.3582267546948574
1.79467257039905,-0.32371244827866513
1.8454289738324474,-0.3887829696573449
1.9044752356497743,-0.5637414115410797
1.9681863478690254,-0.46415113692172755
2.031898466079844,-0.3836909965616563
2.0913278856839175,-0.4306529287588302
2.143483189062602,-0.47747992390970306
2.1868597414107596,-0.566716305295021
2.2211539129734197,-0.3758891947567038
2.246921585120174,-0.20473747132568304
2.2654229783043927,-0.24764202650112696
2.278533423136152,-0.4221234714026127
2.2884238038220768,-0.20432792101271904
2.296889760628263,-0.2269421136161087
2.304536743309513,-0.283540838881102
2.3102306237371115,-0.22619901624892677
2.311179700896814,-0.23725842602638714
2.3037440053561524,-0.2531280492980235
2.2847228829557737,2.7155769913312726
2.2526622924893953,2.6288779000550537
2.2087435758587057,2.547892171035358
2.157002943329932,2.674571514198889
2.1038425977732738,2.499706349497252
2.0569139399592373,2.708044277412523
2.0235345367200273,2.603281746540448
2.0089785250271603,2.680293854640182
2.0151528192830925,2.6592727430423566
2.0400753821792708,2.8162546405924056
2.0782331842154314,2.7987795682211845
2.121625809686436,2.849373626539459
2.161228886729324,2.839741316827246
2.188595157900937,2.925585746695446
2.1972543528125428,2.9296041939124766
2.183583409224249,2.986541674778625
2.1470093277266944,3.0837191832570174
2.089688863786156,3.166214767150523
2.0159570828396043,3.1908127378872253
1.9317426970510547,3.3520006068522052
1.8439493066841934,3.58591560297605
1.7597127322854935,3.677578685518129
1.685511029044985,3.7623052200950964
1.6262225303738753,3.940846129772752
1.5843378016394372,4.151779741543684
1.5596081682367358,1.4449313863418378
1.549355738469069,1.43564368511705
1.5494140632682374,1.4390046174116244
1.5553476483097675,1.330848735409957
1.5634360036662809,1.2363017798381433
1.5710182714060241,1.2502437849697614
1.5761412471133456,1.2260366225373782
1.576872113636043,1.2074241041841545
1.5708559048492015,1.273518048841024
1.555520603147087,1.186208413076458
1.5288809815787485,1.299198891991538
1.4905112388812554,1.204943582668473
1.4421614811862116,1.2202392438938496
1.3876513302125475,1.142626166404743
1.3319703166137271,1.1060694239552353
1.2798526583336156,1.2259519223552318
1.2343633044347235,1.206949478749328
1.196100920693861,1.009819692902223
1.163401914849829,1.0233491743749545
1.1334714492784337,1.1203225108482204
1.103903776017682,1.1760026230361078
1.0738546893837992,1.3632124631800502
1.044319508730976,1.4725167043833562
1.0174625157032646,1.5629309259461426
0.995446745704273,1.8170728982603401
0.9793987322356886,1.678871156751834
0.9689468719418198,1.604558202574785
0.9624236124770424,1.4663389457276914
0.9575323831432065,1.3766041073649478
0.9520990948681626,1.0985676749370328
0.9445049933308779,0.9986273916865948
0.9336217153367768,0.8264953709098994
0.9184597327933937,0.7820730991108482
0.8979976337220965,0.7013909772029433
0.871534388717519,0.7009938836479703
0.8394607778161062,0.7043282718944037
0.8039197694542554,0.629437314715175
0.7687709041994866,0.6041376479172486
0.7386532705733219,0.5517676997269605
0.7174857648919688,0.7058724827966508
0.7071138499054055,0.6003360529643184
0.7068179732173924,0.6760174535508363
0.714004289975313,0.5837020277728283
0.7257545796987054,0.39712855003585634
0.740384111708629,0.5391976960212288
0.7580937616677318,0.5326480412946514
0.7802644754171983,0.4086796029484324
0.8076954006734469,0.4605492806519238
0.8387386451774956,0.49716098151992777
0.8684381174588736,0.4184732326721237
0.8893194704469729,0.3480517429902309
0.893674972054109,0.323543688065489
0.876442815484083,0.3948463992058961
0.8374181805015949,0.4126487300488237
0.7817809337408738,0.45330943591423606
0.7187265844259059,0.3190651144667903
0.658871505963992,0.3061393784483305
0.6115485061537895,0.36322276229660383
0.5829650414574875,0.376328677590256
0.5756515178088009,0.26744381866950484
0.5889942774658988,0.2316264271052364
0.6202450985640997,0.2827733344181123
0.6654008468717764,0.36680191400774115
0.7196635359484188,0.2062183275189163
0.7775641813144242,0.2162775656145353
0.8330504204026418,0.23330346028814158
0.87982674961705,0.17827742413385317
0.9120580861671803,0.13712670610134192
0.9253501125729829,0.2529753161997874
0.917794193433374,0.12895807356651365
0.8907592675070246,0.16596563006078058
0.8490210034246559,0.16185741788732452
0.7999248077935519,0.17379514834047288
0.7517099318497793,0.1659845334391764
0.7116244710535997,0.22820222196629933
0.6845841229299965,-0.06105230525718207
0.672742492722419,0.08767652407000838
0.6757958449702194,0.06766995743289968
0.6915717869632938,0.1686495356090456
0.7165548440068579,-0.0438411300113214
0.7462694811253149,0.04746488679650025
0.7756530984576183,0.08645962075516601
0.7996520582321862,0.05904576339884174
0.8142217010916336,0.00772466195851519
0.8176172543091782,0.022933685077132383
0.8114425449722197,0.01883012245048275
0.8007613492600635,0.0025789447245302155
0.7929105999454544,0.10399495564724115
0.7952718490657172,-0.010578058130283638
0.8127457245138459,-0.05129795139120814
0.8458252584827074,0.0038874969404922408
0.8900013305981429,-0.13139747435096039
0.9368210147658145,-0.09093595594078427
0.9763308249872735,-0.10082062322332794
1.0000682657489794,-0.09861060714413836
1.0035270220221157,-0.1770670112547783
0.9872839037286855,-0.21689346384479175
0.9565518864918071,-0.08747290325167746
0.9194587513625531,-0.15105235213216026
0.8846723940755737,-0.1918141441059899
0.8591112280950495,-0.022354017753151854
0.8463881536381074,-0.13338985961760666
0.8463408297805606,-0.12721913209646765
0.8556161328551433,-0.17046939517399992
0.8689741765530632,-0.22084886674504084
0.8808538037562121,-0.07342795979192271
0.8867905675470963,-0.14013393909876848
0.884416576032964,-0.20922426741404107
0.8738960130405979,-0.2724304476524431
0.8577416514497948,-0.23131035774133893
0.8400709713943191,-0.24902711356886317
0.8254867048360219,-0.23806117924075898
0.8178413753320213,-0.14994955687669498
0.8191663609530403,-0.21763395050551493
0.8290392960847524,-0.16419397086403623
0.8446090653613699,-0.3474066741891451
0.8613650773798769,-0.21790286524796812
0.8745167370747771,-0.22149667482985974
0.8805827998479432,-0.31868957236797224
0.8786292951850634,-0.19269238996534552
0.8706837901488669,-0.30133260277912677
0.8611502513503386,-0.2374703022711688
0.8553853607905417,-0.4583424684459724
0.8578639949364206,-0.28960058382935344
0.8705309715706999,-0.3670714664389131
0.8919723811285553,-0.6760043473028122
0.9178429577465052,-0.8499790185279241
0.9424944007842957,-0.6635212441827503
0.9611454859612358,-0.6637713530783912
0.971605948035049,-0.561955152779381
0.9747634889714647,-0.7328873882116035
0.9736668796358522,-0.7814627670597247
0.9717503121195056,-0.7189509127746343
0.9711637706167383,-0.7378792148027454
0.972043184190924,-0.6640777051979271
0.9729427727016998,-0.6709040676747036
0.9719826380421818,-0.7483895591443877
0.9679776704108815,-0.7284874762677315
0.9610177649490386,-0.6605067659526702
0.952414353482803,-0.7163828975393945
0.9442545629301511,-0.830706909307573
0.9388569680915743,-0.749177981048088
0.9383235713863779,-0.6969254728055106
0.9442733793401589,-0.7359717519013248
0.957716738190035,-0.7903813499668312
0.9788889498234057,-0.6300556484458023
1.0068582065183893,-0.6503371651298734
1.0389804609225064,-0.7791321086256681
1.0706244965546001,-0.6642222663513349
1.0956556984354566,-0.69175756659072
1.107794241328735,-0.767758793401514
1.1024452591281413,-0.7224213205093091
1.0783275999699151,-0.6546559782944047
1.0382915258014054,-0.6568670107711599
0.9889683642158393,-0.7757452330230495
0.9392420197240529,-0.8496083855590908
0.8979545400190811,-0.7623682057791829
0.8716254132227289,-0.6274328767327122
0.8630172098815891,-0.7351949878850861
0.8709986910876756,-0.6867354774953373
0.8915570748435513,-0.6744188162229967
0.9193762107971166,-0.7518088276589397
0.9493408517975295,-0.8387221267382943
0.9775513143167545,-0.7322877403278222
1.0017028062421707,-0.6992808197283014
1.0208935984149385,-0.6936987559939183
1.0351022384181983,-0.6585660597950704
1.0446836143611333,-0.6644414955612385
1.0501602685827014,-0.7237851662853347
1.0523113849332486,-0.7566625504357865
1.0522897265890268,-0.6680471372629095
1.051482800497863,-0.7641422316398744
1.0510779759988536,-0.8335329632594457
1.0515282950383338,-0.7384919504769908
1.0521636166432595,-0.683253430531795
1.0511240898862095,-0.7135464069189073
1.0457302584749038,-0.7514251015507336
1.033317139984576,-0.80461153800028
1.0123632181807336,-0.7853018197564774
0.9834828679539468,-0.6590792599386455
0.9497288371600039,-0.6722902950621018
0.9158889687819184,-0.7276321190280846
0.8870247616219592,-0.7328662651456809
0.8669921047743387,-0.6903266233330756
0.8576764751295551,-0.8329880956904689
0.8591760830418634,-0.7748445778589927
0.8705998160659578,-0.6743836659115657
0.8908728807896332,-0.7460904907072393
0.9190253199112892,-0.9089640669348588
0.9537846188631658,-0.813315841447626
0.9927444479530488,-0.7592491601074575
1.0317151807657567,-0.7230684003501953
1.0648867846307706,-0.7112336617426989
1.0860826536740729,-0.7680728111087117
1.0907734812825944,-0.716733996956844
1.0779828759354555,-0.6335792434349898
1.0511019212190924,-0.8744856662836379
1.0170452138856176,-0.7597420699303139
0.9839421325680229,-0.7950658367853636
0.9583007818620167,-0.8429182522549098
0.9429055032500409,-0.6947238529154676
0.9363792444000318,-0.8663995472532124
0.934499175297894,-0.7293905439772748
0.9324894415349936,-0.7837909159024792
0.9271461987627193,-0.7567635607932821
0.9179289608399197,-0.8219036231235445
0.9068008598572612,-0.8854717982920798
0.8972032098034102,-0.7120230987789246
0.8928303002047325,-0.8744996036272279
0.896761819994906,-0.7356400624637588
0.9111469595615325,-0.7136963076532425
0.9372780646615265,-0.7615904938966374
0.9757380939534688,-0.843439688047873
1.0263697098994473,-0.8128644831197142
1.0880290155517895,-0.7603142645061071
1.1583660199906394,-0.6533411006920903
1.2340250882174,-0.9608377175539325
1.3114748249267256,-0.7292161823234048
1.3882103580234915,-0.7893843908284892
1.4636735119229218,-0.8610714980515854
1.5392542371562703,-0.8853286597857281
1.6172057436792044,-0.7148315120351204
1.6989187878439278,-0.925356143314993
1.7833573867147576,-0.7856338375718175
1.8663825830083494,-0.8441787870584285
1.941297982058116,-0.9037507769913166
2.000458228509631,-0.8463712066525253
2.037361001029556,-0.7026766842286826
2.0484267534009697,-0.8303912783230031
2.0337666833852346,-0.8049066769269737
1.9966572507757956,-0.8598135125278787
1.9420122105289788,-0.7748298043271561
1.8745887614811227,-0.7653982541923448
1.7977520021147306,-0.7441495745702135
1.713309354930995,-0.8550195570939007
1.6223896380932104,-0.8294026237048714
1.5268488397226363,-0.7381351739144151
1.4304252457082565,-0.8766832655306033
1.3389203774597183,-0.7829638845365471
1.2590717118914492,-0.9380846346647767
1.1964215958601268,-0.7960984793330984
1.1530953713422716,-0.9192468648753347
1.126594214842704,-0.8032184495944371
1.110282688972076,-0.741066336753996
1.0954474196421529,-0.8058253194983584
1.0741333560488058,-0.8557343630053655
1.04171930157052,-0.9142159607740749
0.9983166625325861,-0.8017918750506545
0.9484825248936437,-0.746454261183301
0.8993977555365996,-0.8239738124227743
0.8583214477991263,-0.772252772159582
0.8303813576980779,-0.7533600707927942
0.8174378316353408,-0.7620303423922741
0.8181211415477037,-0.8700625545718438
0.8286173423747594,-0.8351436670116507
0.8436617715532682,-0.7748475565316445
0.8574718146178724,-0.7362722664181841
0.8646985662607352,-0.7543975323692788
0.861557492102878,-0.9095445746754884
0.8470313344926503,-0.8644989493307084
0.8236574553006782,-0.8051707919412673
0.7972551310515561,-0.8310385171339083
0.7752370619717337,-0.914662800496937
0.7638682714552839,-0.91576195102135
0.7656340853490059,-0.798473777522006
0.7781539822943971,-0.8596102976063809
0.7954623484465576,-0.8536925650393677
0.8112810720319789,-0.8777171797357133
0.8228793890877169,-0.825115620888135
0.8337964214958017,-0.89040268106929
0.854132068594393,-0.7297502579358485
0.8979878292228889,-0.9034859561939935
0.9786122011612823,-0.8085611103952633
1.1026549929687128,-0.7426430539540005
1.2654726116018467,-0.8186930495273893
1.449395118858777,-0.7820865610948545
1.626137471217847,-0.8115593023777488
1.7632579451552042,-0.8737089877762693
1.832971593254992,-0.8333051790752928
1.8201724206155547,-0.8337904187940296
1.726301655741218,-0.8904147400695822
1.5675917518403115,-0.8331774931869559
1.3691693335690336,-0.8733545143750054
1.158185189607055,-0.8898236088229945
0.9586021724505808,-0.7585105636326429
0.7885882811813527,-0.950643199656893
0.6599957070620361,-0.8983840576684535
0.5787583045781147,-1.0426404200121724
0.5452869190558344,-0.969572257970583
0.5547634884663734,-0.7756458381220794
0.5978839836360655,-0.8416407987861145
0.6624707316786307,-0.7168316429909827
0.7357215875524047,-0.7740436778273796
0.8064681215736793,-0.855753756689633
0.8669287476577296,-0.750142998786952
0.9136556561471595,-0.897566723317141
0.947435418681043,-0.7649086110074551
0.97202682888397,-0.9098129717873501
0.992008837864047,-0.8593111366531856
1.0105029240374108,-0.8606383070066941
1.0277513640452896,-0.8090728184328595
1.0412294449037984,-0.9479178002373664
1.0472317136696745,-0.922537252145072
1.0430874473182303,-0.9521813139028179
1.0287986948372754,-0.810893298219307
1.0072061952363625,-0.8171175183448239
0.982615857385242,-1.0110804797268036
0.9586799641598424,-0.8131074692358323
0.9367230351725333,-0.8698681403275572
0.9154203470089186,-0.8293451983809544
0.8919723237419972,-0.9184637067321159
0.8641269652731636,-0.8318991431995962
0.8319988716692345,-0.7778893492697423
0.7987767988860232,-1.0072794367995361
0.7699896966882751,-1.0112168569735613
0.7516968618285618,-0.8602222920675858
0.748418800320626,-0.9303788286086689
0.7616617835087518,-0.8930513421210944
0.7895835290577162,-0.811838712584998
0.8278547352889444,-0.844992457190471
0.871274257563483,-0.8553361350413684
0.915421889828288,-0.8083448692655603
0.9577058176482103,-0.8674837479414808
0.9974988713472748,-0.9864715669895184
1.0354883874292689,-1.0270143790014181
1.0727021135685277,-0.9708128876667615
1.1097278338126515,-0.8292220592662917
1.1464054158929595,-0.8715440860765791
1.1819581186939387,-0.6943538052088079
1.2153345207402484,-0.8596228229067208
1.2454900988710176,-0.9191198510148559
1.2714696654788544,-0.8633608050167809
1.2924168808000307,-0.7798604825229383
1.3078000434344152,-0.8417905809758744
1.3179904409993466,-0.903400305949252
1.3249647613834648,-0.7472963307275158
1.3326459374399229,-0.9468755433842634
1.3464550423239752,-0.9245182436015579
1.3719890152362144,-0.7533802050718439
1.4131841447957765,-0.829596450213012
1.4706495086705975,-0.9211920237037519
1.5408742446612647,-0.9399931160546526
1.6166977084664438,-0.9260985127929503
1.6889618479039794,-1.0091136697595815
1.7488753141889888,-0.9783180641808138
1.7903843876958279,-0.8947706053600972
1.8117502296630013,-1.0211966721927663
1.8156986863100322,-0.8774376870116595
1.808084522850137,-0.8030374366232056
1.7957618922428091,-0.8518220818268187
1.7847075621410426,-0.9096680956806763
1.7791229630651657,-0.8929134283723525
1.7815628216213781,-0.8710715259223738
1.793598054834514,-0.931308196374546
1.8163614398575407,-0.8628312329997363
1.8505356299497566,-0.7920318640740591
1.8957650297825914,-1.0036792258966885
1.9498643916599985,-0.8815869383522889
2.0083763632957963,-0.8714312979740331
2.0649565893185686,-0.70036366362303
2.1127586468608275,-0.8074554726570526
2.1465012378086445,-0.7881600814237948
2.164411228349044,-0.8135089230005736
2.169078237542899,-0.6431233432402871
2.1666531971876486,-0.9481663785088377
2.1646223583538706,-0.7348668784521353
2.16912368539996,-0.8716220702999178
2.183000818095765,-0.7441023555608179
2.205369585100841,-0.8518940358262581
2.2326508102773657,-0.6360265018582613
2.26031103331768,-0.6731644814331502
2.2843742716803415,-0.5853077118168684
2.302145128382598,-0.6092365019332753
2.3121780135399366,-0.6518556378427276
2.313944233365396,-0.7235723389712574
2.307676105064517,-0.646395607210504
2.2945475786479026,-0.5200856205368484
2.276941271273056,-0.5616320546937666
2.258375298671849,2.2787553859854834
2.2428663610129767,2.3463112744788717
2.2339062503815277,2.2811074414141568
2.233478569535214,2.271948028964128
2.2414789846189853,2.356456198016491
2.2556719786887127,2.244173920070416
2.2721379593694824,2.3140483411866843
2.2860903385901645,2.4518714595806403
2.29289489077318,2.462542251729355
2.289053944883995,2.4603836663277114
2.2728877569484047,2.4365728541844165
2.244755097305882,2.593504824572574
2.2068581712613966,2.461123615298166
2.1627809186580196,2.564309501636187
2.116865420678544,2.6712528500363897
2.0735078757006917,2.612739634126056
2.0365112385284734,2.6459505110624226
2.0086057741759933,2.856931070718488
1.991097069210665,2.9063044505589954
1.9835285858348977,3.0916702526095614
1.983395331403166,3.171986493263954
1.9861697156783,3.3570141059303937
1.985938961349311,3.382310046001143
1.9767195907773987,3.5257261627298084
1.9541498428861535,3.7841077056815364
1.9169762956899574,1.0349539308836682
1.8676970147216332,1.1099363271434033
1.811955478527795,1.047233951361725
1.756742482296786,1.0249813919088089
1.7079902590563074,1.0035944838755158
1.6685037977265882,1.0813259062705156
1.6371600558348085,1.020984408232572
1.6098199898335082,0.9920863491803081
1.5815739673961704,0.7520740357320302
1.5492108793791943,0.8380878680368736
1.5126727187935787,0.8919347652411379
1.4748438689884076,0.9039068110629768
1.439908661472649,0.8717795417844741
1.411161136665286,0.8720792628496402
1.3893223920981164,0.9399172215493983
1.372117441696863,0.6097253449772919
1.3552247967642854,0.8186025930388273
1.334043573104489,0.7668232634139259
1.305379276521269,0.7176003556627645
1.2682784482771414,0.7292342088813567
1.223742438867283,1.0043207131784677
1.1736759016102514,1.0527363815942032
1.1198277528708425,1.2175853544483708
1.0633845567873734,1.221586001877421
1.0053510590518762,1.322287169807533
0.9472804910507007,1.490662375876838
0.8916797768694338,1.4215317911318646
0.8416647838384794,1.2343728627052475
0.7999979139667704,1.0004701261138762
0.7680887392885983,0.907741036428305
0.7455708800429443,0.6925780772278485
0.730725805244251,0.5923325353979019
0.721558585164924,0.38735713969952423
0.7169555916945551,0.3281552887853434
0.7172236245463741,0.34811751219609677
0.7235659843213423,0.27732346646332123
0.7366690252083419,0.3495742488807184
0.7552189842627843,0.3234620912970821
0.7753734144125116,0.2871001298727371
0.7917358719483861,0.379199896692544
0.7994727506626614,0.25549393482313965
0.7964819281985168,0.2525588419815805
0.784466284280773,0.1637371291279261
0.7683479243624446,0.2009859403117066
0.7542520294001579,0.23295712204985627
0.7469014332350734,0.27285158365138007
0.7475235325511276,0.29737115489176236
0.753201038273923,0.18713131054752033
0.7579985478907786,0.15150489668696945
0.7554115254097554,0.12894084893769395
0.741112548698182,0.11396267663862464
0.714859410101627,0.05269543321550719
0.6807812575077489,0.06541345499352665
0.6459275859162871,0.05914252304733989
0.6177061250591522,0.0895668659251398
0.6013262704990269,0.05069708389370591
0.5983327546110829,0.1300265345629396
0.6067509836089926,0.15574015729026425
0.6225853570588573,-0.0583677613873709
0.6418233865081767,0.14832177073544817
0.661949634521521,-0.04935032780860208
0.6823023422374951,-0.06993356695207013
0.7032486709688437,-0.004242544797977657
0.7247786195761364,-0.10987554031097331
0.7454078196139658,-0.0707892287560944
0.7621082230078993,-0.07687254265906467
0.771407260023069,-0.11471318856501737
0.7710681218025729,-0.018950807703933266
0.7613540795658738,-0.09025069467974325
0.745137750281086,-0.09558921484769714
0.7268646289208531,-0.07092094370366311
0.7110337507109474,-0.04060129426593893
0.7009911925197098,-0.17736824938942714
0.6984876597846408,-0.2593630122238171
0.7039387338773107,-0.24333875379922348
0.7169491914362989,-0.14981308607669522
0.736619058755657,-0.057750706750622396
0.7614350972138069,-0.08122450597330762
0.7889452384280876,-0.1201777106932404
0.8156482438836593,-0.18130704855770358
0.8374574927303509,-0.3400473622160613
0.8507388453242671,-0.24066272762480204
0.8534776213035582,-0.19306705928214118
0.8458984367595515,-0.22518721191736493
0.8300619588671074,-0.3272373345129333
0.8085394247522917,-0.22942914618280225
0.7828699310451839,-0.15175205105430944
0.7527211007002728,-0.2935548776645081
0.716321657860231,-0.3473721432054056
0.6720241897427074,-0.34651704637787667
0.6202358261642986,-0.30977698745562227
0.5647492000927654,-0.2994616420413105
0.5127513607842018,-0.3588276027255898
0.47335028151289493,-0.3716375903781097
0.4550993702001723,-0.37780175905454966
0.4634062669447483,-0.3530136999033837
0.49870354690484353,-0.4126524305097026
0.5559293308256354,-0.39693797264091946
0.6254277400717103,-0.35430130617416594
0.6949797679952348,-0.3909900125099954
0.7523932310727841,-0.3715437666843343
0.7879833498452954,-0.313689786968663
0.7963913858763403,-0.38004206441887867
0.7774339847875043,-0.36486236396107463
0.7359026465528389,-0.3202328467645126
0.6803997096488983,-0.46696175715835486
0.6214840908297588,-0.5063928619117692
0.5695882621056317,-0.49049162397607515
0.5331805351239406,-0.46484760361320787
0.5174317491831871,-0.4793614047725296
0.5234366934540922,-0.31222736789141253
0.5480547379722789,-0.4514678665643862
0.5845465427482346,-0.6595401349413545
0.6240937840837747,-0.46971287493186537
0.6579333933726905,-0.4996887924548394
0.6794913554551616,-0.6589925641489351
0.6858664958227267,-0.5202761865586081
0.6782893613830043,-0.6153399660383907
0.6615106632226706,-0.5386264749260319
0.6423121210249736,-0.5778540552256388
0.6275510511586959,-0.5068211213677698
0.6223461427732444,-0.4427042173009038
0.6289889807653685,-0.5179874695321209
0.6468321739565153,-0.5076369868325825
0.6729842372589157,-0.5987857218448952
0.7034289004128865,-0.8185507216789851
0.734201742232177,-0.9809093848909592
0.7623105352001274,-0.9751711669324246
0.7861299139453972,-0.8940309842169075
0.8051651363190939,-0.7982648088829056
0.8193704393241436,-1.0764898149691309
0.8284388279752313,-0.8711089584740305
0.8314864015870502,-0.8595570522296048
0.8273225976206815,-0.9493157736312863
0.8151707982264345,-0.9333166521209502
0.7954822467584939,-0.9577568110854627
0.7704518406517309,-0.9061596400573341
0.743945867752539,-0.8808368113744119
0.7207579317179247,-0.9569196255879432
0.7053968138353315,-1.0488702115945594
0.7008247940176542,-0.8432884200236087
0.7075417341145896,-0.8182117920759014
0.7232273840688261,-0.9683371651780376
0.7430227357632706,-1.0192576401409934
0.7604691716590063,-0.9506655738195731
0.7689939960506029,-0.9971521398963618
0.7636294679517013,-1.0342179303015517
0.7425268763358954,-0.9492083749689232
0.7078400319028239,-0.957519345713513
0.6656323881952693,-0.9629549501663771
0.6246067856641211,-1.014980603392105
0.593781981041293,-0.8854451907825515
0.5797215513984453,-0.8259614522522457
0.5842766353489469,-1.047437624912504
0.6037568966403994,-0.850051759563275
0.6299651069840039,-0.9798060752537536
0.6528101818476194,-0.8944454039684426
0.663557559070896,-0.8904090505928273
0.6575015243055662,-0.947985926031562
0.6351049504677447,-0.9815788051525061
0.6013170141749298,-0.846572374179384
0.563507970196366,-0.9830264123458868
0.5289239267458201,-1.0132633024565751
0.5026239213891175,-0.977795916624594
0.4865511957088027,-0.878864999543166
0.4798492428916419,-0.8411984821953701
0.48001160156397205,-0.7950896570082242
0.48422903882901913,-0.8094610882245131
0.4904351055935391,-0.8759266777723235
0.49783828280000897,-0.9484778217983182
0.5069276986877971,-0.9373639097618182
0.5190317764880683,-0.977863729654052
0.535599687510021,-0.8079850528967613
0.5574588852393505,-0.9654149604532071
0.5842897942388676,-0.8900060318599823
0.614438609749742,-0.7922291660717384
0.6450350016265811,-0.8198219545391704
0.6722995612443674,-0.964017896508509
0.6919844129151633,-0.8853236033535118
0.7000022142139808,-0.9252669432123175
0.6932784898504321,-0.8360264941376309
0.6706786883284859,-0.8429721066232947
0.6336983721021776,-0.9578722171059402
0.5866240416649611,-1.0384148113033755
0.5360352064023015,-0.92868332673119
0.48969349241272964,-0.8172308076042084
0.45501119818196467,-0.8810807753851103
0.4374459952216313,-0.838962163005424
0.43928036012982286,-0.8130223180014838
0.4591758151510722,-0.8662846853974844
0.49261970579870895,-0.8973401621755254
0.5330638137323056,-0.8761496890700754
0.5733538612997406,-1.0506529419932584
0.6070183575508559,-0.7932904313087547
0.6291187722251919,-0.9096805795482208
0.6366177262101859,-1.03061094138318
0.6284464301410128,-0.780862498483199
0.6054747525609132,-0.8930675066543421
0.570433588074169,-0.948049555606211
0.5277011966892836,-0.8150660040832864
0.4828547080171688,-0.879120850402551
0.4419685862463385,-0.9014063810779714
0.4107242724795306,-0.8740124185592661
0.39343131071234605,-0.8607781746492084
0.3921089939781133,-0.913229395005102
0.4059055800971646,-0.8476944493742955
0.4312077447835192,-0.7518691239013537
0.4625845186435906,-0.9254386856229956
0.4942681264235995,-0.9254375223095312
0.5215745942850726,-0.8504009704019796
0.5417648873476038,-0.8652691851409912
0.5542036738304305,-0.8351388597922661
0.5599884556670978,-0.9537384638617692
0.5613431668614997,-0.8910933685762321
0.5610207933432623,-0.850959908411842
0.5618184319020814,-0.8353510291714884
0.5661482729070146,-0.8663239585592164
0.5755291980031642,-0.8683814156907324
0.5899708365248858,-0.8254111275099026
0.6074889799522678,-0.8931937484603121
0.6242036897890647,-0.8737265725972702
0.6353720802801934,-0.9146847652185859
0.6372489789686344,-0.842896411564494
0.6291213749986462,-0.8651781119466664
0.6145964712212563,-0.8148165054620506
0.6014120181047071,-0.905070673993517
0.5996123426100991,-0.945538412788886
0.6186382215954619,-1.0163814084253344
0.6643524705803521,-0.7280149535971281
0.7370481273207267,-0.9626084355915119
0.8311334779214973,-0.8813481810022248
0.9366282473749745,-0.8731551370321295
1.041964788786295,-1.0061823626566837
1.137065608533856,-0.8333497991706845
1.2155539595225102,-0.8282552558692153
1.275386175836933,-0.8475184428867777
1.3179605076353869,-0.9017772227998645
1.346401752730526,-0.8491145839277672
1.3638825988660315,-0.9437693020038181
1.372539354109453,-0.7122751464934357
1.3731165739538396,-0.9601968095615254
1.365218073700242,-0.9275075182075615
1.3479339732153823,-0.9071225061183218
1.3205460650634706,-0.9224655284896687
1.2830203841116603,-0.9256526412714142
1.2361300535630881,-0.8144903134064454
1.1812487869490345,-1.021275059609995
1.1200115018502432,-0.8953952615262705
1.0540735261759044,-0.872978485153456
0.9850877953803395,-0.8093066036950248
0.9148549125525786,-0.8825888179557989
0.8455135721227346,-0.8439205345673906
0.779622955281158,-0.6949392834475122
0.7199843332479583,-0.8390665604508438
0.669126014877655,-0.9842763199234279
0.628616349249627,-0.8394387199102206
0.5986157665811459,-0.9086549530395895
0.5780261107106501,-0.8808107617483867
0.5651958007273786,-0.7962857553075147
0.5587388752531238,-0.903173140350188
0.5579745697821049,-1.0050010951522061
0.5627641775283267,-0.8942615998766852
0.5728435380743189,-0.9024475616147511
0.586950865648957,-0.9243999391402892
0.6021378364047064,-0.8709036832676262
0.6136610172669276,-0.8716902820338743
0.6157112197732248,-0.9547794539595885
0.6028855175604808,-0.739537776309768
0.5719134857494477,-0.9184718399544284
0.5230237223002632,-0.8108425830198874
0.4605337613533841,-0.8875652273210863
0.3925272042130994,-0.7442924834745228
0.3296616956514141,-0.9303734591267995
0.28324095068063837,-0.720141863375976
0.2627617403028417,-0.940595829697098
0.27332753350160255,-0.8775328371120695
0.3136687014308138,-0.9863099874975813
0.37575642488958805,-0.7932321688440599
0.44666555776116634,-0.7429742618739844
0.5124020519056335,-0.7668912680300227
0.5624697724705974,-0.8479127035731998
0.593593109625297,-0.9227471772741458
0.6112823830916224,-0.8447827027518894
0.6285462535627917,-0.7675695475249762
0.6618124515092694,-0.8573836235217319
0.7249655542530747,-0.8088570241732845
0.8232404094119274,-0.8924910425440431
0.949185439998938,-0.7705859269566707
1.0826248367801306,-0.8054407283688628
1.195344448364267,-0.7055158982658
1.2593319865648782,-0.9421149852083146
1.2555311804231346,-0.8210658676703371
1.1794564413281434,-0.7686202015828798
1.0415417974767083,-0.8491166678122601
0.8629087005874191,-0.8894253171884124
0.6691949894766436,-0.7215564380886663
0.4850438695634629,-0.737948672639288
0.33051924979158365,-0.9140834276518633
0.21936412049185838,-0.877789605361912
0.1583608366685184,-0.7998413550020617
0.14719649599496853,-0.9311325479594951
0.1788516343532207,-0.8101774488860821
0.2409553849864826,-0.7368905692145831
0.3182956590744518,-0.8882738646953491
0.3959808952736069,-0.7240215140738252
0.46231228719108386,-0.7988470004997849
0.5105531591564905,-0.8310891943913774
0.5392370979252263,-0.9766883530499895
0.5511269509245802,-0.777307123839114
0.5512855286004171,-0.7763110957741489
0.544917091498127,-0.8761300381525348
0.5356732271969924,-0.8210279754639548
0.5249337915414174,-0.8890916865880637
0.5121608349384519,-0.7937500081688873
0.4959573864503898,-0.7307359763505596
0.4752359172731059,-0.743144952525102
0.4500249618669131,-0.8512329879721876
0.42171816182607647,-0.803069095013041
0.39276553248329826,-0.8422605070820973
0.3659338518321845,-0.7524707050347923
0.3434132019677697,-0.7278448091808043
0.3261510039199391,-0.8446758558051752
0.31374137037161,-0.7929379911719973
0.3049756073668476,-0.7199703032284064
0.2988183307069958,-0.9619910395924482
0.2952635343064389,-0.9136217123885401
0.2955060730225799,-0.8164084165478637
0.301238025924467,-0.7469417332369183
0.3134113262353495,-0.9347846193962223
0.33115060453518275,-0.8124891737806453
0.35148433999522477,-0.7380563516886639
0.37021511854952194,-0.6679196580345343
0.383691843318795,-0.7494248837870926
0.39070528048239517,-0.762402639449512
0.39353819723795747,-0.754910071008862
0.3975657641738508,-0.8001215982139612
0.4095291855959734,-0.95945603048496
0.435234764991567,-0.7956087325359829
0.47762442420181994,-0.951928994212477
0.5359070572807508,-0.7570155618590864
0.6059339303042548,-0.719144306622895
0.6814945123043837,-0.7327792193634372
0.7559294619813567,-0.7750211408790119
0.8235225257471427,-0.7411654701991148
0.8804132114238664,-0.8399513024961769
0.924997568074267,-0.8096417459737747
0.957862979969723,-0.9657007997415802
0.981354017988609,-0.900083934936452
0.9989446282809614,-0.6891035938253971
1.0146002511597114,-0.7993536660957131
1.0322083592665134,-0.8613799063015457
1.0550509932590835,-0.8096736292209448
1.0853030695746422,-0.8593137230382915
1.1236398563738537,-0.7837351071402825
1.1691110646729816,-0.7801061036996817
1.2193967699250627,-0.6856346647085538
1.2714038955775666,-0.8959296020478733
1.3220020177934382,-0.7977259426891833
1.368661480947266,-0.8209203945153888
1.4098429568679767,-0.8083838669471051
1.445077001445953,-0.7932908669917716
1.4747181375086567,-0.7647213355163256
1.4994440017174273,-0.7898155102757928
1.5197179892827597,-0.8687990378179892
1.535502720095609,-0.7743783940689895
1.5463914409123394,-0.7864302191372645
1.5520933075729308,-0.6253284345433471
1.553023184215143,-0.8471306149793164
1.5506940058405982,-0.7399984558312196
1.547689488562861,-0.6873004797316942
1.5471714536350023,-0.6466918885944689
1.552108726169548,-0.8197979564184923
1.5646011459173166,-0.6406423399211403
1.5856404759784892,-0.7302754408830926
1.615354593414211,-0.6248877881958594
1.6534331599633654,-0.45983268087290063
1.699308676608505,-0.6898811951368112
1.7518718768304926,-0.6538237617886049
1.8089156689376948,-0.6318238084220883
1.8668290442091267,-0.6226528556715962
1.9210048150403372,-0.7337651908893329
1.9669751798550894,-0.6189389555257166
2.001775710277656,-0.664695410026519
2.024827254961066,-0.5722995120258605
2.0378365279930932,-0.5115408218311718
2.0437133723884506,-0.5097014662911051
2.045024289466673,-0.5259554828227531
2.042771914461528,-0.3624065188331585
2.0361402110360878,-0.5011590138711163
2.0233428048182134,-0.4043166815114698
2.0031375164780543,2.3354093880952322
1.9762227784952047,2.4008095507946074
1.945771597027136,2.552936463837489
1.9167702505572823,2.383951716224599
1.894413047493037,2.5186368045988208
1.8822491650352358,2.496381335517564
1.8808648371193057,2.500818316772469
1.887632949557482,2.5369384351069897
1.8976329160768461,2.5700606483644592
1.9053882463358014,2.628355618964668
1.906733013220272,2.5021482788834652
1.900055809311592,2.557543284827244
1.8864374176500731,2.653572422656466
1.8686887765877114,2.7185920678031543
1.8497855717684772,2.786584548945277
1.831432832386353,2.9047643782403743
1.8133570415261901,2.920757968230109
1.7935420153749821,2.9705125900259763
1.769221675483037,3.1278468664029107
1.7381434530457345,3.175273239072027
1.6995048814943474,3.380846476841942
1.6541470362131465,3.4474044456166486
1.6040276484330878,3.729825222226355
1.5514223823006739,3.8115719479501613
1.498394539780262,3.8870814687842485
1.4467557586932005,1.3382935579461102
1.3982886390310014,1.3629287887267707
1.354817081710972,1.2754470730247707
1.3179163822598956,1.2830424989995142
1.2883933546567408,1.206145064270676
1.2658389470746407,1.1041035554147622
1.2485174186723091,1.2565072230389005
1.2337019757746697,1.0193729482399065
1.2183673741969803,0.8898706471959421
1.1999951334070982,1.223043823021194
1.1772355366627052,1.1016514671414175
1.1502677779055188,0.9176561572604698
1.1207627322985636,1.0778008538265398
1.0913662671146733,1.0462793142265456
1.0647366348122045,0.893973699921258
1.0424254474719148,1.038591573744478
1.024082987701682,0.9373390321046844
1.0073936636490153,0.9578950505015942
0.9888206420034413,0.8683463423708117
0.9648307024332882,1.0761158818956218
0.9330069879130188,1.0563750245571943
0.8925492816994889,1.210305571865803
0.8441103567895245,1.2129101390720902
0.7893794212894166,1.4919989507581595
0.7308761091386375,1.63819749291708
0.672018254668798,1.4584658403871484
0.6170878788086563,1.555683948884113
0.570682021772063,1.3171041563034531
0.5366197454628827,1.3660297539386945
0.5167079614182084,1.0353003040345323
0.5099090022190005,0.9840304072558071
0.5123096413347625,0.7608274600125734
0.518035965501749,0.69674375739518
0.5209569701564468,0.5506400739769971
0.5167062747409479,0.5911826530408771
0.504344783692541,0.6741296475402621
0.4869929772045666,0.7172446504698241
0.4710145166486859,0.5103513281501371
0.4638175374999355,0.521391888876126
0.4709295328543669,0.3694414170632456
0.4934477390840012,0.5181053018278612
0.527005710840282,0.4386555437602694
0.5628735652077903,0.5518286902309222
0.590871744164225,0.4428446206611792
0.6029380180886346,0.4746107721349179
0.5959300012193154,0.47644329085554626
0.5726177522657467,0.34649447881910417
0.5405603528816909,0.3833569351846657
0.5093818298864012,0.25072831038048504
0.48756188163076,0.2658328660534823
0.47994965897372655,0.3810946205811929
0.48676809591780323,0.36388550878511666
0.5041991615966863,0.13707051185349542
0.5260874937986344,0.37130556772982015
0.54603513331387,0.2562841791185247
0.5591664961848923,0.24902222391271736
0.5630817317385551,0.2624884460643871
0.5579104262788687,0.3313656926598719
0.5457214558458396,0.19072657985656782
0.529666888250492,0.3305762612748189
0.5131646786605779,0.2501110915189242
0.49926914883987417,0.2102500583113543
0.49022667492982674,0.18868593674839035
0.48713423716651716,0.22091028411315353
0.489639075900164,0.18217365762784105
0.49574126496483983,0.15125549103457456
0.5019468197289332,0.16601593265561904
0.5040760864206171,0.1898138832571313
0.4987391197335679,0.08950040835127795
0.48494920268974295,0.20481038422852688
0.4650257633779318,0.09236480079855451
0.4442069009439049,0.11847460773886338
0.42909054669947977,0.1057342591027401
0.4256128844182069,0.24369776549589758
0.4373683975437568,0.25896777301940344
0.46475048444923317,0.1824488493425467
0.5049878439066267,0.058557167392925366
0.5528998829017803,0.032441282414601584
0.6020696758870334,0.005406082080436669
0.6460629259199158,0.035080848062807826
0.6793674481632866,0.08197423808990704
0.6979435100160334,0.05883688077677809
0.699530019544327,0.025196411564839503
0.6839477290137749,0.04849822812154872
0.6535072977579346,-0.02805057495344469
0.6133378546668646,-0.01529425595337147
0.5711934944779214,0.13227242648946824
0.5363384077578883,-0.11675174806807045
0.5175447802258092,-0.10251162728633588
0.5207853328036913,0.04217489587724291
0.5474557838978109,-0.08113997034870483
0.5937621326882465,-0.01826048289620727
0.6514463904965717,-0.09038284439246634
0.7096162512173552,-0.12344074280375122
0.7572157932235863,-0.03942507730255988
0.7855413742983948,-0.01736834828820492
0.7901389966126982,-0.04564901544053393
0.7715548895035126,0.0946972563016358
0.7348256395277344,-0.07963170346684201
0.6880730984625536,-0.17767917302585387
0.6407668388929919,-0.20934416630828856
0.6020465500233372,-0.0803009177773404
0.5792141894400269,-0.08560357661857075
0.5763986474006608,-0.08214901951695076
0.5935351827914928,0.0013054368012879365
0.626034037015081,-0.18880665712819136
0.6655547017862459,-0.15504903849246549
0.7019736617441652,-0.03961272600904504
0.7260911440034151,-0.14625943881908604
0.7322324480501237,-0.13656427696464188
0.719874274176997,-0.20772518023293457
0.6937278983486386,-0.07675617208185147
0.6622083813840961,-0.14671512276230564
0.6347608424091442,-0.25872752765021284
0.6189192704752546,-0.18121631288746287
0.6180884356446454,-0.18472881648015263
0.6308036004590801,-0.18534587434120714
0.6516761554309066,-0.23881081231745668
0.6735615500642851,-0.19724894145788394
0.6900155203530653,-0.08956455065453969
0.6971029710942466,-0.1834295739419348
0.6940566069406231,-0.16705021218729693
0.6828311846585835,-0.11021212654701973
0.6669570789925985,-0.24637922870584955
0.6502094085325716,-0.18656795198280374
0.6355730362995096,-0.7125179251264303
0.6248167347532401,-0.5793016000093458
0.6186800921354488,-0.5414709205069027
0.6173719872052998,-0.6474485369924317
0.6209962507468136,-0.5752562815382127
0.6296831775549023,-0.5499299012283656
0.6434339975923515,-0.6660942330282308
0.6618270756808207,-0.5225215729220469
0.6837742033907721,-0.5135326025377147
0.7074706776056506,-0.6369643319487586
0.7305668568925276,-0.6677860649528337
0.7504762377138112,-0.49016178084391815
0.7647189011459434,-0.5455768477496247
0.7712698875437497,-0.6612522574524273
0.768930572252222,-0.49005360189024477
0.7576931889507458,-0.630627590734381
0.7389755105997213,-0.603067937347444
0.7155745412057997,-0.5641494534182725
0.6912643339320734,-0.4544560853010593
0.6700814686364751,-0.6388821348000331
0.6554304553308172,-0.6485253763450289
0.6492116341480396,-0.5689152408364941
0.6512656070299188,-0.7123272168291014
0.6594677574139725,-0.720786368725519
0.6706338053855544,-0.7307699578697907
0.6819798747192816,-0.5856684586855823
0.6924509204907705,-0.6419065342439738
0.7031547190542596,-0.5675534564146396
0.7165719332044126,-0.5583152873364194
0.7348941460617475,-0.6005572871402445
0.7582986649287967,-0.6295434866822386
0.7839498072070497,-0.6403971776600913
0.8061735772886939,-0.6261279815703693
0.8178759513460155,-0.5165998743260926
0.8129156331848671,-0.5347041008626493
0.7886940640496618,-0.48705565708607523
0.7478633037858984,-0.5116584959303234
0.6982118545163815,-0.5183910900595258
0.6505758402491738,-0.5472058654003905
0.6155738054395176,-0.662409784970005
0.6004899221635793,-0.5695854103700749
0.6074723153454348,-0.6091729693754501
0.6335128264831125,-0.685083049550753
0.6718570558385526,-0.5097731204723394
0.7140118011918137,-0.5662880886340319
0.7515556808509335,-0.4301418970284358
0.777369037533293,-0.6047934080771343
0.7863676595030678,-0.4608317467170816
0.7760575689655207,-0.5246180657165767
0.7471002439448355,-0.5703754849790733
0.7037361536409985,-0.6061433383545061
0.6536690783428005,-0.5787071563415189
0.6070547660758083,-0.5456582169247334
0.5745334504957088,-0.6015313132401496
0.5646710835241031,-0.5894315840067015
0.5815560876398466,-0.5638645437922541
0.623404220825148,-0.6713267072477211
0.6827322492885006,-0.6202269376602383
0.7481175928780971,-0.5292911407296368
0.80703127600256,-0.4429643104710595
0.8488834788286772,-0.5706729042671622
0.8673449381653651,-0.5103231838857947
0.8612833548388437,-0.5183255153496406
0.8342197733323449,-0.5530918667236662
0.7927624778412865,-0.6451961732330957
0.7447059591547189,-0.38757594463002887
0.6973771366415888,-0.4571621645820298
0.6565737843303959,-0.5253304942588223
0.6261910029527908,-0.5628076925718385
0.6083775389291198,-0.5269920589908701
0.6038836685685751,-0.5921310536710289
0.6122968246312567,-0.43620622968935485
0.6321050535016111,-0.5334632181447441
0.6607638052132028,-0.49763074560700654
0.6949568350830357,-0.5188032571158019
0.7310700063620894,-0.5122537429615364
0.7657301156811394,-0.6214466677177874
0.7962061387449393,-0.47327944254391136
0.8205259856399822,-0.5238811451159735
0.8373208809049468,-0.6774262621939056
0.8456166981770287,-0.36133234200229536
0.8448865823069809,-0.5490264511599126
0.8355283570968656,-0.4528530816074346
0.8195992882071987,-0.5309292968664628
0.8013612511030601,-0.4580423342814944
0.7871572594952233,-0.5106969645204997
0.7843839056721826,-0.3659293635392237
0.7997367699802492,-0.6245097103756778
0.8373183426911599,-0.4871803822684015
0.8974061786531161,-0.6135451494143915
0.9765051561579998,-0.6318574152103608
1.0687412074413223,-0.526372724903152
1.1679622397981757,-0.4346133696590183
1.2695419793614107,-0.4934111813109151
1.3711029483258068,-0.5759450394760246
1.4720025288938294,-0.5192743804917946
1.5720107145173423,-0.6430802773701777
1.6698463070688874,-0.4441841021848257
1.76213511502883,-0.5069197884771863
1.8431056479632022,-0.5102371956447539
1.9051370772830527,-0.3899099057171654
1.9401234342938989,-0.5113532782257724
1.9413735947978292,-0.41537713603414805
1.9054602597669472,-0.5317749210693536
1.8333465185140785,-0.4800231454277664
1.7304153348509619,-0.4173755387182214
1.605513031540962,-0.45127040032179555
1.4694737631895296,-0.5330667144669579
1.3336446516406764,-0.3883388345148558
1.208703835713917,-0.45036824426127064
1.1037333999296421,-0.5933204718591618
1.0253281938198595,-0.5640370495096603
0.9766357052390168,-0.5005744450280909
0.9565282963203604,-0.570766625582732
0.9593555387167696,-0.4822785589122868
0.9757130224244281,-0.584930358279773
0.9943406000608461,-0.46196629943060274
1.004755089880028,-0.4527791833007898
0.9998184282495025,-0.36898197677264877
0.9773927905475681,-0.5230407403383307
0.9405567588789524,-0.4710260747836784
0.8963777011178485,-0.49106558876918266
0.8537293619259043,-0.5107042266894137
0.820897059431266,-0.5154442464065968
0.8036172278308651,-0.5122620621537869
0.8038755932047409,-0.4889738642313586
0.8195136627422694,-0.4832691153873809
0.8446015409363912,-0.4597107564897907
0.8705177208502437,-0.48421148609945525
0.8876130976248325,-0.4781756753404287
0.8872430845202892,-0.45079332990469223
0.8638558006107183,-0.40224729953697597
0.8167124085608624,-0.4258940246862779
0.7507382078522413,-0.47304739597647
0.6760666298980389,-0.4800878677891415
0.6060897366716319,-0.474410301333783
0.5542342631566921,-0.4249554092093243
0.5301989003644012,-0.47116226653944177
0.5368997613149887,-0.4799267416625705
0.5694956497886845,-0.4388099619056928
0.6171955123401274,-0.4751085772995441
0.6673096575663329,-0.42035952227805806
0.7100160211641393,-0.5232462464965282
0.7421093768866338,-0.3891370025772691
0.7684338168433602,-0.46965154254475966
0.8004177980723058,-0.44414495202401605
0.8519688701443945,-0.4397833940890197
0.9338223389203945,-0.37517231420199487
1.0480823332150757,-0.3931694992337242
1.1849634584500401,-0.43553118280622777
1.323454602647971,-0.41871934387127335
1.4365304718482204,-0.291588066006997
1.499578701639561,-0.4101991154770429
1.498662841571825,-0.36836162843238207
1.4347488923052,-0.3015202058364657
1.3220898107772052,-0.5313441863577945
1.1822802769914755,-0.4190045770565833
1.0374442337795236,-0.43537568679905797
0.9054670614662527,-0.4593291732061653
0.7982355498804338,-0.4303786603747141
0.7221286067269503,-0.4841040596093859
0.6792962832305489,-0.4378868647159085
0.6685655044254224,-0.48950825723662633
0.6857064495105469,-0.5229797158027124
0.7236091278743289,-0.5587083713527784
0.7730495459294013,-0.40786911166048423
0.82420184860045,-0.4276332528601499
0.8684817706897702,-0.3588455453669149
0.9001106936372424,-0.43450610789150734
0.9169087903805173,-0.45467411474909525
0.9200861168085822,-0.3201304829262507
0.9131268808656983,-0.5236763442702929
0.9001829080164588,-0.3986329932599865
0.8845968195947937,-0.4706152946455466
0.8681542278527595,-0.3264315293897371
0.8513629925968546,-0.3495151260190557
0.8345409147960872,-0.3947285695752008
0.8189927007571605,-0.4497366599972637
0.8074229627530356,-0.4239425523685735
0.8031676916348557,-0.31468396647108765
0.8086043894381691,-0.34170195799322484
0.8236821429988757,-0.43829961501321063
0.8454829692881107,-0.43645909690705553
0.8691078786714966,-0.4934668986059339
0.8894290771511778,-0.4734524741546302
0.9028769300938226,-0.36902624961997
0.9085491699708986,-0.44959212909972224
0.9082852060148734,-0.38821178362497166
0.9057383966667059,-0.376548090357006
0.904850935116766,-0.38329811000629027
0.908370029105068,-0.34802210566134584
0.9169834340741679,-0.28219211384621806
0.9293257285057328,-0.29228781636960527
0.9427306507042584,-0.4061464734864334
0.9543747159213436,-0.3445931244063664
0.9624142832078312,-0.33702719744950604
0.9668027597367649,-0.5150479939625631
0.9696185567466988,-0.45014979484967477
0.9748611099018621,-0.44478236088145784
0.9877269328214033,-0.3333839850274153
1.0134248385738378,-0.3290788448355524
1.055728779709694,-0.5224741057909456
1.115627141068832,-0.3231002415129463
1.1904456694012793,-0.3244956345025638
1.2737102904308975,-0.3280522516249247
1.3559231523872926,-0.4332309273983233
1.426333768722409,-0.31791623600539004
1.4755151948493321,-0.3901405726328786
1.4981084321639788,-0.35754055626265213
1.4947864010587688,-0.2747028124038678
1.4726014782442063,-0.3739849362690957
1.443409397047963,-0.36627628590774036
1.420759289538688,-0.45539241821852217
1.4162127700392162,-0.46880736393280853
1.4362911085529628,-0.2986418218247826
1.4810420344371342,-0.28295441347375266
1.5446025678500983,-0.3613691946416112
1.617371900541503,-0.31227470997885703
1.6888944118478433,-0.37547961348741943
1.7504858627761786,-0.26302856525969914
1.7968869880835974,-0.3464817214106403
1.8266286824522808,-0.3809745111540392
1.8412886320558024,-0.2901096164370282
1.8442596296284728,-0.41664816154099704
1.8397473457724614,-0.35647467068848554
1.8323707873496664,-0.4052046275977315
1.8272090795865958,-0.3614528238053193
1.8297912766284268,-0.2349905332564753
1.8455490475299208,-0.292680462481826
1.8786171402069995,-0.22054492133167802
1.9303845860019053,-0.27017206233280167
1.998545104297679,-0.31169501991985016
2.0772805341202463,-0.3444992353007254
2.15866503512,-0.17591949262517464
2.234769152026704,-0.40004734495677496
2.2996592906699873,-0.2949205593006581
2.3506129023859947,-0.17346493358410342
2.388215005257783,-0.16191631778849427
2.4153921642458753,-0.2996188676622455
2.435807911719168,-0.11287669816472944
2.4522919976436266,-0.13061850866005006
2.4659612167902987,-0.1061201275593851
2.4763648265402685,-0.18267115897876546
2.4824765036113976,-0.16238826893035466
2.483911992671178,-0.1852757992275334
2.481650959420928,-0.13424028109371847
2.477879387351113,-0.12042485495583813
2.475118061510597,-0.12602651127216413
2.4751662327796504,0.002760825574083808
2.478371031581257,-0.09330706468742128
2.483474557391333,-0.019680167564490415
2.4880255011943366,0.051817656345274576
2.4891669277450186,2.821728826763611
2.484526749741876,2.9649488267447706
2.472935021663594,2.9489612129302993
2.4547587826821227,2.8285146604425746
2.431768401054126,2.856683891749916
2.4066067045070545,2.7767420766423285
2.382058070183737,2.852009916023265
2.3603495122295763,3.034244723128753
2.3426665452684587,2.934604004963053
2.328970996212725,2.962758471258522
2.3181068200189596,3.1912302823835246
2.3081393571073696,3.00614760385273
2.2969118772324926,3.0772432179121854
2.282794805319737,3.1595494931463675
2.265424998582703,3.2120015093621417
2.2460267363722908,3.2416618934096886
2.226991497857417,3.2901857918989244
2.2108302664280535,3.440133092894824
2.1990223745943007,3.5487891188157796
2.1912762067544946,3.6618177301223156
2.1853716397001772,3.679840086481204
2.1774848625460015,3.857106414608225
2.1628989022398493,3.9206789876392754
2.1370815869272075,4.211217619755308
2.0970142289250813,4.374346595686651
2.0423977536299525,1.6277688463727518
1.9762019125457413,1.5734971474166415
1.9041684009958653,1.567740203139528
1.8332997470523194,1.5955533822859946
1.7698280285759724,1.6798020086151448
1.7174107339200566,1.5042306880603893
1.6762311304267774,1.583777473872205
1.6433248855851441,1.5285203582672067
1.6139761488823554,1.5052197910722889
1.5836543798180571,1.426262250252785
1.5498247966919454,1.5564230530382184
1.5130167422808722,1.4657150330517013
1.476731123831709,1.269690425847621
1.446139041113577,1.4693103855916958
1.4260086282448112,1.3342388364036777
1.4186623876824207,1.353100398036143
1.4227655863670003,1.3504325743654837
1.4333513829713502,1.2848013371087614
1.4429416047405645,1.385191964824372
1.4432399142948502,1.4324661730507497
1.426838714206841,1.4757112484643045
1.388641539292601,1.4934546686163817
1.3269848247759488,1.6735459125700112
1.2444586073227462,2.0123495147720476
1.148172666389515,1.9680648093921544
1.049004121178606,1.9363955504825452
0.9595235491235077,1.946990312159918
0.8908835910025245,1.8639550998856282
0.8496652557191035,1.6837428540783956
0.8360067543025334,1.3800515067443364
0.8439370204910587,1.3387495738638615
0.8638413170986864,1.164016432546728
0.885985593840537,1.0807797773568693
0.9036171979812646,1.104032242254087
0.9145133930285172,1.0709985218177622
0.9206369467334538,1.1850137394817366
0.9263006198575954,0.9796193661155981
0.9357076552307142,0.8851921234074389
0.95090696565023,0.8970064837587106
0.9710069442169537,0.9253658136907725
0.9928765352466026,0.8557575699384548
1.01278920531233,0.8494688958335003
1.0280305806090864,0.7994111875041268
1.0376757653185715,0.8584895963195952
1.0423516114770042,0.936074608007818
1.0433568302264549,0.8754307924680559
1.0417100899889893,0.8682669487111088
1.0375932579850367,0.7724355483860768
1.0304297041758703,0.8483446436870393
1.019524298543707,0.8140366029441013
1.004844597628188,0.8180206881849608
0.9873780879042583,0.7210518953900718
0.9687472932548744,0.7694287646074202
0.950281963166534,0.7887082421030261
0.9321986170480908,0.7013063319181356
0.9135940509368587,0.7284700168976125
0.8934905129233605,0.6392234222851836
0.8724258405236126,0.6032310530613806
0.8535901157514403,0.6017177183665957
0.8426328630228704,0.6893695665754873
0.8459246602178773,0.6159383849229633
0.8678822696808404,0.6332973963155814
0.908536269941659,0.6442304271414527
0.962528418147585,0.4876847209667673
1.0201315556527337,0.6983537721537665
1.0699855803713274,0.6634445448509229
1.102510991753157,0.6007349454595715
1.1127225291005824,0.5661234496307043
1.1014353840679196,0.5654315374666887
1.0744733984698753,0.5110762609426652
1.0402647544381705,0.486988148152397
1.0068671554049495,0.4878803893183451
0.9796370260255323,0.5383094605257851
0.9603136775131195,0.5357930572013243
0.9475382172923145,0.5483995781702604
0.9382479679269152,0.46950032674535197
0.9292294046032618,0.4735067020032688
0.9182966576339255,0.40587892537494885
0.9048527828194394,0.38581893798802075
0.8898145646631106,0.44796677772023874
0.8750377286939958,0.3277840323763418
0.8625388048048193,0.292040309212674
0.8539052003878906,0.45555197780124757
0.8501292227551687,0.4740194338583547
0.8517163111650907,0.36964866199166546
0.8586719782997313,0.1192752546037814
0.8701764838420754,0.35259140086355945
0.8842208018388577,0.4737048937468562
0.8977078801042727,0.41075415859165565
0.9072991107248816,0.35448261012180926
0.9108158464549916,0.20563317987915114
0.9085927527596811,0.26772771960103947
0.9040199742420778,0.23457743616887755
0.9027434880556495,0.34456873195302057
0.910605800375818,0.3316957510239516
0.9310928269863643,0.3377580380179992
0.9633900633703748,0.34063379305303054
1.0019577251540885,0.24704319820064555
1.0379250130664408,0.25736469134611767
1.0618478120759234,0.3261839937636928
1.0667875147979924,0.2575165872897316
1.0505251681245036,0.37782287506407675
1.0161227443900618,0.21483961456716222
0.970786242428322,0.352370633378311
0.9236510705201618,0.20566283432612756
0.8833615959762465,0.24860639647278174
0.8561560028383358,0.26953152416951515
0.8448230719831422,0.2863862063862861
0.8485661040534969,0.2884108042539682
0.8635930390559832,0.1234679303580152
0.88418167905955,0.3222625744858985
0.9039902940479319,0.24064708280219743
0.9174225056477108,0.13088530999163558
0.920884537811037,0.2997746963268999
0.9137672303895539,0.22793029654336258
0.8989214668451342,0.13235562865942774
0.8823367807139176,0.18030408032928466
0.8718161291103622,0.20573754139262462
0.8747520711325221,0.11986514527903885
0.8955700621076002,0.16063621230323627
0.9337564962057595,0.15765618877628626
0.9833490773087731,0.1492696167294911
1.034257222238605,0.07495115335341962
1.0750409995477321,0.1980017843082199
1.0961963591630992,0.05579264808444636
1.0928141883274742,-0.17363578680494074
1.0657206808719482,-0.17377925539930814
1.020771486334552,-0.24817301963791646
0.966683276492017,-0.27323570151907406
0.9123534814204229,-0.197906505417167
0.8647372630248149,-0.21592157418646502
0.8279406472441031,-0.2564235515286657
0.8035199996907538,1.1849011084207333
0.7914454492972061,1.0586339819801607
0.7910064309547532,1.1195309868418215
0.8011308497490676,1.1225148509972767
0.8200542773225582,1.2105671780041203
0.8447673290848418,1.1960473584633875
0.8708806705808027,1.0910326362873135
0.8933295391516223,1.0289554584392135
0.9078271179874989,1.0954990306271755
0.9124867043609167,1.1998652997274477
0.908835234321293,1.1219724273914287
0.9016153561314167,1.208301286707517
0.8972526383866829,1.1044010441049879
0.901470528326314,1.143943125346946
0.9169747854085566,1.172571970768048
0.9421456688836336,1.199848916649402
0.9712771104022887,-0.23160099948504057
0.9963163361799322,-0.24516189821718637
1.0095056869251644,-0.24380999156499802
1.0059732700259496,-0.15710862161795236
0.9853214949500548,-0.11439346982476559
0.9516629292973112,-0.27787649347113885
0.9121561331691419,-0.19594063262515504
0.8746272043429045,-0.1894240126376666
0.8451676756238791,-0.31194650595003837
0.8265946549203735,-0.28348754229960954
0.8182960416474312,-0.20734370290516044
0.8173615992740848,-0.2699752651772901
0.8203120839375855,-0.2289174872645613
0.8245191680629327,-0.22711992942017692
0.8287014865316311,-0.31947894782368813
0.8324967934357467,-0.32143441545868523
0.8356509368552205,-0.19013498532195744
0.8375189145059689,-0.20473134126154055
0.8372817572062281,-0.24620573870382118
0.8347334844748133,-0.23034879620957302
0.8310408424059741,-0.20467879942232578
0.8288546728638164,-0.12093743108645058
0.8315724353219283,-0.12773400735059895
0.8420676197091133,-0.2555839898424093
0.8614485274818461,-0.12310726822933739
0.8883350808352722,-0.2377678831439968
0.9189149456510369,-0.32161516256727785
0.9477735112999751,-0.19086894089224682
0.9692275904102998,-0.23146326890105173
0.9787256453494086,-0.13124020600221542
0.9739068389390229,-0.2070081998419246
0.9551070637547219,-0.32783819158431426
0.9253199755619856,-0.14559952976550142
0.8897272574347619,-0.2123032271604879
0.8548879710375505,-0.2512312007289437
0.8276338718172168,-0.25572238274906495
0.8137482138214918,-0.20438225844080124
0.8166101416280391,-0.24319603048152555
0.8361357371891939,-0.2685949723029404
0.8684425153644673,-0.2620718250381369
0.9065379053327325,-0.2732461202060214
0.9419668516089079,-0.22934429989432717
0.9669603424469533,-0.18328636244214186
0.9764067563740134,-0.2645373218672461
0.9689875594261521,-0.09074428467307535
0.9470865511818943,-0.16032801451028714
0.9155337488682211,-0.2586005531496046
0.8797153796790654,-0.1651249959863636
0.8438815602996552,-0.20325918932067105
0.810430156900553,-0.17882170013301962
0.780433130362902,-0.1887481493179612
0.7549080574846276,-0.3234600372331693
0.7358437539291195,-0.4150520399076081
0.7261516541696927,-0.08718985449251022
0.7284242955543343,-0.15909337343237562
0.7431710648001019,-0.20021770466149455
0.767600773991266,-0.18031628323864615
0.7957915582906605,-0.16875652495328824
0.8203410680291889,-0.2780361243746058
0.8347766746320254,-0.14655961948573246
0.8356302390248266,-0.21025759205462097
0.8233125122572948,-0.059209190387427106
0.8015269410723758,-0.2044894085283978
0.7755853626992528,-0.17814939333491014
0.7503919572137444,-0.32537567045034277
0.7289392757035271,-0.20182969905750728
0.711879967149446,-0.24684366903231048
0.6982050507230958,-0.19443649553236994
0.6865517040536604,-0.16383416994733982
0.6764701851312078,-0.20016606152214697
0.6691606123658842,-0.11811981057633929
0.6675347581309246,-0.06048918338700705
0.6757119136909469,-0.27345373495235964
0.6981447265064251,-0.21606844548249918
0.7385806909126921,-0.1957028899541128
0.7990990308996031,-0.10228705573744996
0.8794933135042647,-0.24736918852841083
0.9771618731033348,-0.20927613434489414
1.0874103457842306,-0.1692701130799596
1.2039084419873616,-0.18496321202939742
1.3191948725980858,-0.1740638594948419
1.42542171033777,-0.2617646149162772
1.515561962731248,-0.17389269853646716
1.5849325740625586,-0.1720833100812054
1.6324370924344471,-0.20391056754487027
1.6608412789424065,-0.30549018066215966
1.6757514138013856,-0.2437679536890305
1.6835145779671352,-0.2962268683839567
1.6887336206120818,-0.15986606861858565
1.6923274914314017,-0.13983905755214507
1.690947337617145,-0.1461562211834123
1.678072417290844,-0.07816355047248764
1.6464468716799026,-0.2902399282976161
1.590960416536798,-0.17359067541905548
1.510873630612747,-0.21084597827751472
1.4105539567314749,-0.26701166260078524
1.2984981293833178,-0.22174633642437303
1.1850896198356782,-0.19183187515908903
1.0800046177615712,-0.24362634885942291
0.9902308651149421,-0.14838391820644073
0.9192564277640524,-0.2010229323955113
0.8673815939982097,-0.25733927088893654
0.8326915642639134,-0.40413676981020236
0.8121407136068375,-0.19991255014516285
0.8023341914271014,-0.21153627838891434
0.7998524917500761,-0.13538318081604866
0.8012826033593996,-0.19093346344444084
0.8033174092041017,-0.16748979276695208
0.8031677340338608,-0.23383051147402917
0.7991559314790784,-0.11515218056505158
0.791058804129982,-0.20966940861752031
0.7798410669438813,-0.2010748113322501
0.7668360250919589,-0.13166336427140482
0.752830069174033,-0.11106812567402062
0.7375583749782997,-0.17919477511421575
0.7198412612051033,-0.029521865260798648
0.6982509392889205,-0.2024676843901111
0.6719900056607708,-0.29124696635965663
0.641614913557163,-0.06658008330834359
0.6092882914794417,-0.20445351566139072
0.5783412637079279,-0.2739318414662631
0.5521284979785062,-0.18088163531453963
0.5325275841485156,-0.01346538943415433
0.5188116067491431,-0.1011535808364737
0.5076779799449147,-0.2751058558857817
0.4947497450214171,-0.273233580439253
0.47705455863173396,-0.11025868774395209
0.4553521022678192,-0.16250120338281043
0.4351920165932929,-0.20817094865123856
0.4262202397955126,-0.273706751151523
0.44002460927776677,-0.18848307033081904
0.48721415666593304,-0.2023474232734911
0.5743596207365653,-0.1897232895220313
0.7012382629864073,-0.24783263691748178
0.8589036028619119,-0.17356078083355658
1.0293747353677654,-0.2975776978481256
1.1877797305508204,-0.1113730106740499
1.3072414894963034,-0.19856471149232346
1.3656059740236184,-0.2679013802772118
1.3517037924802169,-0.16172416716486626
1.268346068234501,-0.1890920653566469
1.1306805182101272,-0.25050168655788
0.9610903415581911,-0.17932471075991013
0.7833573654978664,-0.1523778035145872
0.6182963748801824,-0.0929411584870974
0.48147508662277594,-0.23079964560912222
0.3824269599002277,-0.14893977414260934
0.32455377804060315,-0.22784592443174326
0.3054220607788214,-0.26647256725301705
0.3177116242560214,-0.3267051424997591
0.35112166079033325,-0.2223389047550236
0.3950024235214834,-0.13975055451504098
0.44083155319643885,-0.15312092507319505
0.48352785624563444,-0.14858533962824141
0.5211709465883536,-0.2720061891340411
0.5535509261016385,-0.1655954742640552
0.5805364934337761,-0.2965128844838798
0.6012234268851071,-0.1684994071440587
0.6142723812035191,-0.07083824765392362
0.6191005028145652,-0.2891805549876992
0.617071554712902,-0.1308024864391972
0.611809225381524,-0.2069680469918845
0.6082435886110289,-0.24670409197257942
0.6107308016709927,-0.14399741719090653
0.6211598770812383,-0.1662937428493845
0.6380507555764243,-0.10835147023883425
0.6571807736527953,-0.20609125317338464
0.6734757487141001,-0.152435086088634
0.6832159339622237,-0.25703840336049544
0.6854747638419589,-0.3942693335899217
0.6822011813403566,-0.16918706315103013
0.6770893899964511,-0.1454324080854645
0.6738935471483821,-0.32518806839444997
0.6749668117476988,-0.07962278238809031
0.6805887853072146,-0.12197745549445785
0.6892188882837615,-0.16001585780436584
0.6983854125977675,-0.22519320075133503
0.7057146271880341,-0.26194899216551704
0.7096789354570441,-0.18781075686183543
0.7098909074081188,-0.17440083089934344
0.7070482972040342,-0.20600212649273203
0.7027902154054103,-0.24084533103164374
0.6996458453849241,-0.15044129342852317
0.7010282138741022,-0.21978747894834563
0.7110581528881317,-0.17922914124226622
0.7339919677648636,-0.14435254498202899
0.7731561008960379,-0.14239405206248165
0.829575764819605,-0.30712170484915824
0.900832223226967,-0.272604524299228
0.9808056360327357,-0.13885567057223777
1.0606613976473367,-0.1766993718852792
1.1308811676491568,-0.2006183836686365
1.1836777287091507,-0.042301217351741555
1.214995783817855,-0.22668241203596529
1.2254919813287803,-0.13377787388101212
1.2202509672269246,-0.2932316605891352
1.2073586171264012,-0.18529868543479555
1.195745905336792,-0.2310948315788665
1.19292144418492,-0.02251208792830615
1.2032577314334165,-0.17001333488827572
1.2272996160918483,-0.2859917706494816
1.26218654911738,-0.23524157961825173
1.3029356649716906,-0.23776465671724537
1.3441505072416904,-0.3641795118028708
1.3816532411649711,-0.22535784890688645
1.4135518096808974,-0.2069587658101114
1.4404101894208894,-0.2206095095753542
1.4645017291687423,-0.2187821468277051
1.4884878316197887,-0.3515210375936548
1.5141169205796698,-0.28582724881696653
1.541509761676307,-0.1928415924937245
1.56923750696777,-0.17458584440500852
1.594954256590018,-0.17766155140302956
1.616177330031158,-0.14795587144740513
1.630971601835006,-0.17632330196554438
1.6385151958569248,-0.21322415732218034
1.6395709548164255,-0.19054140273018486
1.6367652358052247,-0.10166613361771956
1.634435331092027,-0.1290077783121164
1.6378319263177066,-0.17942885352518773
1.6517327822259327,-0.051569988207328665
1.678895217702701,-0.019386510041391723
1.7189757587159207,-0.15783020043806645
1.7684294096268087,-0.04673704818922272
1.8215341409074561,-0.22570050077467987
1.8722235723997187,-0.1764318147742954
1.9160336608588757,-0.15159689358211373
1.9513691935250734,-0.19729141420744803
1.9795648140260544,-0.1325399473727821
2.0037485042426386,-0.11023572585797356
2.0270429549898523,0.1038762328420581
2.0508918020104154,-0.16096761102922683
2.0741999069796337,-0.062385772632047844
2.093641124983982,-0.06518585058285105
2.105034934686077,-0.05917308090784635
2.1052319499571093,0.11341597105373509
2.093655717645126,0.012998902274515483
2.07272519536052,0.1841427555564094
2.046887652180728,3.0185132259048872
2.0207093809520735,3.1242317977947067
1.9969657249699877,2.991486314695921
1.9756232968723442,2.9820333881758834
1.9541206102452437,2.937509017355997
1.9287864198469165,2.938037790276571
1.896802607139902,3.1268262138929743
1.8578793916592358,3.0863780447027986
1.8148856604019228,3.0486368837527063
1.7731529860699906,3.036369696552818
1.7388300568246855,3.071779253643052
1.7170588570611067,3.1138715221586577
1.710634975190552,3.3010966031005773
1.7194112257449994,3.193185613495801
1.7403844322905282,3.26177695728244
1.7683009761190822,3.291369943975763
1.7966046988189228,3.412150414780908
1.8185434016703483,3.5173869321686206
1.8282872567231412,3.598700867816172
1.8219863552740747,3.8572072981604575
1.7986790539621103,3.864781918821212
1.7607997746816184,3.990141089771576
1.7138963780658603,4.166557537382335
1.6653129778570102,4.277389324090056
1.6220625063166456,4.567582205117398
1.588617561311355,1.8040149560234695
1.5655056377366692,1.8027811249225898
1.5492676737902573,1.7238250381029687
1.5337540678095452,1.7599056410027214
1.512247068145793,1.7446459074923302
1.47968498739832,1.523477849151583
1.434277457437445,1.6512503052668777
1.3779682113987883,1.6865632950605731
1.3155372394851377,1.5097414139338752
1.2526558229991704,1.49066800882037
1.1937495717041398,1.5663573532969626
1.1407176461402313,1.487251186429262
1.093125546876942,1.423996962881794
1.0496140240484415,1.6231893897082046
1.0095491949700748,1.5838799949661504
0.9738699538893182,1.337281255363583
0.9446280618231088,1.4512459356443983
0.923464767969484,1.4226415481677646
0.9098375136957856,1.2637326042997659
0.899965412651551,1.4343128628411692
0.887152804138682,1.480897991473631
0.8635318231199794,1.6799450348867413
0.8226314785510425,1.955719730909843
0.7618164286762545,1.7886610262945297
0.683670758325871,2.124408157181673
0.5957820954163154,2.1270348071643186
0.5089675342582977,2.0126680800857204
0.4345592826853413,1.7989028461419698
0.38167937847633426,1.8333063637077056
0.3553431107637586,1.4941004746862063
0.35582058283732265,1.3372893872054872
0.3791850634160011,1.2047819822438994
0.41863330186986103,0.9761234428615504
0.46609504242791033,0.9277811211641178
0.5137681621738952,0.9472664617362242
0.5553380794447116,1.0566289926346086
0.5866938184225742,1.0098480422893212
0.606031538998476,0.955246545441801
0.6134017282329305,0.8230919420637244
0.6099078404996213,1.0080873300781967
0.5968191627397035,0.8992491572365086
0.5748924789576764,0.8900151961295528
0.5442337629060959,0.8125683687785699
0.5049157039835415,0.8101814433443076
0.45819552115497264,0.8348063216091425
0.40773672430213337,0.8006011042724593
0.36006151172018286,0.9502686375666861
0.3237096596642125,0.8192616690755177
0.30713813013097613,0.7302981346180489
0.31599492100519355,0.7833802356653023
0.35077523787105913,0.7120226801733803
0.40584623018561916,0.7549432915792275
0.47038634160628123,0.7328924146198498
0.5310713898768415,0.7770065111428395
0.575635351882757,0.6450292359265443
0.5960737718788338,0.6739645421487727
0.5904376540306366,0.6573812657724586
0.5627668847707807,0.5823945424204641
0.5213829462056239,0.8001648492515622
0.4762200450257643,0.6663683887904527
0.43606520140921246,0.6867576051656701
0.4065312904043037,0.5082627938660224
0.3893023171556933,0.5305546445568894
0.38272685907629866,0.5492240216790157
0.3833665750708741,0.5646518704727888
0.3878058754042579,0.4793499350941984
0.3939901098109295,0.7008928038830751
0.4016069796834242,0.4940490482841839
0.4114857555647704,0.5603449663278369
0.4244474316113993,0.6104738946129669
0.44023610946634795,0.5931242409350296
0.4570088435787907,0.4062491598557706
0.47152523949340985,0.47764646489046636
0.4799000067913607,0.516144831245893
0.4786561794967018,0.4379608410862669
0.4657866484238472,0.3633600242630462
0.4415415201934103,0.44342628397383305
0.40872743774705844,0.3053965829982838
0.3724313438868019,0.29280703506078076
0.3392019091982983,0.4338939699398661
0.31581348206514515,0.2681012754620165
0.3078346095220884,0.33039201210470953
0.31832501150978376,0.4134171408880122
0.34703873646207484,0.35671168136987186
0.39044371908074693,0.3291317952635853
0.4426088951097159,0.38716376607638325
0.4966141699464377,0.3884028116492002
0.5458882337680446,0.21069164711597294
0.5850516711766253,0.2635811458711542
0.6103013871311236,0.30339547102253683
0.6196344524547777,0.3001109006727841
0.61304258262302,0.41100606638016646
0.5925161709395692,0.14897273537935588
0.5616852347884809,0.2371774243186502
0.5251828951687887,0.1897420956320147
0.48798778564807166,0.06718002206734862
0.4548885968974171,0.24732612792609057
0.4300068592396289,0.2536490951672269
0.41627393672758295,0.3135894417934905
0.4148943582412917,0.31176366762002466
0.4249627560603455,0.32664377736708006
0.4434064799658328,0.07208684114629099
0.46533078204002976,0.23074743058150965
0.48475618337011706,0.2960825621808707
0.4956913000293719,0.10158143652772537
0.49342462558470546,0.16960189833823694
0.4758176994834754,0.29953143878743227
0.4442779723411717,0.23873471422787346
0.40403699387186454,0.09256565900594038
0.3634237554630372,-0.031615029048930654
0.33207902263222866,0.24824874681422587
0.31847511738247936,0.16424945413627592
0.3274784260253836,0.20357810141646376
0.35878028124971373,0.1793030629971107
0.4067578128745961,0.061140753388942454
0.4618370046450323,0.20517117807359617
0.5129258379887318,0.19297001607313036
0.5501584623285775,0.16707503535218218
0.5671670821362529,0.1112596316379515
0.5623523289743313,0.023361052475867797
0.5389620919656719,0.012773507388303471
0.5040632562176308,-0.03446712874436467
0.4667233642055446,0.12929048965849063
0.4359019186251055,-0.011734187534832005
0.41855667744663794,0.0398759526715784
0.41829115470672007,-0.1513034059234224
0.43469861935992926,-0.3237729007543521
0.4635238580809524,-0.3592289298072471
0.4977381151220702,-0.4360847675827482
0.529400166172692,-0.15181124172293994
0.5518038224382138,-0.3213867126005512
0.5611938719712686,-0.2337179957052899
0.5574810038169508,-0.38116575117117607
0.5437997544949578,-0.3356347414173633
0.525180278020813,-0.3275358938486589
0.5068808856667033,-0.5105641160311284
0.4929822891156733,-0.4339644781646075
0.4856435751323942,-0.48957978978388333
0.4850713986730999,-0.400256672731562
0.4899943034258192,-0.3421526217151083
0.4983594419511669,-0.21343598674373965
0.5079750615511953,-0.3435297849365481
0.5168829341205057,-0.35889447424190474
0.5234401469378277,-0.2987969301779833
0.5263306025553052,-0.3109722446567975
0.5247759205191236,-0.29026623552875436
0.5189893030157982,-0.3416224004142084
0.5105951507492533,-0.3588828656060971
0.5026137007850751,-0.3845821956255193
0.4988253334617627,-0.31206725357238874
0.5027061386321058,-0.2806798888410867
0.5163390163534658,-0.3766898135041829
0.5396423760386462,-0.40041507905224255
0.5700981368513565,-0.3256046790845074
0.6030695474161357,-0.30697767645817264
0.6327231059751453,-0.4937961423612088
0.6533874756627025,-0.27358163827987936
0.660954455466908,-0.5247912688539904
0.6538511676661625,-0.42788866617893445
0.6332919007151954,-0.3207845511281028
0.6028489067135567,-0.382014268931765
0.5676339366480907,-0.36001033003928434
0.5333830129879494,-0.442638003842199
0.5055423704389901,-0.3999333740839313
0.48830579868277635,-0.3278813168322398
0.4836198283676165,-0.44367289073540783
0.490397787889001,-0.3442892960027688
0.5043705506033196,-0.3347580923249895
0.5189397916012782,-0.47724152067318054
0.5270051736641335,-0.38663967909720587
0.5232047543431421,-0.4165578075009478
0.5057188048310166,-0.46971864308935124
0.47694787305729847,-0.5344300066514875
0.4428372425577065,-0.461488808422613
0.41110158972462296,-0.23497909216622356
0.38894508824516527,-0.27265701877284887
0.38101472391175273,-0.35258680667352815
0.3882367835387909,-0.5038772289085491
0.40789196635534053,-0.4062516076670474
0.43486289240499243,-0.42383947662165833
0.46354872943323777,-0.35447966254502306
0.4896598757040923,-0.47796689520840524
0.5111751422529492,-0.4037468839799845
0.5281780493394919,-0.3656573644999836
0.5418422216102066,-0.32723595873212774
0.5531951638974955,-0.29466876432816697
0.5622908276462093,-0.39134465328064344
0.5681191973643127,-0.2805198020699395
0.569192127644321,-0.3902256170134613
0.5644747126655218,-0.3661577858111363
0.5542293406175018,-0.4342663656765555
0.5403665439696436,-0.3952488404852161
0.5260682192249684,-0.4069035184935879
0.5147729799277039,-0.4332583325054957
0.508951398959673,-0.3512540679982727
0.5092439157586639,-0.4416771018934287
0.5143991395549349,-0.5771300296908394
0.5220847848069096,-0.43547063438747324
0.5301776936140608,-0.21435199068050825
0.5378196674665201,-0.376264161934448
0.5456327765930535,-0.4995039131062294
0.555030983803511,-0.4447510057564298
0.5671560988237991,-0.44727933411183
0.5821428794559754,-0.323315132943156
0.5990709014984898,-0.5039617878840922
0.6164195613286849,-0.387843049559044
0.6325692154326914,-0.40369423874950033
0.6460574216430467,-0.3345013242295124
0.6556532767871717,-0.3824863187407724
0.6604782574459681,-0.33187204132311837
0.6602677354302063,-0.40170937092183123
0.6556442214211059,-0.36567784745134074
0.6481917220291806,-0.40222909257296235
0.6401902506335617,-0.46767481533231325
0.6339827505235374,-0.4294543120183006
0.631074550831576,-0.3449837393008086
0.6312423549659816,-0.3686614472755833
0.6321024328814351,-0.40638504101813966
0.6295815085688461,-0.4863314224919143
0.6194124808487445,-0.3435323101629607
0.5992301631033421,-0.3834669347168512
0.5703934153313577,-0.3933321463321181
0.5386323513718051,-0.4182542350680658
0.5130567865641963,-0.536988739910639
0.5037289027140182,-0.44907380925652574
0.518610856027423,-0.28157814002113424
0.5610200252126275,-0.5365610327860526
0.6285901144297694,-0.3361322491833297
0.7141374126704375,-0.3935809659847608
0.8080477207731525,-0.3802905814500858
0.9012505813074414,-0.387301912664167
0.9877512386871871,-0.4239876246341822
1.0659459789325998,-0.4330877000629883
1.1383572474857306,-0.31217789568746046
1.2098990052755376,-0.4818745445463592
1.2852691618697882,-0.465811588922137
1.3664122348239978,-0.4557655224562714
1.45098230792372,-0.5250086987984678
1.5323183470249415,-0.49232484590770664
1.6008657053557023,-0.5184679851483295
1.6465243293019474,-0.37325804981349225
1.6611733534041677,-0.4941841897034539
1.6406303455887654,-0.36646252208940017
1.585566737203895,-0.3821034619104069
1.5013035254610836,-0.3514991375142814
1.3967252745108245,-0.31700822010723295
1.2826603167347594,-0.44160780047792947
1.1700470130643852,-0.341706563043754
1.068153401483523,-0.5563931382804584
0.9831099068274932,-0.30409156839190615
0.9170351057146919,-0.4628439860308368
0.8679894277322777,-0.5022766955536627
0.8308460525235037,-0.410461608954435
0.7989635045599752,-0.3399390614285155
0.7662792140835443,-0.468266264402659
0.7291710333942671,-0.5706289074654671
0.6873849512066885,-0.49548075275304154
0.6436724587454455,-0.47870214976332376
0.6023632864184338,-0.4025797732395801
0.5675544680146338,-0.4940760273258668
0.5416747858134334,-0.440766194578491
0.5249007278120194,-0.4562787204592768
0.5154497247946097,-0.33402690849309047
0.5103870933031925,-0.39475656106560764
0.5064401152872342,-0.278199307207486
0.5004790491243007,-0.3780250014775908
0.48966960497587997,-0.4641482642686502
0.4715745324402857,-0.5258925066496893
0.444511821650189,-0.5131152669876169
0.40826643292478204,-0.4779492550726278
0.3649208418478368,-0.5658776778291754
0.3193067771136522,-0.5011337970938295
0.2785870363916909,-0.4364714511110317
0.25078863621479175,-0.5103542867648019
0.24254507981040985,-0.4122865165699016
0.25668745675887406,-0.5123424431886074
0.2906058309210867,-0.5691161419181003
0.3363648449720664,-0.45807332314404925
0.3830955645491346,-0.5218295188204712
0.42112712639610583,-0.5361496761603689
0.4462542386184235,-0.3189995665851731
0.46227932614203227,-0.4964494703059344
0.48070535321979624,-0.504933094875162
0.5176266075580396,-0.4321103832623481
0.5888179567162611,-0.446002715792867
0.704466180950682,-0.5726569329251487
0.8649437304460378,-0.47654564156936163
1.0586879597633903,-0.4969889981350653
1.2628435773606022,-0.4792780920749686
1.446910398229317,-0.44545907391708695
1.579031325494457,-0.544043602692627
1.633576873376435,-0.5351280644834787
1.5976384296246784,-0.5189606642135841
1.4739438836399792,-0.48061176282605983
1.2792866590884888,-0.5150969951289192
1.0398354455268515,-0.4981354296545697
0.7857152608992742,-0.41733380336881953
0.5464796673591694,-0.5136966916565213
0.3477615183649846,-0.4806883125718112
0.2086639293212098,-0.5370367364086571
0.13951772015719255,-0.6070617692873957
0.14020406752990244,-0.5442865345817556
0.19987754741687525,-0.42229661822676795
0.2989836691104074,-0.4249139640972186
0.41360464684732146,-0.6206510334387061
0.5209409471455386,-0.4856785396291798
0.604134144614763,-0.5495292203452381
0.6550200297137407,-0.5072189115084774
0.6743146198064482,-0.4788498173183538
0.6695936170593171,-0.5495450429910856
0.651965683196772,-0.5426334714024618
0.6325481060389206,-0.4626924736693865
0.6197438383428002,-0.46856757546178973
0.6178866080900236,-0.6795318164397028
0.6272228920145468,-0.578644639201734
0.6447833676338884,-0.610980421444372
0.6656558121056442,-0.5333367115175233
0.6843442611690069,-0.5264281618888966
0.6960382824948765,-0.5527113740743324
0.6976617628435599,-0.5601874687460419
0.6885909799427007,-0.42219752820666584
0.6709614280972727,-0.5690340423594638
0.6494864382856063,-0.5178856814141279
0.6306871913909367,-0.48747462081419163
0.6214929211112123,-0.39253144454656713
0.6273944561481016,-0.5768223747658598
0.6506201691328263,-0.5635871756839437
0.6889587705329574,-0.5472974682300888
0.7357698092256979,-0.6894619179486743
0.7813960217787256,-0.5077031539583692
0.8157044590371493,-0.5939517179258699
0.8310056457878958,-0.5053832991075446
0.8243456526626499,-0.709043708877088
0.7983222646360351,-0.5822363627889253
0.7601696533915594,-0.5769613934497444
0.7196023148200126,-0.4666262971045847
0.6863392736311003,-0.5752796414208297
0.6681106134966348,-0.5532001698523177
0.6695048937830942,-0.5694573217470732
0.6916342525653913,-0.5657894535445563
0.7324313338560371,-0.5788761875357498
0.7873765184827509,-0.3522299910225201
0.8504866803850062,-0.5093618518773037
0.9154243069209337,-0.4173675755555863
0.9765876577484973,-0.6526615999625167
1.0300321696665615,-0.4518307772978794
1.0740740043605628,-0.6619544339643094
1.1094318939513397,-0.5502847602290758
1.1387745522718518,-0.6181646121462958
1.1656483070365309,-0.6042917004715314
1.1930383277185406,-0.5730211806758865
1.222114157928166,-0.6314409664246668
1.2517532903188988,-0.7020285642421399
1.279153387984271,-0.4420317414010281
1.301379160084685,-0.4951937930377767
1.3172218154227757,-0.5185211423947658
1.3284818770666362,-0.5855469071132802
1.3399307739534114,-0.5065806063241004
1.3577761731237614,-0.6446346688388446
1.3871906627589672,-0.6790117278288449
1.429996443541467,-0.595825217236956
1.4836249979403728,-0.5077488192286873
1.541899418127865,-0.5708458731149253
1.5972956465671158,-0.5687909163993162
1.643643915179168,-0.5502798524845338
1.6780972324432817,-0.4242680677075428
1.7016320101268243,-0.4729841464170771
1.7180965881137293,-0.5247891442231066
1.732483002300847,-0.6176705253586392
1.7493151159198779,-0.5713507282234229
1.7717679900534515,-0.46102642905571245
1.801612223125407,-0.4987007454399038
1.839623243295034,-0.5589954174074606
1.8859042329800024,-0.4647004342877301
1.939725743007459,-0.48611645661870345
1.9989249174292338,-0.3323921364447845
2.05937294097206,-0.5081445091423316
2.115158519479722,-0.5054641111562888
2.1597826534826448,-0.4911778708703168
2.188055209656029,-0.4561459375703084
2.1979716710669415,-0.2859001432554638
2.1918104596499965,-0.3741160542813748
2.175910074470676,-0.37657918572161403
2.1590068146789205,-0.38429355732272524
2.1496266122118017,-0.433361741115797
2.153547439303859,-0.38311616834018336
2.172374136108183,-0.38473372239741416
2.203720166989732,-0.36313192973828723
2.2427025126665656,-0.303236048482286
2.2838606046058203,-0.3692137354743909
2.3225196193466853,-0.15626295873796914
2.355100654079131,2.5630175204480175
2.3786327468534685,2.7376686894977795
2.390214358915984,2.671895685082714
2.387102050477633,2.6875451777447044
2.3676194971094144,2.590728622443061
2.3325232621292975,2.530186884011999
2.2860808530147576,2.589809650507406
2.2360672782624134,2.548670014621258
2.1922743408434666,2.4996437318270583
2.163860659186116,2.721897946580691
2.156562155559171,2.7379633938911265
2.1709672887398472,2.7771540135925146
2.202573373234613,2.685005710908688
2.2434671851042456,2.8692910664351214
2.284737350356134,2.849541387991024
2.3185286167569985,2.93767566765455
2.3390428448345095,3.1167433621417313
2.34247711542703,3.129006092541086
2.3264324757951926,3.1866589485520644
2.2894735921766927,3.458404937804515
2.231288783924904,3.589377080102185
2.1534447558529615,3.532415174809845
2.060260962060588,3.8482519172060368
1.959103574314492,3.8945403173072584
1.8595706895668542,3.988647906436707
1.771522134341923,1.515016431909134
1.702489525228589,1.3699830277971332
1.655453987011146,1.312628591666676
1.6280244803905008,1.3668721667325103
1.6135275211981153,1.3310879572361485
1.603627756013854,1.2461597491665004
1.5913333869944424,1.182599588934982
1.573063066364468,1.2195665315715432
1.5489909109515476,1.1401692470728133
1.5218249314555985,1.1382954355181036
1.4949220114553412,1.1501776730489424
1.4707607995049714,1.0313681637418912
1.4503115289886206,1.1396043551083368
1.4331844328385583,1.1784591400754798
1.418065670037492,1.0855639108473965
1.403018995275477,0.8980508713969437
1.3855515692212388,0.9218368303261956
1.362617005384676,1.096478173464889
1.3308087710636445,0.9911117823429026
1.286911990553326,1.092659891768719
1.2288109635502928,1.0577126327155613
1.1565322618708616,1.3697468606235654
1.073001786631968,1.4376605789339667
0.9840624309019158,1.4930164634483762
0.8975355029000684,1.7101402222326103
0.8215074266888553,1.6759504240130665
0.7623814939249994,1.5506842578774471
0.7233887146158018,1.437527044901106
0.7040967875253081,1.207727838236407
0.701032873099963,1.0822018652911023
0.7090769094505397,0.884521343493144
0.7230444158054432,0.8694527339894028
0.7389394984562523,0.7626486137916213
0.7545789155189025,0.6725561189314485
0.7694791711648927,0.6893549575081351
0.7840668363673104,0.44107708144659086
0.798545481819291,0.6112352187692965
0.812037238675516,0.7353438801990223
0.8225834607749178,0.6609983818157874
0.8280998081922901,0.4968076992014987
0.8277381733948799,0.55602075846693
0.8227859501267671,0.488199323906567
0.816462766908401,0.6032305978368576
0.8126098784463271,0.3906723666794356
0.8139418411977851,0.5532063633395815
0.8208465178013026,0.5815717002449393
0.8314299250310834,0.4054313115944437
0.8427414956112178,0.45049209389676925
0.8523994260621134,0.3638433671021535
0.859645714781873,0.2519753342898982
0.8652542456711798,0.29577999981488
0.8703925617500301,0.3753632412623505
0.8751351306952753,0.2529993527679889
0.8775681815466895,0.3293610692745062
0.8741667540868632,0.4016747142156102
0.8614460128116844,0.4187566290342552
0.838144369470956,0.2572933189738331
0.806806467405029,0.27185658947614594
0.7738284186377147,0.2431860217327303
0.7477507033239441,0.14343144889628207
0.7364845457240062,0.30138398538292543
0.7446917157165434,0.05136018674247431
0.7723651010684549,0.20511851170781797
0.8149852988656495,0.17363728057642358
0.8649789830222727,0.09976095386346254
0.9138730652863098,0.22840207226448325
0.9544626877075604,0.1484055615299859
0.9823807618094742,0.09642793173142773
0.9966766630767477,0.1403871974471472
0.9993537299020121,0.059691395232611195
0.9941418309024791,0.07696030507343353
0.9849768147776379,0.15968615428421476
0.9747042485955619,0.1911396051813253
0.9644153206153503,0.06880330144284008
0.9535485017596964,0.03111119013323068
0.9405647847207992,-0.03837042422939719
0.9238509800557585,0.06244663371519054
0.902588893132602,0.029664984325266985
0.877447544019398,0.13402041461387046
0.8509505450952042,-0.02830761847766211
0.8273379546972188,-0.04871665092827421
0.8118193965913025,0.11139707156989172
0.8092888518348206,0.05336488148331432
0.8227851696854898,-0.010156217745450506
0.8521883215010412,-0.016015695705955353
0.8937040866623529,-0.05006820847784883
0.9404698976991172,-0.16446662705586895
0.9841676717587504,0.005713886276591635
1.0170917091975573,-0.12577396879154618
1.0339330310158577,-0.24888092003267542
1.0327201509170252,-0.13964069922045702
1.0147949465557806,-0.25660224132798676
0.9840971476996937,-0.10780100225021891
0.9461328181721974,-0.20035384210894838
0.9068676805722793,-0.12275856328402861
0.8716790876153416,-0.034014130478742015
0.8445487903543116,-0.19149679318525312
0.8277221273576881,-0.2082355391923697
0.8218907481304925,-0.20856803456272008
0.8266542299031381,-0.10203649184624866
0.8408941251633206,-0.2588097599473707
0.8628996791202226,-0.32448059153684516
0.8904053407216821,-0.1718822065313115
0.9208176796975241,-0.13471152522293453
0.9517300186114923,-0.26245434356992037
0.9815235857170611,-0.2633890595706336
1.0096922470207188,-0.3231633357661816
1.036637339469182,-0.26241203020339104
1.062977633922319,-0.1597428665977016
1.088700857555667,-0.34966241700759443
1.1125989145136606,-0.3666669407805577
1.1323371165909826,-0.3251713283264312
1.1452148168519949,-0.3336533850051196
1.1492799057716916,-0.25104544523780953
1.1442096547030158,-0.3746300085810424
1.1314832929015881,-0.40955281773172725
1.1137807044994241,-0.30233958917451564
1.093938354444351,-0.27723400860999725
1.0739442827768606,-0.22369092754740316
1.0543692277197814,-0.4353470526397132
1.0344245257576223,-0.3411470593632532
1.0125857055526482,-0.4638319414692046
0.9875000641868172,-0.26786530040196266
0.9587932348732464,-0.49934768636120375
0.927444115494221,-0.4211211982405343
0.8956152902579638,-0.6529744190046144
0.8661327213507309,-0.6911036785912412
0.8419827974648324,-0.8151300497776898
0.8260717156297643,-0.7375319695868385
0.8211955851035497,-0.7226724373562915
0.829955647343398,-0.7385228380126202
0.8543444150833114,-0.8286872879509352
0.8949158892307344,-0.6772630824449783
0.9497709086755258,-0.7666818435313184
1.0138837930362887,-0.8542175296649762
1.0793476220895324,-0.6929840771443939
1.1368042898605921,-0.8235906791911889
1.1777741718033243,-0.6434193304028074
1.1970912034736827,-0.898132639031124
1.194449539107444,-0.6919348554088843
1.174342598493858,-0.8022823384618732
1.1443774698688578,-0.7227115883120069
1.1127026942215874,-0.7752632559737174
1.0856179711330463,-0.6930612669875758
1.0662126003587713,-0.7541927509712034
1.0543701353055372,-0.8589961997510988
1.0479502400317096,-0.7261909578331595
1.0445234313562062,-0.6825836483517562
1.042809574792978,-0.7749156188399138
1.0431207897858445,-0.8225486503430367
1.0466307903987908,-0.673637863374104
1.0539287532633836,-0.7741939940863213
1.0637300637083482,-0.7634404752023758
1.0725799006370909,-0.6979599509705208
1.0758641232390418,-0.6930315616991995
1.069680566072969,-0.6725394225799834
1.052594601266896,-0.8511508242762252
1.0263603128606194,-0.8599691985036467
0.995276584015177,-0.7767782692597995
0.96458327223397,-0.9538635109126563
0.93874778468731,-0.7628444243552097
0.9204037550946303,-0.7258557064744106
0.9102151709123085,-0.8140767130465061
0.9074479469100865,-0.8564589285119696
0.9108087941688261,-0.7863320936493138
0.9191312726460488,-0.8163519687909742
0.9316202255145195,-0.7851070885743682
0.9475640555674081,-0.8449827441069927
0.9657006561861711,-0.7393057578648522
0.9837035244251043,-0.7764870540805436
0.9983159352424658,-0.6951731778184043
1.0063150904895488,-0.7572686915855042
1.0058932053984768,-0.8425821508811807
0.9976669216912236,-0.9781789130064883
0.9846968748833393,-0.821640793041747
0.9714823209069445,-0.8551603929661793
0.9624558862649194,-0.9599599449499008
0.9606859574375286,-0.9867991341895461
0.9672538406973323,-0.7899769244838655
0.9813366449751033,-0.9103901395984614
1.0007014870267281,-0.7630515757301147
1.0222801547850104,-0.7359598801132954
1.042676719498839,-0.812187270649254
1.058624463613612,-0.7875311850973143
1.067410859274275,-0.7202404860454923
1.0672396227277756,-0.878997631222368
1.057530063652221,-0.8287117085241825
1.0391773705652325,-0.8204833602920797
1.014695831174103,-0.8882221992341266
0.9880426575179198,-0.8175196023096427
0.9639376679890542,-0.7737169539265689
0.9466825061787849,-0.8160555999591447
0.9387828630394537,-0.8316070983275577
0.9399437508883265,-0.8764281807493833
0.9470070967932464,-0.761615116072685
0.9550348333007727,-0.8572526739297536
0.9591961763745411,-0.9554329856448839
0.9566961972015364,-0.7588466031213231
0.947903248215252,-0.8072037747861968
0.9361621167387354,-0.8878117344873476
0.9263789212728777,-0.8974632411790855
0.9230147075046696,-0.7984593097516554
0.9283340418134453,-0.7640036692474927
0.9415644748258141,-0.8444951359231192
0.9591981688133181,-0.8837916497275974
0.9762302123649454,-0.7913929432378044
0.9878442591505225,-0.8134591184494453
0.9909890829191607,-0.8270167235170731
0.9853889270523865,-0.7655622910146282
0.9737120839881593,-0.8915673299044724
0.9608622946815463,-0.8699875656526806
0.9526351615837644,-0.8723741679934266
0.9541897067507173,-0.8195018699423625
0.9687963977713235,-0.8649762049591269
0.9971179387487837,-0.8214350275705842
1.0370080400761048,-0.8878189911006326
1.0837047069649364,-0.8169162466625522
1.1303981114054382,-0.8973398109241514
1.1692657161985565,-0.8573182097798531
1.1930078340195636,-0.7729410140374111
1.1967011311014961,-0.750748642644733
1.1795233073968556,-0.7711671427653352
1.1457306294629677,-0.7466577610447686
1.1043616528196536,-0.8443453795030724
1.067536626935553,-0.8156162466127428
1.0477252659445049,-0.844328085054854
1.054722765491771,-0.7960531308589339
1.0932276216631052,-0.8672107570586033
1.1618268912001812,-0.7413626674447914
1.2537658695580065,-0.8239884643628802
1.3591731554434705,-0.8676655595540511
1.4678072683171874,-0.7983091233435988
1.5712612948556788,-0.7541506473225769
1.663940068877901,-0.8405711263865109
1.7427680726519834,-0.9530605437855544
1.8061827379177884,-0.9365576579947145
1.8532158821633464,-0.8404774171149971
1.8832015535265185,-0.9257874050960336
1.89604928082082,-1.0066843952818973
1.8925496307791971,-0.8990085113859985
1.8741862223377979,-0.8458100980402197
1.8423668294848663,-0.8302459744412405
1.7975007874643345,-0.793281923804998
1.7385822901239336,-0.8619015043884198
1.663757107858177,-0.9559027452764278
1.5718590764834954,-0.9440120804509341
1.4643427259664072,-0.7992586441012783
1.34670080940076,-0.863321083664974
1.2285448153461593,-0.8713524437901703
1.1220084622825857,-0.9018163203945707
1.0387905016013022,-0.7830406907440111
0.98676036356318,-0.9577847523820836
0.9673936787184756,-0.7930785120327338
0.9751436470368932,-1.0077278200696274
0.9991092575904348,-0.9960861488025288
1.0263377400728786,-0.9552976272936217
1.0453911580439508,-0.8893892571475474
1.0488747442398978,-0.8711398170462961
1.0343622469409912,-0.7795712503555549
1.0039461564554686,-0.8419517119785896
0.9629692527512176,-0.9104454360759086
0.9183985268731929,-0.933082480615142
0.8771509977505754,-0.8625743967589874
0.8446545638218125,-0.7731251479111754
0.8239192412914562,-0.935727359855223
0.8152933431181972,-0.9342953131149125
0.8169080145041294,-0.9220763655725093
0.8256301375817926,-0.8135858221184694
0.8381990271438617,-0.9026645306413011
0.8521739049217979,-0.8876672631896411
0.8663835116076204,-1.0387508560335679
0.8807221594258323,-0.936232170394042
0.8953711266123424,-0.8505560250070199
0.909830905400594,-1.0180833499877715
0.9223936219812955,-0.8258300535592052
0.9305839352570445,-0.8207893252325713
0.9325469163316673,-0.920651656984307
0.9287432276368285,-0.8044822991460848
0.9231287978338517,-0.8971666917748383
0.9232762970379172,-0.8512476832563128
0.9392730859206886,-0.7870329441096057
0.9814673540199392,-0.7773882210868908
1.0573124665967069,-0.844603571073411
1.1678726248737061,-0.9085274851185091
1.305022906655303,-0.986409142077487
1.4507179227516693,-0.9408481108090093
1.579482787973014,-0.8465181760254132
1.6642687010226118,-0.7983273311847857
1.6842043261310087,-0.8774225873958044
1.631283720156864,-0.9767532061435368
1.512866660826805,-0.8760674136467516
1.348750651187535,-0.9459411849952177
1.1644318059312804,-0.8334308385668534
0.9838452826159246,-0.9060183699511484
0.824431693734635,-0.7981649443618759
0.6956818012965924,-0.7737728735026105
0.600589603302015,-0.8086434140416562
0.5383798487413183,-0.7682223428713739
0.506793973237992,-0.9417466081259859
0.503065298852966,-0.856227849857252
0.523828114435356,-0.9147904078970897
0.5647454638717357,-0.883940932158273
0.6204199379728129,-0.9033019315168762
0.684675906508079,-0.8098555204339238
0.7510336186328941,-0.9008889579845016
0.8131874430860662,-0.8740975889115222
0.8654065198876536,-0.8212754543239909
0.9028676168986418,-0.8291048676749774
0.9219699344970056,-0.8971682556011115
0.9207042845591574,-0.8905151119779413
0.8991423472899619,-0.8849127642242843
0.8600011730959881,-0.8514075383385192
0.8090201501311504,-0.8481374542150197
0.7547032376799384,-0.8815803763995355
0.7070464260546168,-0.9184417541003902
0.6752955895301618,-0.9819417009525925
0.6653686375496097,-0.8055901076299817
0.6779306323934287,-0.8337767922443129
0.7079837161918517,-0.8561292933274527
0.7462878824755532,-0.9799328471662726
0.7822013995647582,-0.9602945892748062
0.8069229401274247,-0.9089872051885552
0.8159351809548359,-0.8324964160143511
0.8098103772223398,-0.9337238186448459
0.7932541291243533,-0.9617208008777619
0.7729785083389923,-0.925828807855673
0.7553826640857827,-0.9147272257627843
0.7449146251042491,-0.8504112245198708
0.7435164395311638,-0.849465912433654
0.7510457265333123,-0.8863992808077663
0.7662450108491613,-0.9433577625111378
0.7877136763443362,-0.9496224412529957
0.814421926667116,-0.7586817807752253
0.845601720240822,-0.8208065079766451
0.8802327802213106,-0.7875282144912911
0.9165910399995583,-0.8398661583347644
0.9523125725130601,-0.9522389085492098
0.9851593643472017,-0.8379812327992588
1.0142439307581819,-0.8868788880017542
1.041062149377635,-0.920836303080615
1.069579686839392,-0.9427568062244632
1.1049956340384306,-0.9290149145568326
1.1515173487037222,-0.911942964444164
1.2101080948724616,-0.8410065635810533
1.277319121407611,-0.8741927418629858
1.345865672347408,-0.9032384426748968
1.4067841133202812,-0.8678338578947422
1.4522719003596138,-0.7967307623218278
1.4780677493333245,-0.775380678410707
1.4845774732705537,-0.9396001001719514
1.4766063087105747,-0.8873738787698259
1.4620621080444591,-0.991132483231028
1.4501254480193193,-0.8703572563382093
1.4493088657151187,-0.8735564521513745
1.4657734231145436,-0.9619531031283614
1.502211752544866,-0.893124435662364
1.5574305169159084,-1.0227568447559243
1.6265645253708572,-0.9642177001642627
1.701820809092312,-0.8912243173567437
1.7737566772049849,-0.8335189645678457
1.8331021462025978,-0.9141489496526669
1.8729090748190664,-0.7848396521316341
1.8904770797886323,-0.9580939379333508
1.8883318494868437,-0.8140344327783695
1.8737130778330142,-0.9268522182937398
1.8565636876484508,-0.8668445342822059
1.846656548849114,-0.9158489508979565
1.850900455231583,-0.9619075148075913
1.8717903105961717,-0.8591530946691635
1.9074244735324124,-0.7805164408810419
1.9528122981148734,-0.9119108124457698
2.0017461309270983,-0.6806548975062181
2.0485085310473505,-0.6296376958614703
2.088978750098204,-0.8663141035800702
2.1210151803299517,-0.8895602965215941
2.1442144081782155,-0.7972457723703416
2.159328976539458,-0.748995495492709
2.167722531555853,-0.7924560959369558
2.171135329795706,-0.6808303442604351
2.1717706368219063,-0.6705639636168274
2.172480886728243,-0.7926439275864143
2.176740074260702,-0.7630208025098725
2.1881436951578084,-0.6352425189156434
2.2093798687763204,-0.6253765407966255
2.2409283034799983,-0.6768689673838035
2.280045186094267,-0.5350898732972869
2.320695379973782,-0.5835616477797874
2.3548203831841903,-0.37800170799782795
2.3746994895659,2.5206098212147787
2.375522606933437,2.43189658728233
2.357086177703474,2.4126894672685197
2.323875883914761,2.346278483316796
2.2834840105774927,2.26816568385161
2.244004522196162,2.2579177643341506
2.21148521937441,2.376020546375874
2.1884793693163624,2.38268892185629
2.174176216042502,2.5188284279995155
2.165767814523205,2.5285242672554222
2.1601212452803304,2.4039421951959685
2.1548205395607356,2.5093912789002366
2.1481672373797656,2.4839108371418583
2.138417209502718,2.638028889260727
2.1229890334407893,2.639154070564901
2.0983858706778014,2.59505235327231
2.0611421986986365,2.7033291059388684
2.0094623863246985,2.870819344955851
1.9447178265217637,2.8962208538675336
1.8719260019643666,2.9356837427657694
1.7987898906779725,3.355085652765536
1.733566535327478,3.2923845263882914
1.6826022618908159,3.3311466165079597
1.6485594547546047,3.641319822788823
1.6300576254479788,3.7914775871183535
1.6227563612910645,1.169981842105573
1.6211838996238193,0.9978956625920516
1.6203457528594618,1.0497849557003232
1.616518876203037,1.0241819088563797
1.6072845593573548,1.0049327059876525
1.591221450814118,1.1267889761090957
1.567622932782712,0.9059787187321324
1.5364189890632214,1.0039125102984015
1.4983829781231035,0.9193561254026001
1.4555630449455499,0.9967534417655707
1.4116013654684298,0.8153889730149221
1.3714362207985626,0.7633953172470213
1.3401190525659574,0.7603759460962362
1.321033098598633,0.8361114113182021
1.3142668706682532,0.8029503960513596
1.3159651762227398,0.7513365744482053
1.319118118920142,0.7495766066423744
1.3156145335177798,0.7994119144787925
1.29877437995167,0.7676173315139546
1.2653161951589142,0.7404654062937812
1.215969988482164,0.8561402520776772
1.1545822958241585,1.0979164002929291
1.0862525509719998,1.0613293063047473
1.0154470294230191,1.232420213032795
0.9449600455251471,1.2854874553304778
0.8760842553166064,1.4416953930972867
0.809695795433538,1.4471367973686065
0.747502713128539,1.2628851319047756
0.6926705943720053,0.9283378726731617
0.6494254625773825,0.8599418810933369
0.6218109431453496,0.726819221277572
0.6122142362973271,0.6259564582439263
0.6203606883656121,0.29612201487725204
0.6432160625664505,0.5031783182552236
0.6757885975303568,0.38427906184147576
0.7124280892348747,0.3620808177455517
0.748087497531272,0.44433554017792026
0.77916383548844,0.28876598224690964
0.80380219871126,0.29590608881839475
0.8217627048074699,0.2808745082044531
0.8340499887518138,0.2300088751815135
0.8424825272359407,0.34611449396073773
0.8492623402150217,0.32139543743527027
0.8564867765733953,0.09444083413562805
0.8655390864762034,0.3419966828954514
0.8764236151237389,0.27663241509472164
0.8872737100688886,0.16911040450013398
0.894345952640961,0.09406454145819709
0.8927593508471433,0.13349774546433432
0.8779813815555759,0.21156977007747052
0.8476267703632977,-0.020094097608260298
0.8027740947856976,0.11378536337683458
0.7480684523215744,0.107209547314314
0.6904426437272908,0.16190135967369756
0.6370131088240889,0.12795884646566402
0.5930889511396291,0.10541418914465027
0.5610464130684525,0.030695505238734634
0.5403058761603801,0.00852903004826326
0.5282122115520513,0.12586575904856648
0.521410993649521,0.03945395597464311
0.5172255844644174,-0.06614925961700156
0.5145365775566202,0.09935515347012008
0.5138511500357851,-0.10605596080759762
0.516624477677517,-0.1342850541753344
0.5242422894606248,0.03200839599977121
0.5371732007311928,0.104316842538048
0.5546273977755489,-0.0021698432275398796
0.5747487397971127,-0.1119673251854821
0.5951071657160679,0.0034682712427379367
0.6131936100796241,-0.20630677149322185
0.6267492118479923,-0.1422564212160749
0.6339543184415792,-0.23135377064534032
0.6336290323712912,-0.08290568621829267
0.625581773929425,-0.10241915915420426
0.6110844666372639,-0.18453733345013665
0.5932364705155369,-0.16611937671170185
0.5768441472770021,-0.19959535009545462
0.5675353904020796,-0.06339551569064618
0.5701899427461727,0.01624584314440248
0.5872153462993446,-0.12282155334736443
0.6174320978318643,-0.20392924898074163
0.6561672698415724,-0.2500431654841453
0.6966382126857282,-0.34187487397254684
0.7320893018504997,-0.06324328583108502
0.7577824023455515,-0.18332745814125187
0.7720523015975769,-0.3096881092442442
0.7761104863313505,-0.3337040474074761
0.7728184582201659,-0.29396813178115055
0.7650450720378794,-0.31544389028673836
0.754375209104404,-0.28666329572394833
0.7407671656352185,-0.24215311339119383
0.723267338425833,-0.27705364503843394
0.7013119361701584,-0.305281998890242
0.6758342257722818,-0.31210768314622156
0.6495462524097568,-0.41510600737905323
0.626248931698596,-0.310476242056777
0.6095263493373535,-0.18206549266312003
0.60143514842645,-0.16699561596540644
0.6017384132666057,-0.402843246332462
0.607956968528923,-0.305906661138473
0.6161772919260322,-0.3717402881932334
0.6222835689580355,-0.47536561918049747
0.6231415522192325,-0.3819614508404734
0.6173028559298189,-0.4802698284310645
0.6050226650612445,-0.456379781972874
0.5877043668118005,-0.40720269015855565
0.567150298918035,-0.5100488626052863
0.5450525281458936,-0.47367065304968864
0.5229374222102076,-0.2925503977332778
0.502425732618716,-0.45076143016460796
0.4854581152244577,-0.5045670280416764
0.4742006663598236,-0.37135001423560166
0.4705747888847942,-0.4797887500421062
0.47557223521782543,-0.4431797846526801
0.4886549836516041,-0.37886164031519215
0.5075798814663736,-0.3307944220908682
0.528857440421348,-0.5187550747918719
0.5487527373680039,-0.423092366399698
0.5644328476196566,-0.44890308353834996
0.5747610227518045,-0.6090220449832796
0.580405194592735,-0.516815657598444
0.5832742018470205,-0.4370689518561497
0.5856127257326551,-0.49587916943061994
0.5891923942780066,-0.5490017247236818
0.5949107968830246,-0.5824316104616718
0.6028725851451315,-0.8992275463064233
0.6127977585915455,-0.831068911327075
0.6244374183026067,-0.8072335026848501
0.6376465865609973,-0.9595165822051822
0.6519677164304636,-0.8449035503817266
0.6659614672587346,-0.9316786522660344
0.6767934485827085,-0.9191194196046736
0.6805086974821869,-1.063557903047585
0.6730758314309948,-0.8602563570436262
0.6519080944492242,-0.8950547461783431
0.6173126992116107,-0.7647185631330893
0.5732199479890767,-0.9737641828467654
0.5266897230668932,-0.7893819128713346
0.48616716145632777,-0.8119139942711386
0.4590786759904456,-0.8931574664587518
0.44970066335712544,-0.7976165325905336
0.45806602576737365,-0.8269836840155099
0.48020621564866106,-0.9370727402252184
0.5095782305127412,-1.0252723696592196
0.5391794565275836,-0.9812903817347023
0.563606960275921,-0.8638038081961708
0.5803145874014548,-1.011966485855905
0.5896753174299258,-0.9756923873994952
0.594008863670094,-0.9160986175465172
0.5961573371040936,-0.8650881520078684
0.598266960855665,-1.0618047917031217
0.6011793250050383,-0.8998015061906697
0.6044549276725707,-0.8692835794577684
0.6067936497460351,-0.9567166648892186
0.6065884390881613,-0.9312753471549458
0.6024524909897369,-0.9137613218430586
0.5936575031240955,-0.8768576771513849
0.5804655191262416,-0.8870937094590685
0.5643219288054772,-0.847015189811605
0.5477998028439772,-0.8898580216168284
0.5341275885911727,-0.9215343844934465
0.5262409907752684,-0.8138677210201788
0.5256099124937714,-0.8790148854079269
0.5314012468922149,-0.8803997768320809
0.5405357547735412,-0.8334844284584788
0.5487800992392998,-0.9033968866830386
0.5524648156790279,-0.8713137384839592
0.5501094809210768,-0.9554200001493848
0.543249697897694,-0.9019866351243802
0.5360042461296814,-0.8941973371429183
0.5333919144940805,-0.8769629291741255
0.5390193026993753,-1.0364087554805854
0.5531718299366738,-0.8937856565463028
0.5722514355004785,-0.8399613315221177
0.5899392646020054,-0.8001909191132227
0.5996670616278543,-0.850857338811807
0.5972919798409753,-0.8320982335794295
0.5826785256604738,-0.7985284945764785
0.5594421105881253,-0.943414040525913
0.5331486263959486,-0.8966665338960319
0.5090721892386275,-0.8217827830214918
0.49062079722149954,-1.0409974831149784
0.47890009941680534,-0.9635711504817406
0.47323129252761276,-0.8659442857420006
0.4721561131993981,-0.8506979064126144
0.4744490426779827,-0.8103592758674463
0.47972585073415697,-0.9206032719273923
0.48840129610013494,-1.0199362027199892
0.5010439885767779,-0.9258921493208365
0.5174844271578798,-0.9809823192939967
0.5361847815192213,-0.990380231241719
0.5542729622501192,-0.6818938757350407
0.5682815540392188,-0.8408968673798659
0.5752097123009623,-0.7712823050914761
0.5733551541229536,-0.9211038874327844
0.5625694677761166,-0.9482294950641273
0.5439836454417245,-1.0049228582657088
0.5195341347363918,-0.9020842386360272
0.4916345262144367,-0.8084286670641198
0.46312439329903754,-0.9190366371453105
0.4373439496211189,-0.8943722832099377
0.41801832244419823,-0.87375845311466
0.4087034335463161,-0.9417850372665099
0.41180158003614076,-0.8313947995295411
0.4274484398190258,-0.837222214505326
0.4527714617742514,-0.8530420489046576
0.482011932312979,-0.8723757427636214
0.5077201005828701,-0.9417547837808383
0.5227733541944672,-0.8459691346629102
0.5225668228288478,-0.9779373368709613
0.5065604292355887,-0.8661242144441992
0.4785162633505461,-0.8357262125849321
0.4452386035862571,-0.9528183247540472
0.41426329705048737,-0.8654740308386956
0.39138662710139116,-0.8300326354271931
0.37895120504471125,-0.8527204550515335
0.37548445551584964,-0.9178924104381114
0.3767964931927442,-0.8189753027112413
0.37810706510068104,-1.0114102400319946
0.3763277991732179,-0.8114861045718449
0.37152800855508283,-0.8251554520582467
0.36700124019381863,-0.897423652129576
0.3680273378176434,-0.7675399383669301
0.3799921425393501,-0.7964839317162362
0.4066963894166623,-0.7925510440771691
0.4494380589437701,-0.7952498716389277
0.506992318818567,-0.9459655809642125
0.5762052571114221,-0.8682052833963425
0.6527598621263189,-0.7792262865008338
0.7318253660070839,-0.9109492050112595
0.8086120857166643,-0.8249542695781386
0.8790406516447424,-0.7940490587448884
0.9406421492789258,-0.7344444159179963
0.9935041248568505,-0.8269461774372137
1.0407591851851143,-0.9080132220230229
1.0880308812408686,-0.8099917198412944
1.1415976578440201,-0.8084244283396187
1.2057098413363683,-0.75265269081021
1.2801044852120773,-0.8162481569351386
1.3589148298796485,-0.8253807522676945
1.4317159684031378,-0.8833338508982954
1.4865463659815983,-0.793889529988442
1.5138045600996712,-0.757379785931958
1.5094203839848368,-0.8209814700688166
1.4759508376759025,-0.8549551964599453
1.4211869212695414,-0.8257418634649586
1.3549965362270737,-0.8480730527037933
1.285839369338868,-0.7888436404973759
1.2183372661185674,-0.9233096210002268
1.1526368296626244,-0.7369809539912429
1.0855115222640732,-0.878424676663312
1.0125714241179389,-0.8068190714897724
0.930686904840084,-0.8993849987717873
0.8397654036367146,-0.7796574286773605
0.743302039175453,-0.7311089838357692
0.6475719114069487,-0.8619851407144538
0.5598230738335089,-0.8711786795273675
0.48622509365645417,-0.8908556906856996
0.4304411546777298,-0.8684124285607916
0.3933509945216427,-0.9200411198799174
0.37377099151489757,-0.8950295542438353
0.3694764270070331,-0.8307660182281832
0.3778441067986762,-0.8834095460446882
0.39590317827818455,-0.7227855108651488
0.4200589061134309,-0.9054568688422077
0.44592452838123664,-0.824808924312992
0.46857225782689815,-0.7677115826794114
0.483268923545217,-0.7523858865245713
0.48651158052045806,-0.8223473167872065
0.47696588925809447,-0.8998962777826295
0.45584970568977445,-0.8093921785309719
0.4265454829303511,-0.8137322784489499
0.3936592480241258,-0.933183375753778
0.36198260678167815,-0.9019873376587592
0.3356472501626061,-0.8491734034727065
0.31745072095094684,-0.9283065510656421
0.30829063996180217,-0.7210676625664828
0.30692508772055704,-0.8238805644689333
0.31047736853946317,-0.8659809359148782
0.3158476282007573,-0.8704864020862715
0.3216500937472241,-0.7319434878644769
0.32995268535886313,-0.7329253720471021
0.34711502054059207,-0.6872992975949461
0.38319372001495433,-0.8216769870897634
0.44962320333122296,-0.7918844152974662
0.5553391596804975,-0.8290337347081356
0.7022328314016106,-0.8617445308777933
0.881501905981089,-0.8649150080917105
1.072637653523621,-0.7532613319579873
1.246205517859752,-0.7853534882701058
1.3703190996898218,-0.7828416506089741
1.4190951894631523,-0.8850480216039983
1.380044836460774,-0.8714438019345071
1.257329474198066,-0.7965847634187158
1.069679916590388,-0.8110334459535677
0.8444865304342365,-0.7293868906068299
0.6110778729546262,-0.9010747869191664
0.39564681070491825,-0.7616941294267676
0.21859393986197828,-0.8247441228547625
0.09361386445386899,-0.6808000727477324
0.027375305407128736,-0.7786972605057192
0.019163922679318213,-0.7608144231418759
0.060854615676322776,-0.6857869915592951
0.13815776892258935,-0.8457596738685961
0.23357489294296752,-0.7776791017364727
0.3302823393280794,-0.7777786157603717
0.4154092971048946,-0.7654030504316094
0.4815633131722433,-0.7060645563672087
0.5265203834902976,-0.7012433908477917
0.5518114869196136,-0.9381719736484544
0.5610500801504505,-0.883770469515301
0.5584963816962489,-0.7727134207052049
0.5480212658490002,-0.891981150035582
0.5325358433396472,-0.8375876271561797
0.51397497223514,-0.7597752360164811
0.4938298971685362,-0.7176368757021807
0.4739440723067595,-0.7094203514268874
0.45703711858272034,-0.7099342866077099
0.44650049760008925,-0.7089130969933013
0.4454277394449022,-0.7064450696956368
0.45531375584971334,-0.8551158320878464
0.4750790665514377,-0.6806140906147066
0.5009350860372335,-0.7931089293170224
0.527225662254361,-0.7866548180251199
0.5480000891929122,-0.7855098591303585
0.558828538300973,-0.7616577950888739
0.5582302788401758,-0.6727301666539719
0.5480862402302124,-0.6729234655463041
0.5327297672273474,-0.7573246445025503
0.5170400879719731,-0.666419302235356
0.5044208354152938,-0.72733594292975
0.49563677716751287,-0.6995995380365674
0.4890729813005257,-0.813364829814011
0.4823205453454744,-0.9017601861041096
0.4743586634504202,-0.6435647715356764
0.4672447490216082,-0.9172988825725639
0.46636154706435173,-0.76383721304207
0.4789250927394344,-0.7856997267699461
0.5113335624524123,-0.8334303834789007
0.5665564507979727,-0.7387300586656497
0.6427578211524367,-0.69302722039105
0.7337066947070796,-0.7089446974717885
0.8306306940106163,-0.8141474240272456
0.9245340017689316,-0.8159322068420581
1.0079597572469756,-0.8072174911412419
1.0756936922136924,-0.8413850045867127
1.1246021862615962,-0.7225612234981401
1.1532187998944168,-0.7374148522750315
1.1616329035010156,-0.7659730931005744
1.1518211610714608,-0.7049109378894222
1.1281017535911984,-0.6459686918966906
1.0971634048912804,-0.7935726949943838
1.0672583700965186,-0.7534487040134847
1.0465868246958523,-0.8095177405903874
1.0413810513611157,-0.7413357290824697
1.054403343241566,-0.8069970945208979
1.0843971617682742,-0.7498087840006756
1.1266553653747367,-0.620761369567941
1.1745101632899533,-0.7625769193576416
1.2212895555381815,-0.7876334107558731
1.2621423184009446,-0.6442754348044517
1.2951546198542996,-0.7684471963796444
1.3214028774211584,-0.7666906993924734
1.343960161418607,-0.8721109357146365
1.3662702225354604,-0.6992121266215209
1.390569828312748,-0.7558036481618886
1.4170397819145621,-0.6656573379966964
1.4440505312061713,-0.5513014312379518
1.469340767937431,-0.5795511493418608
1.4914760410084633,-0.7734688569776561
1.5107864292755027,-0.6540884354392974
1.5293082774583706,-0.6662610611982002
1.549830081981387,-0.5500402185114993
1.5745766319290713,-0.5651176600505141
1.6041620312526101,-0.5947871696327732
1.637261866681629,-0.6277709352784433
1.6711299199683305,-0.67546191454133
1.7027228892104596,-0.5923775675534951
1.729907304631805,-0.5502790959291837
1.7521543521759189,-0.6061933926399362
1.7703991678124327,-0.6307471793284354
1.7862399619989981,-0.4905823418748279
1.8010260062163463,-0.6248521637612904
1.815365723782079,-0.5139253696884083
1.8292356831494674,-0.3845606350311048
1.8424682322294106,-0.4752272865474188
1.855207717103619,-0.4491522934850757
1.868033411716644,-0.37968184844654046
1.8817149254994434,-0.39728568734772574
1.896778581311775,-0.32621547919313887
1.913113556179081,-0.25044487662330317
1.9297803375517286,2.5810294187073772
1.9450894677013881,2.3481272937942204
1.9569380314578235,2.5281316061904353
1.963329043699936,2.496859554389647
1.9629431564203867,2.4723266577886176
1.9555891899412896,2.367318018238827
1.9423777172578633,2.535569324705967
1.9255681921175047,2.6595167124292667
1.908168356756919,2.6680773993005054
1.893405233702307,2.6859505543682736
1.8841232574910531,2.684931780954857
1.8821082955006982,2.610341936313558
1.8873991433232993,2.724427657965757
1.897807946628295,2.8685397672718556
1.9089763017533816,2.7801676206658796
1.9151983756030502,2.857282559876056
1.910934975756006,2.9969396588274897
1.8925697679052291,3.105893202328132
1.8597414676268718,3.344755329359422
1.8156786190910463,3.1685413749422144
1.7663387582317334,3.4101822740523193
1.7186237364789356,3.6612889804904905
1.6783078249613195,3.6855841590034637
1.6484410409960377,3.8948598662221507
1.6288033166942992,4.01048122690904
1.6165303958160155,1.4490027116075064
1.6075170593473471,1.4086310503739872
1.5978999180366644,1.2638792265787975
1.5849897858633593,1.3125660205143739
1.5673872730450593,1.2624055615306868
1.544448358573264,1.1426924103194007
1.515581164387242,1.159204845051388
1.4799278713360369,1.2266174431675192
1.436738653545242,1.115222087810399
1.3862685259169205,0.9914968885932686
1.3306155097141157,0.9743348640985509
1.2738559335303967,1.1048459478083197
1.2211770606090453,0.9989510841025454
1.1772508686518766,1.0351840718719227
1.1445243357259853,0.9143196895954063
1.1222107837355888,0.9959135968349229
1.1065103302630974,1.0388009417348454
1.09204391726464,1.0661948280206985
1.0738688381712238,1.0010478822989715
1.0491109046076843,1.058169460242194
1.0174680727599077,1.0653071974191197
0.9804880888269293,1.3067189930895557
0.9401557463813857,1.4680296686969736
0.897591969104534,1.4543978006733096
0.8525245205735676,1.7082240815307361
0.8037716560392381,1.7269812335635115
0.7504639879850326,1.5081476548290977
0.693348030861969,1.542380388545519
0.6354637105142746,1.2608151957409246
0.5817799779216964,1.0958214828608135
0.5378613567139586,0.9720641149026054
0.5081150760904921,0.8747891507390936
0.49439692310136696,0.7496061394353775
0.4955774558848418,0.6357746555490699
0.5081727631674394,0.6354801931297781
0.5276311336686303,0.7793921529338131
0.5496319371614018,0.5506083318825175
0.5708678717733782,0.6240036104377702
0.5891270643973989,0.645929230998222
0.6029030715441055,0.5427957690481092
0.6110463830953076,0.5773592914578186
0.6129165024835581,0.5887230960270857
0.609065496916778,0.5516795903533799
0.6019696096905967,0.36824774100834384
0.596135729925053,0.44972996190318804
0.5972365439867587,0.46528279417250507
0.6105465896791975,0.4418336227627812
0.6393543081661139,0.40368828389022654
0.6839256175432555,0.49801887361647906
0.7412258012574167,0.3860289588982428
0.8053406318152196,0.330919509419698
0.868435613281016,0.3858252754133765
0.9220352026524754,0.38069989310708535
0.9583751727912807,0.42051417915724254
0.9716194988782056,0.5199238924205061
0.9588030495324652,0.30841262962593
0.920402854804569,0.3144608256318383
0.8604608018551345,0.24523950028932764
0.7862162585893105,0.2530514187131618
0.7072491165081778,0.2992933774187171
0.6341684717598626,0.3386842244649887
0.5769448789780955,0.33391012317681257
0.5431021842807998,0.2548019138881539
0.5361309979084226,0.29048818045798347
0.5545853249314416,0.29381333764617684
0.5922640744358962,0.18221385806367268
0.6395904333583884,0.17216400933646775
0.6858788684892643,0.1464808955298908
0.7218430065781013,0.25857821495200556
0.7416045001088376,0.31074447653636506
0.7436193316241031,0.2448705221360015
0.7302987243762791,0.2445175541691687
0.706594465843197,0.22633348220176985
0.6782233472496451,0.07894925907764896
0.6502457347097692,0.10510762568937325
0.6263750657247851,0.21546868035789288
0.6089626125119509,0.15406919781416945
0.5993347420957461,0.07462951123124031
0.5981069685932141,0.20827522555818254
0.6052016254489943,0.15978684776430385
0.6195136767929219,0.12133467277066298
0.6384626756745404,0.03030896296619029
0.6578987562003963,0.0508561922421724
0.6727786786409288,0.08454055761509895
0.6786181243278773,0.017532303817105917
0.6731881707172189,0.08431107336931905
0.6576457290772675,0.08821094327769442
0.6364847982605675,-0.06706080129052647
0.6162412014746277,-0.042895745122452825
0.6034515080986552,-0.07584876815209007
0.6026747809175662,-0.005149940374640114
0.6153082627797246,0.06414288475304332
0.6395149657267767,0.05937167037750011
0.671064152686957,0.026670617310498617
0.7045606088460155,0.038574005902496766
0.734544345030436,-0.10019264350267854
0.7562062600371513,0.14332407081276838
0.7658077450470178,-0.05019402839890853
0.7610850376740232,-0.00804452442467264
0.7418006099894541,0.032952065444447856
0.7102734212649933,-0.1227695997823732
0.6714795326398043,0.02063845143961906
0.6323718621124039,-0.024031332440449665
0.6003908163062197,-0.07461444545414507
0.5815355317451016,-0.06612889158383217
0.5786282757961252,-0.10188028926262373
0.5904131580767558,0.033492422272123824
0.6118759441174999,-0.12827801594471555
0.6357242980110489,-0.11590151029141724
0.654496304412614,0.0009197905531484709
0.6625241507384398,-0.03421698555329683
0.6571357250477092,-0.10350265399129335
0.6389170940999789,-0.0067821912857810055
0.6112587729165757,-0.06717240602028153
0.5795391562966152,-0.0355252799078473
0.5502035424989848,-0.09986671120492595
0.5298489418806271,-0.026950413557993703
0.5243187635842852,-0.1447188569500112
0.5377603595245334,-0.1301324616264856
0.5716337142667058,-0.21172898631645093
0.623825395529034,-0.16625400076744445
0.6882493026376659,-0.1551252600333136
0.7553995259744548,-0.1962094764037693
0.8140924902288553,-0.048720748859878406
0.8541326150984665,-0.06425967269788341
0.869110305601151,-0.4779716697703015
0.858311203253846,-0.5172648837956857
0.8269389253717653,-0.6921829664730021
0.7844447536606711,-0.41125252889333347
0.7414878796284159,-0.682552710079521
0.7066187508315185,-0.642295481350965
0.6838993236596391,-0.5523472873544831
0.6722729830868589,-0.45059662309425563
0.6667868619486212,-0.622454288267916
0.6610805249458243,-0.6327673445307808
0.6501429478999436,-0.5182274609712296
0.6323176851188581,-0.49845601718103794
0.609873472716891,-0.6026402005338858
0.5880106957417033,-0.3499106305962363
0.5727569143240812,-0.572154077440604
0.5686307043896526,-0.5408835703594838
0.5770422472002912,-0.5386926127682992
0.5960684949758841,-0.6278468384370949
0.6216132445629972,-0.5619054706174825
0.6493229981407708,-0.639653524507326
0.6763068284920849,-0.5232342599931983
0.701903460654179,-0.5992458800976167
0.7273031577697047,-0.6219350707057856
0.754363774533178,-0.46634315614314237
0.7842190063741289,-0.5886243799262946
0.8162893496842909,-0.45364166422728663
0.8481070985974494,-0.5327641479364166
0.8759629494832979,-0.5754643220166104
0.8959593266225306,-0.5510173334698479
0.9049242395215957,-0.5639274951124755
0.9008967318377248,-0.4408495560423481
0.8832794200140709,-0.43305166542499
0.852913180383271,-0.44765572048802366
0.8121896034423945,-0.3701958951173741
0.7650993040171512,-0.5170288094069616
0.7170213386505598,-0.4570043270144991
0.674105137601491,-0.5614431471214665
0.6422366165848579,-0.539470769580881
0.6257947596110793,-0.30966354292344794
0.6266037918082257,-0.3972350347796981
0.6435035409410316,-0.4693988019311673
0.6727372958444842,-0.46091923841843324
0.7090273429196818,-0.5302124121296541
0.7469507512597879,-0.40722780833702527
0.782126140445251,-0.6245736709993135
0.8118149835881829,-0.42001350881683025
0.8348362726767684,-0.4956431711426487
0.8510553919969182,-0.4506940102061959
0.8608834198534785,-0.5230156953921195
0.8650824587887962,-0.5005148009335855
0.8648497252390277,-0.5651280226969715
0.8619026345971311,-0.4062010444489832
0.8582729151463143,-0.45875206594839946
0.8557352108047127,-0.3802152067949042
0.8550978177990649,-0.3778554334548122
0.8557635085041964,-0.4763766284053873
0.8558931811381376,-0.38026270523267813
0.8532130478692797,-0.47711719851030054
0.8461796009061351,-0.42510500047638133
0.8350361890325065,-0.49792819604385874
0.8223082822239962,-0.4984842511542127
0.8124366100590198,-0.4176587119718464
0.8105106940066946,-0.3145690932068103
0.8204365518354014,-0.5416091765087389
0.8432274634801059,-0.4557283106939002
0.8761955231016004,-0.38978616294844864
0.9135055433211141,-0.48569563734755555
0.9479767041679408,-0.3212233009740319
0.9734789067937235,-0.35473953096427313
0.9869980061565248,-0.44102069227781726
0.9895499200721777,-0.45857265508172923
0.9856224751310035,-0.5272797759013919
0.9815185577039662,-0.39436719152311367
0.9834449223641791,-0.40895946943691963
0.9961360432051473,-0.3503756490134195
1.0223443674209676,-0.4272560655655665
1.063044707950207,-0.4442090174045189
1.1179562990181786,-0.5052183992408906
1.1860094855400827,-0.4619214073266489
1.2655535400039568,-0.42719289677501693
1.3542776673433015,-0.40329746819773904
1.448950723668794,-0.5052628688933795
1.5452017773164486,-0.5492548053136919
1.637627420616189,-0.4738127125552194
1.7204066196615133,-0.47309972834250624
1.7883006247567312,-0.48042798247519075
1.8375887080241111,-0.41676900502397307
1.8664159346100744,-0.34552009865059224
1.8743492131172053,-0.5367261380000774
1.861483849892203,-0.5070855957843053
1.8277981423245424,-0.3440716855276011
1.7733020502212562,-0.5258050609761974
1.6989658162537165,-0.4077532850468511
1.6078603567072962,-0.3867062095488759
1.5057587957886118,-0.4103353475248109
1.4007215161970343,-0.4758216247673335
1.3017126012674234,-0.4736509635801693
1.2167452380682149,-0.2560907717040731
1.1512217675424363,-0.34939702813032353
1.1070170164335447,-0.3930026093289303
1.0825238986383332,-0.5083769673375502
1.0734695254929398,-0.4486644099781191
1.0740576767070904,-0.44250735622535126
1.0780608401610503,-0.32699102434659094
1.0797456468580027,-0.3078300457756255
1.0746830921069956,-0.3439077388728013
1.0604317848360232,-0.4575353125689266
1.0369218945797136,-0.4632559961003338
1.0063424831139949,-0.49968670665670867
0.9725106693314716,-0.47684897049796915
0.9399130146123841,-0.5733719483290399
0.9126760277130581,-0.32712985372449394
0.8936594569720281,-0.5790296829827726
0.8838246023990696,-0.33581078071712894
0.8820538309688667,-0.43155877035901247
0.8855458537494264,-0.460345194577546
0.890683828391954,-0.3383931293961375
0.8940341014675324,-0.4738343749879828
0.8931405083620515,-0.3917541929193411
0.886993250511083,-0.43002955155315814
0.8761620899217359,-0.3224337483196431
0.8624876716608508,-0.3762669909463492
0.8482017743122062,-0.4509109330323552
0.8346456694595101,-0.48081776152064337
0.8212218473698834,-0.3585260903922956
0.8054141894937916,-0.37153920605147445
0.7842971480108324,-0.3899689411713698
0.7570210764130099,-0.4082650090340957
0.7269739071096457,-0.44032206546926894
0.7023804634961484,-0.31289787159728066
0.6949395136504715,-0.4357572374231035
0.7169669572674577,-0.41429847826052996
0.7779055557475185,-0.4329797369902533
0.8810874354980677,-0.2454848577485117
1.0215315166664864,-0.3982000988523255
1.185354600508061,-0.4085961277328727
1.351100444684552,-0.36736223219637737
1.4930519058973353,-0.29044289665237527
1.5862923418170047,-0.4088081491062048
1.6126176996480601,-0.33414429813956414
1.565472083009758,-0.36596726928931206
1.451816865642733,-0.35605830588429266
1.2900613327939343,-0.3735249783182126
1.1051777528590674,-0.3446404077732371
0.9232103724078677,-0.507209858392483
0.7669035692420104,-0.30956790406020973
0.6529687494603186,-0.36190674546931273
0.5906466970490409,-0.4627443391449757
0.581082160493837,-0.38390841911899143
0.6174253297196679,-0.4022714456840322
0.6860527393020869,-0.39053047357944204
0.7693059523121283,-0.42690410662674133
0.8494400008586894,-0.5199656126212893
0.9125694004358598,-0.36363150254051335
0.951178841058729,-0.276942251389282
0.964476377881131,-0.4048911473336628
0.9569079166732438,-0.30370028347363626
0.9358080865847007,-0.3976894856074021
0.9091804865534778,-0.33319841628624464
0.8841737510540003,-0.32005759597823
0.8663087129640084,-0.20601147587486748
0.8591827594616059,-0.4787329370911227
0.8643219796305537,-0.4307834364496947
0.8810255821518751,-0.34887004683793377
0.9063088475018444,-0.38105484908501097
0.9352241465824054,-0.20948574406776785
0.9618017432235456,-0.2409016503050708
0.9805840919793943,-0.39472358901711146
0.9883311327368511,-0.253351988045191
0.9851837347103883,-0.39408315826046336
0.9746605399143472,-0.4017182634249741
0.9623821250088641,-0.46191372689596705
0.9540491926087619,-0.4417004179445331
0.9535246887098684,-0.31907024695352276
0.9617415895691025,-0.24075665030921758
0.9767447798521917,-0.29066289612871754
0.9947060940822202,-0.4232718659600529
1.011406457247447,-0.36706971791714166
1.0236030678365724,-0.4162432820843203
1.0299104825678969,-0.38647656014159315
1.0311229025940438,-0.37944237815745374
1.030042069663126,-0.3406891509545806
1.0308442814551209,-0.317251145049557
1.038050894456517,-0.4443467558256133
1.0553623316208405,-0.25823697552938635
1.0847553978237099,-0.45577600990865075
1.126107417477011,-0.4350890787034462
1.177326404595161,-0.41292945185635593
1.2348112398308804,-0.39964732289942745
1.2940882336424058,-0.23424860964829958
1.35051490583563,-0.4125842826353889
1.3999148282828255,-0.19755853775116683
1.4390037266758777,-0.3615510622847589
1.465623012635268,-0.27702989794817556
1.4789921120614724,-0.3828093677334553
1.4801054813127132,-0.3037990188540832
1.4720321195533552,-0.32846108512425126
1.4596746761318224,-0.35966498304251454
1.44881749453629,-0.27022741758232555
1.4447865923482581,-0.3427273120694109
1.4513074419858254,-0.298778566856975
1.470016099314067,-0.2531968920209189
1.500693224865915,-0.25679478964006314
1.5418865208076045,-0.376499117010277
1.5914310694183402,-0.33216092473734715
1.646617247416068,-0.4398998328905872
1.7041851606960008,-0.374256647729798
1.7605156066962406,-0.40642679421386535
1.8121808565098874,-0.31503475517371105
1.8566744321910207,-0.29674560338589306
1.8929705865447315,-0.22101297643045636
1.9216322572670796,-0.3159334135719643
1.9443773957799153,-0.2562255669691104
1.9632320662901637,-0.3511998054338899
1.9796027489238073,-0.32988735735981695
1.9937168207360956,-0.22504932446775772
2.004793934054287,-0.32959665338261473
2.011980076202942,-0.3941709411471905
2.01561267849162,-0.1998234958872382
2.0180372902840036,-0.22772134706063651
2.0232666424131054,-0.33133049857533764
2.0353825889709727,-0.2455320558589996
2.0564033904651193,-0.34698195633898565
2.084770780002274,-0.22093334000602602
2.1153500395882943,-0.24082933269222884
2.1411056793369183,-0.11743539092869956
2.155830588940148,-0.12288879978374811
2.156796529436303,-0.13810765868831795
2.146193245723212,-0.15189292944038507
2.130764855491694,-0.21453641404459042
2.1198271157580315,-0.1077118626704545
2.1224283447124455,-0.1164421470268954
2.1446147466438594,-0.07337539740625453
2.187640455024141,-0.10884123873764517
2.247619215269512,0.07265905332291767
2.3166485484854253,0.004560098975690536
2.3849967071572378,-0.03473908955003668
2.4436523984945344,0.003921570633789097
2.486470119067363,0.13045589600459387
2.511329263115867,2.8483816316427832
2.520070513534322,2.8432122157637654
2.5172981254604823,2.8781645020755176
2.508378544057461,2.930026049341856
2.497201384615042,2.918155537473692
2.4844812122316586,2.9472644905974
2.467363634532111,2.962342163709083
2.440686808366313,2.9751118158070025
2.399540402743196,2.9403401209925675
2.3421125540863343,3.0238509003493808
2.271602904201358,2.936763754891308
2.1963457973112854,3.046036835064148
2.1280128389843456,3.1525152740835356
2.0784663848616476,3.2544965926177807
2.056276189477359,3.3612867619350886
2.064029439020078,3.3246011742566424
2.0973306915751593,3.3712329353776385
2.145829792580311,3.4331706712859464
2.1959291634464715,3.6627367232897012
2.234287279495237,3.579072612721504
2.2510293357481688,3.7103500331020056
2.24173716348933,3.891530211908808
2.207755201166627,4.15664004203087
2.154933231491143,4.146811122783879
2.0913959534440423,4.451235033798656
2.0251470566249705,1.897752601692991
1.9622437343765804,1.7016174584301247
1.9059594196919982,1.8320783084703873
1.8569572510784216,1.5727251962332374
1.8141948170320923,1.5510595959094449
1.7760917385383417,1.5658229405977344
1.7414203501827208,1.6509156593497858
1.7095375646781554,1.7035478180589125
1.6799823975268975,1.5397525797419986
1.651872654081434,1.488069021627294
1.623628087643461,1.4399813322022796
1.59327379421125,1.4622263429047804
1.559194893690191,1.3681621143529186
1.5209840965593489,1.4107154874101842
1.4799770255853721,1.4141023766361382
1.4391308088402912,1.3682563684367328
1.402098027406863,1.3446244233405038
1.3717187863915474,1.3161405786876785
1.348541344955492,1.489403714588449
1.3301196671060171,1.3894217020691009
1.3115853516259963,1.4760598923283565
1.2874154073328432,1.724936511378129
1.253670296749658,1.6520995650441197
1.2096334162416809,1.9711654462962018
1.1580072356731756,2.169148581197606
1.1035549306723635,1.9662942775443175
1.0509400084817184,2.0137501451992437
1.0029767748506182,1.862355939856754
0.9602127125687152,1.660669703969778
0.9218988202691277,1.5275734598306532
0.8875726647813379,1.3063546745996997
0.8581917641679269,1.171095757543381
0.8360998983299163,1.1008213680078347
0.823838822645034,1.055733730106918
0.8225180328035624,0.9250074963034585
0.8307299150335863,1.0286699325073634
0.8447033482087113,0.8268095966926924
0.8596991539670524,0.9247583526965155
0.8719530549557635,0.9127921014401856
0.8801801404577717,1.1010351054116934
0.8859129692974951,0.8792888175587461
0.8925245240204044,0.843642781199969
0.9033709898992359,0.8745263311999099
0.9198909917303217,0.960027049006043
0.9405674917592479,0.8579225000930162
0.9612761539849035,0.9818178147506473
0.9768367376627748,0.8885919214031351
0.9829626991638314,0.8755294747545501
0.9776563874521753,0.8069137042878874
0.9614913321531171,0.8308309137370167
0.9368905825955827,0.834990918155277
0.9070246701332114,0.692591604349051
0.8750021901926026,0.975195967307115
0.8436545224831552,0.7865535634510616
0.8157671432348883,0.8156134416400177
0.7943769364062293,0.6562250877084378
0.7827740648508992,0.6781466113265165
0.7840173625808641,0.7151041912139332
0.8000230073416555,0.6994976114580138
0.8305673336716175,0.6664266615949446
0.8727273113183003,0.6068879215602038
0.9211841115275173,0.6800831443228981
0.9694054046596472,0.6522845157754915
1.0112420860925189,0.7703205917002632
1.042252462544045,0.6495573594599487
1.0602399005043004,0.6826958227277031
1.0649376819123555,0.5729331997693347
1.0572196260549818,0.4856242643157536
1.038395032337902,0.4890134262087875
1.0099907715648984,0.5837146716677309
0.9740618736246366,0.638793909829106
0.933689698203818,0.547570368450742
0.8931106447801785,0.43429537870622636
0.8570610963877839,0.5428997067686381
0.8294402025745695,0.5340858889052162
0.8119486910869576,0.5085300788040771
0.8035102269389957,0.5970770507807875
0.8008828508113994,0.6222103525902246
0.8002053900757358,0.48691881177989255
0.7987327040321609,0.5177995502199239
0.7959539283335932,0.43964311624749114
0.7936213363547666,0.4725913309242118
0.7947203441394707,0.43674244489978764
0.8018537164503853,0.4010917409779047
0.8157338056373089,0.5463902751694185
0.834415994136728,0.4756685820779019
0.8536364530086733,0.4266033191262111
0.8682394768066132,0.46708669038180123
0.874239295794798,0.3497479982982289
0.8706769814642733,0.3772710919499394
0.8603633595654754,0.2963599672850915
0.8490190560072011,0.5067900741609913
0.8430831927313941,0.4835428303990016
0.8471384517222272,0.5316830264437662
0.8621013952629736,0.3913946158963367
0.8849548488130607,0.4309403511973606
0.9100616801069824,0.33368755539769174
0.9313740157881871,0.32898294078367435
0.9444957278927526,0.39546343181345295
0.9477152785130721,0.41065262437424627
0.9416914963761635,0.30700057612907194
0.9281750114500116,0.3026783727448941
0.9086285554986236,0.4661604014925233
0.8835653212166946,0.22836512450781016
0.8528696446669146,0.23423122696014245
0.8167089436993233,0.1764961969015094
0.7763467912627314,0.26522691555917144
0.7343503860394116,0.22687985545403314
0.6941405291820032,0.21297904119988073
0.6592229115793073,0.1008990215999455
0.6325239201638944,0.1438534398095638
0.6160502222208153,0.26650030095004024
0.6108443202311655,0.33519717533228877
0.6171154024642753,0.1507967701264407
0.634436450118595,0.27601827740203894
0.6618758876736217,0.18696971770342177
0.6979057395800458,0.22479444091983375
0.7400449758003089,0.22741475774610645
0.7844687475685408,0.09639624006291932
0.8260365172179548,0.2272713026642256
0.8590974724648077,0.23423824681933766
0.8789676589400585,0.16298723844555596
0.8834615756269107,0.08079187066794204
0.8737438147630554,0.26648980635038905
0.8541257316324062,0.05407516152732254
0.8309202812829801,-0.07439573263728816
0.8107621153736456,-0.31173817100059
0.7989014957323043,-0.11067688480790377
0.7979929901055111,-0.20871860478176443
0.8077686797534903,-0.28961599583215974
0.8256288645342462,-0.2802017048695772
0.847750762474935,-0.1963305512864277
0.8701357558642591,-0.25350851295705806
0.8892434970089824,-0.26205006649914436
0.902273256682606,-0.23636612951724356
0.9073771385821675,-0.15397438155004053
0.9039903140086402,-0.12969043318959989
0.8932112712120609,-0.277831044050454
0.8779756785794518,-0.3065629322141582
0.8627190728187186,-0.11355064520818461
0.8523457574814366,-0.1941471938511992
0.8506459762641895,-0.2523417098847821
0.8587082881676446,-0.2046389029829963
0.8740613528310354,-0.223097924901219
0.891059402605523,-0.1134576906867075
0.9025081525299211,-0.23097449093338038
0.9019906385253508,-0.1472611519823734
0.8860541506316223,-0.17057145096526286
0.855489625782666,-0.2520552986593363
0.8152905106695792,-0.264426799291245
0.7733051704646721,-0.24016819006544096
0.7379675726820323,-0.10074624790453798
0.7157901843180918,-0.2560256741642252
0.7094673411980236,-0.2278523480367168
0.7173180106669761,-0.22228675801694747
0.7343056038467891,-0.278106624310208
0.7541617256558305,-0.2987806998196508
0.7716279057633865,-0.1588883100442336
0.783886263734899,-0.18046951481508616
0.7908182159029565,-0.13044078908105322
0.7943682595461837,-0.19127756228342824
0.7975765676436731,-0.2292672476472287
0.8036868359776829,-0.29708629861952673
0.8153935578582687,-0.2429858792314002
0.8341199843823218,-0.3152001241725258
0.8593307423659027,-0.1741800497533185
0.8881102258383025,-0.1758557761940599
0.9153544901757086,-0.13195568542470046
0.9348176889192382,-0.23149016640510037
0.940914146200846,-0.25426668468318453
0.9307197027218793,-0.11759248968927845
0.9053351397324318,-0.18814270310557532
0.8699481236435869,-0.31983133874122044
0.8324961223657839,-0.159473845666646
0.8014266558403471,-0.3177196957042063
0.7833652713630442,-0.1486217296822493
0.7814670027781204,-0.2517584287040853
0.7949243872405451,-0.2883219079959267
0.819659174337971,-0.09914034773608973
0.8497863545335966,-0.19718675572796998
0.8791932206508416,-0.35297897050858873
0.9026709897572569,-0.21132785320194852
0.916426097701645,-0.30496585047530705
0.9182098254725175,-0.16582201730108545
0.9074465545112681,-0.23935196897105687
0.8855467450666576,-0.25059950917618856
0.85624839408173,-0.24361797619189174
0.8255894011454689,-0.2091140838933786
0.8011080088232327,-0.22518658796441568
0.7901180322351607,-0.25140123564692285
0.7973603124623488,-0.33593279071964427
0.8228256457494698,-0.29664839030289825
0.8607664263907299,-0.25555266609807503
0.90059916978366,-0.24406082507945134
0.9296241432362133,-0.20479719154816248
0.9366915636123382,-0.23484260975788404
0.9155692590072433,-0.19958534650269427
0.8669212264074453,-0.23296877932762547
0.7983112769402139,-0.28323873178550113
0.722265120495992,-0.20256250283635824
0.6529757571127173,-0.25038925472639856
0.6026301087439065,-0.17417173019826693
0.5785009554649994,-0.18245931844618127
0.5817288790190294,-0.21954849268193063
0.6080490291996916,-0.332558590525012
0.6498975718853433,-0.19719611661833733
0.6988595721192792,-0.30364863447468526
0.7475587058168276,-0.1958734821805535
0.7906656968517152,-0.25260668950812065
0.8252451103412481,-0.16836980996522158
0.8508027661932158,-0.27949128464141615
0.869188618838702,-0.14052893425278504
0.8842690611506312,-0.23039480276513985
0.9012259997906933,-0.17401578575562165
0.9254719243913982,-0.21202252449451364
0.9613792699325385,-0.23146343547893744
1.011176780452022,-0.27254995092274636
1.0743861630721956,-0.17408080465110462
1.1480359887788312,-0.27180032106071506
1.227600223709287,-0.32635630479317274
1.3082826068912394,-0.1479703667767622
1.3861373902251088,-0.08750099803651713
1.4586669022759913,-0.1423317419565892
1.5247851685768778,-0.23190960128055002
1.5842054544447537,-0.24303782750511782
1.6364323165369725,-0.18508863490120567
1.679707913504239,-0.21011807461239082
1.7104167927927934,-0.14840367813619934
1.7234135496031215,-0.3422868789830352
1.713400238222193,-0.29972328176007873
1.6769546498643326,-0.2152638917841746
1.6143786874566939,-0.09608218510020888
1.5304714427801067,-0.116844364945947
1.4337307556331345,-0.1250148499964371
1.334201698215309,-0.13874849926079516
1.240855250666053,-0.25671851100299853
1.1595883767787094,-0.21855811889718152
1.0925422494473311,-0.22353344026858096
1.038720023919693,-0.2184697668077544
0.995335042343103,-0.18386789460871217
0.9592048917017927,-0.18387628258403366
0.9277352353314453,-0.24379356753949286
0.8993608983958494,-0.15016794901720526
0.8735374389765576,-0.15496327879009136
0.8504444402021697,-0.23182003137989207
0.8305358251754248,-0.20131818818868194
0.8140391328577946,-0.32663233865620794
0.8004898431933728,-0.30916330416704474
0.7883945996619572,-0.19513837698390385
0.775158200365671,-0.2507174137080472
0.757429048951733,-0.23142385769444573
0.7319150496547089,-0.18969010011085088
0.6964799836529967,-0.189879411054161
0.6510901225741133,-0.2790615040743782
0.598151943339249,-0.14819237399364985
0.5420408563694501,-0.2749385541075438
0.48800654043276004,-0.08315410310630134
0.4409085357718493,-0.20428626700891178
0.4042661004705048,-0.10850828855686666
0.3799030811854883,-0.13175680867604184
0.36810870776752747,-0.11959801835983427
0.3679348723689465,-0.15255521633184754
0.37730008719812924,-0.16935566124651477
0.39299232854574695,-0.07432817585416135
0.411028576768234,-0.07012079747613624
0.427687680479929,-0.27715760713662124
0.4410085761996013,-0.1751577305966158
0.4521779461339148,-0.2919610640726726
0.4662635900044345,-0.25155130363418815
0.4919507093654113,-0.29485492467291435
0.5400597011042783,-0.17598097431420212
0.6207232787000581,-0.2517401619393453
0.7394432551282013,-0.2482398372716126
0.8929489799862405,-0.21484499315605177
1.0665179869612273,-0.18019925268772627
1.2345958247473,-0.18527303631285022
1.365715056241277,-0.26711055685977847
1.4308523804988487,-0.11741248239003968
1.412228461299646,-0.23230164844188347
1.308712736272182,-0.251919717773372
1.1355704269618379,-0.261198040911176
0.9193264651297585,-0.24823801745345908
0.6906575547505385,-0.09191372848019978
0.4781828613308515,-0.23567713922512074
0.3045256140003656,-0.1654048124149655
0.18448992585983537,-0.20483822800791518
0.12450729646755732,-0.2087292251287608
0.12272217727324353,-0.3167220868614282
0.16973012129361442,-0.0858667117579867
0.25036502584296216,-0.2772837683911169
0.3466323791370832,-0.2846651106191533
0.44120525998781424,-0.2510883103556218
0.5205333432406958,-0.2787353993910183
0.576801139540936,-0.1822046691195462
0.6084020608629336,-0.145451164891368
0.6189969422363687,-0.2659148031809013
0.6155465067930156,-0.25911588334082986
0.6059153527096077,-0.19618526200726108
0.59670196028741,-0.10862699024685912
0.5918555555277714,-0.28119948260493344
0.5923846097060271,-0.31035705309063033
0.5970622961671384,-0.14905041063899482
0.6036550370113648,-0.10691111721195347
0.6100676819967564,-0.23311688739234127
0.6149812285310923,-0.23682691024947708
0.6178998998489933,-0.1601734713170436
0.6187982142559925,-0.1269513996692296
0.6176582995630464,-0.2442186124666802
0.614151048677908,-0.20771796336323495
0.6076126117286467,-0.25826833681194955
0.5973285920329463,-0.15929951161897377
0.5829739525439139,-0.312301194533792
0.5649275916754544,-0.22517862711513784
0.5442097300849476,-0.2298841754820965
0.5220296243857333,-0.18812594187297452
0.49921826442393424,-0.2819515294975164
0.4759145263786402,-0.18413775821457304
0.45172899209955386,-0.2121323006830116
0.42637530873923957,-0.09245060752218345
0.40055701045448966,-0.2525803123054903
0.37676226960544634,-0.1330085510940272
0.3595698941853225,-0.2949829198430314
0.3551364250616299,-0.2619829105087588
0.36976152832924125,-0.24294442563518534
0.4078226383278494,-0.2725508129820819
0.46977425942848894,-0.22589114348493292
0.5510678632395112,-0.2243741494463783
0.6426163450288528,-0.1601413961760209
0.7328478287887046,-0.13495503600148911
0.8107153825031482,-0.2768996419745601
0.8686090037667258,-0.24394032717094027
0.9041586410375896,-0.12146880584783626
0.9203559557714901,-0.3239975141947192
0.9240603679487887,-0.3772354316496246
0.9235556567805083,-0.22039211447710028
0.9261329014281607,-0.2038317753693767
0.9365397103478408,-0.2879375052160355
0.9566272978962999,-0.2529944625546982
0.985938780512122,-0.19033059092399818
1.0226525098856838,-0.27440950461229435
1.0643526421187266,-0.2603601435399674
1.1084011722432976,-0.2783060539060395
1.1520122122290457,-0.03226572062378034
1.192339356989875,-0.22283567299836352
1.2268938909520635,-0.3042103238759907
1.2543787927282868,-0.22503431620904096
1.2756412223669513,-0.10126838801799762
1.2941528209718258,-0.24049216815369553
1.3154804319493918,-0.17991922844904823
1.3456641815710864,-0.28657553889690207
1.3890314336096763,-0.19237768430685157
1.4463674412378051,-0.07878164172761347
1.5142940150961754,-0.23118752370400086
1.5862109945755374,-0.16595143083078653
1.65447627447001,-0.24906552362488235
1.7129240280449993,-0.08979140323717373
1.758610505882943,-0.10849618878719412
1.7920293268985965,-0.15943019210347886
1.8158570522051891,-0.1978404767309206
1.833071555698111,-0.25344400364388614
1.8454996061207027,-0.1815342323286736
1.8534284993637131,-0.12936383312849306
1.8562344832495397,-0.0817238460661568
1.8534712012609627,-0.0932314349379959
1.8457619702241088,-0.19967014992538212
1.8351015603411964,-0.08297963818338748
1.8245143253678626,-0.034765607086842815
1.8172353429722206,-0.12940984179160678
1.8157445828158938,-0.04660559698829957
1.8211223145218156,-0.04026289769573406
1.8330919427621755,-0.024680793984753962
1.8506717598626596,-0.21601978878258252
1.8729070812683628,-0.006881129670657821
1.8991383922897667,0.11237249401320308
1.9286790542521972,0.10704001546634946
1.9602166002762278,0.16763975219435978
1.9913775478890614,0.005861507563104342
2.018725262087105,3.0560197741120785
2.0382260658182583,2.9895290596362547
2.046068284328995,2.9253752086105864
2.039609295950082,3.0351371394091986
2.018123950198662,3.0011411002121013
1.98305722223231,3.0429381847070758
1.937709889072106,2.965210131909013
1.8865369823481233,3.113517502504824
1.8343364560413185,2.860977445901822
1.7855700597876192,3.046932642624701
1.7439428088758087,3.0435727486679074
1.7121682676961383,3.0510844516138973
1.6916990408878398,3.277637477836379
1.6823185517287427,3.163981504243053
1.6817964065844697,3.20162327430471
1.6859654761972769,3.409212445159329
1.689426970408502,3.3342235516850747
1.6867971326847577,3.466415170754701
1.674170391812288,3.6849964192316835
1.6503346062270823,3.6834241833789907
1.617257552928428,3.8273681175532057
1.5795521314824887,3.8469667351446093
1.5430271514082405,4.088572746093183
1.5128567358592644,4.268787417007266
1.4920833760733272,4.4902348626328985
1.480975098082681,1.8365767875700132
1.4773211077410295,1.7948238991739347
1.4773598432382942,1.6707968073061679
1.4768760240679082,1.654418697376396
1.4720773318502371,1.6543315847686306
1.4600771825220837,1.5797804269464446
1.4390526505174754,1.6459089967186395
1.4082879181044645,1.5050482892748787
1.3682856305389932,1.616595308433815
1.3209656452418548,1.640968921510058
1.2697648822687124,1.5821848800866938
1.2193376344307767,1.5201308081712224
1.1746656787071603,1.537891413618035
1.1396890062560707,1.5090035862481206
1.11585435565857,1.5540992989664364
1.1011143284087463,1.4081487905129284
1.0898861099044082,1.4712478750931426
1.0742383248420604,1.4548600559899691
1.046089340274797,1.3942734226454496
0.9997001836447391,1.5803148312326007
0.9335715279322582,1.521329970987856
0.8510962270920435,1.584706058916241
0.7597838660918605,1.7828698158421916
0.6693469365164664,1.9430076294554468
0.5892912436487778,1.9673257167212614
0.5267786450933168,1.9169823993340964
0.4853670528128361,1.865130259497956
0.46485092057832655,1.8032993130925954
0.46200851406990395,1.7860348306788842
0.47180266576134866,1.6179300529709357
0.4885751559501945,1.4832348896969128
0.5069723327476905,1.1164777839303808
0.5225838806875858,1.0352938162974303
0.5324039559377747,1.0479615507779134
0.5351731647178457,1.0837239416710336
0.5315055402550015,0.9501654309878957
0.5236059805873782,0.923753012471224
0.5144855687508167,0.9369854809475388
0.5068701953673471,1.002043697338477
0.502249443754627,0.9639179226397456
0.5004947042298846,0.7411413792595306
0.5001827260958179,0.8129675970279828
0.49940678863612253,0.7381817115548746
0.49666495417081924,0.8410659980879064
0.4914524855520441,0.8126826375091177
0.4843755654694393,0.7718481177101456
0.4768159534627211,0.7324699755513198
0.4703178596208555,0.6705424048375299
0.46594043503066507,0.8718683193262596
0.4638698902687124,0.8636611261285111
0.46356888244058325,0.7373818866255007
0.4645223718536783,0.7103143047871133
0.46722043065542074,0.6468314981289137
0.47367929569678535,0.5650786966010107
0.48690359681137285,0.6427493224591441
0.5093104536392481,0.7247722931810449
0.5408918095314845,0.6581337770571741
0.5782010490586084,0.68112867110742
0.6148319563101391,0.7154402058361636
0.6432137484692637,0.6422403769761119
0.6568839250594825,0.6467903675334492
0.65229780370939,0.5351893973226196
0.6296042938810358,0.6686528970151511
0.5923276711117942,0.548673127750401
0.5462784376744287,0.6231061962746044
0.49817940540114714,0.5594700986929262
0.4544411235005408,0.47983679721873274
0.4203192340931151,0.5582055758592885
0.3994645105242256,0.42751501892736793
0.39374414126470647,0.4720102825911382
0.40318926586789317,0.5541595955405564
0.4259805018673585,0.3929334493812863
0.4584870533461358,0.41587133633131973
0.49547061389430114,0.327299653333106
0.5305876300111645,0.47213897216719763
0.5572633811653356,0.4857911485615741
0.5699076880965904,0.4569492614817176
0.5652866507428411,0.41031897467441725
0.5436431009542378,0.3516603304703296
0.5090111989958099,0.4611245027512667
0.468337819011608,0.36130851203833964
0.4295538534769824,0.32032110234674877
0.39933342858308807,0.3664217138721244
0.38149517773852604,0.294325499317081
0.3766489916685144,0.28575264313468607
0.38300930673972866,0.40850435539100255
0.39771675169608955,0.2879403030879316
0.4178686739291887,0.27031160914238883
0.44082068199952074,0.35674881672719017
0.46391629719313165,0.17886849084912518
0.48419434499773506,0.3825853370025511
0.4985663047089215,0.2974709859941596
0.5045530324564078,0.4050884737077028
0.5012264927430481,0.40486631816464
0.48978833143456424,0.3211705031566792
0.4733506629483325,0.1843424916511385
0.45590238028223173,0.14054878020550274
0.44090729312935384,0.1653224393773566
0.4301989509066102,0.19495556703340527
0.423694728284449,0.32108046703327003
0.42005295503308404,0.26427370292504937
0.4179393972875559,0.2254715332301061
0.41727619358048806,0.3199406153722077
0.41987536671847125,0.12484298626354348
0.42913776946185467,0.17299282589500414
0.4488102689653527,0.2478375757475058
0.48108976410881865,0.15688270353351633
0.5247244892192015,0.0791207438792408
0.5740309554633474,0.13496497642531696
0.6195501703630565,0.18481590729557412
0.6503587291314978,0.12925273572603646
0.6572745415448302,0.1571383261282724
0.6358210577000395,-0.013260323790894334
0.5879271614186685,0.13549964451555682
0.5217894565376806,0.08728831528643505
0.4499452483191835,0.03619962395949663
0.3862030341634449,0.1650758897110731
0.3424126013788039,0.03574441088559117
0.32598129893938477,0.057152057202800505
0.3386273038826769,0.1806650420200008
0.37638199901482905,0.11576646880380131
0.43058766009656146,0.08450406875068356
0.48961308084368604,0.012728738329689567
0.5410601729288742,0.03645752907109591
0.5742278752112919,0.11274690539375867
0.5824904163541534,-0.35114103677110886
0.565042975250666,-0.3598757312823934
0.5273366545094078,-0.3614844495214283
0.479749689578295,-0.3711067713049697
0.43467919415262113,-0.46017353052816373
0.40294892665758053,-0.36064962880796675
0.39077116464270345,-0.3672266291780489
0.3982931033002922,-0.3434320319946103
0.4201345709025849,-0.20527253415657193
0.4475922996206608,-0.47886841854030426
0.47167253381323215,-0.2761804134674638
0.4859667172966924,-0.2660679786460849
0.4885071402091514,-0.535453519888344
0.48202933910714485,-0.4001259519040505
0.47257023935475506,-0.35444594669468704
0.4669783882366497,-0.4008385327997459
0.4703563382424861,-0.28902543544483333
0.48438800301836016,-0.3966432175350017
0.5070194279932403,-0.5007240059202757
0.5334120333185786,-0.3589037147107105
0.5576869034630554,-0.4010692435332277
0.5747539963919279,-0.3720348453222691
0.5815487786867445,-0.5177726431663492
0.5773653269710513,-0.41673524221549146
0.5634941733723335,-0.46151275073481307
0.5426543587319839,-0.3598784350358641
0.518556947470032,-0.4354631493931798
0.4955509672423599,-0.3472745999344571
0.4780702194275238,-0.3405189295924625
0.4697407798187444,-0.513175203287264
0.4723859061848613,-0.28736984568214363
0.4854177338045459,-0.29585024280826994
0.5059960892241606,-0.4450759535116054
0.5299495168949316,-0.3359022749934038
0.5530771492650985,-0.3137432599324325
0.5722953280331691,-0.39224201150705706
0.5861735953206196,-0.33205767386929114
0.5946454182498844,-0.5396568794025148
0.5980381341084442,-0.4982925025179415
0.5959574792509921,-0.32329382614402025
0.5867560556739153,-0.3510067860038447
0.5680942740610042,-0.4087740098767401
0.5385084035866805,-0.31481874609662497
0.4992501133054501,-0.3359981798693017
0.45533719068395806,-0.4078337428390279
0.41498585890449324,-0.43331204336812834
0.38732505541578255,-0.47496514889816693
0.37917237683596006,-0.4668225075255324
0.3922142310359573,-0.3341223136977615
0.42187800816645415,-0.4429641550404569
0.45854648923412844,-0.5199070333630533
0.4908317564590958,-0.5367194172761139
0.509738855903459,-0.36665978004404126
0.512043802031777,-0.2841864317376284
0.501397800808683,-0.43744656319219877
0.4866069223659484,-0.5747232078070993
0.4778130575270989,-0.3590740356022297
0.48224917102120846,-0.5664050848307438
0.5013913114490184,-0.4659357318682209
0.5306446703394744,-0.44057743866394916
0.5615160969615374,-0.4380501230717691
0.5851069636587387,-0.4634002448229308
0.5952873013978637,-0.41155942026095166
0.5903206636788471,-0.43339127004876854
0.5726602776878853,-0.4136961795772141
0.5474715151325802,-0.5370019179410046
0.5207444107476353,-0.35147788597901114
0.4977184000745286,-0.4962355978701933
0.4820032453316033,-0.4637874523794346
0.47539079952437546,-0.5463849363829099
0.4780428494660791,-0.5955666834434334
0.4887059028411108,-0.3397717393253758
0.5048749710389571,-0.4012645135065836
0.5231303385555365,-0.5844580048525484
0.5398920924335188,-0.34567247721725974
0.5525488792764754,-0.44903446278760883
0.5605556269649173,-0.4604398551132958
0.5659378977339259,-0.2613688571671073
0.5728371209848502,-0.4332534092186174
0.5862025006575109,-0.3853940305104937
0.6101946845894389,-0.3708703671553644
0.6470165493702839,-0.3731964387128563
0.6966448583644999,-0.5292345581573755
0.7574674239898856,-0.40887696560247144
0.8274001382939281,-0.5016820851093026
0.9048782470025841,-0.457311730378039
0.9892499979302942,-0.4632576404257866
1.0804375945918976,-0.4681246948855438
1.1780769362935108,-0.5240313125110411
1.2805691178970915,-0.31154225113523226
1.3845119427002088,-0.49888102795088624
1.484800064588876,-0.43939071851426537
1.5753512370353357,-0.4284219307779485
1.650124871330981,-0.4129268231279954
1.7040334119523903,-0.23554506746358322
1.7335150271578348,-0.5808250596567509
1.73676071804499,-0.4613793988211344
1.7136881824226329,-0.46336993208470106
1.6657332392121162,-0.4811385569553362
1.5955398902773843,-0.40508604863404235
1.5067174958730063,-0.5163741599897881
1.4038413604199427,-0.5141366686875031
1.2926716911604266,-0.48905455948758264
1.1802616670744321,-0.40868945300295684
1.0744990606731837,-0.5423549617693533
0.9828873682297683,-0.5395844572333139
0.9109052433651514,-0.6000766165647247
0.8606658218719453,-0.37455881342044606
0.8305044582671978,-0.5838436595686307
0.8156548860765507,-0.549361384017944
0.8096937386981882,-0.44033735932975077
0.8061839600794471,-0.44727176124444007
0.7999624021990888,-0.5576224112938843
0.7877662586773101,-0.5309305422887868
0.7682647500335666,-0.47357670175009203
0.7418005486201744,-0.4153070982532822
0.7100847133754066,-0.5101894977637587
0.6758796565216012,-0.5185988933891317
0.6425918982596086,-0.395448471515109
0.61371185681526,-0.5004666960535707
0.5920893249497079,-0.5185558082816089
0.5791187945183494,-0.6004428480092853
0.5740661411497119,-0.5412436881218325
0.5739087670348111,-0.6624953719875899
0.5739921802507653,-0.5544342581385087
0.5694603024590248,-0.5293182269426203
0.5569961344672658,-0.5980690686880847
0.5361942828622683,-0.5334759830603656
0.509968161255639,-0.5051107262782255
0.4836914741242785,-0.4081794396512752
0.4632059463698345,-0.595795136548052
0.45234205327017496,-0.5386847753572878
0.45104375904124316,-0.5946891005627087
0.4552281585194967,-0.513227386213601
0.45886380716824304,-0.5058468019735387
0.45763077262400076,-0.390639029775633
0.45260513853507867,-0.5150869154373406
0.45220287616748134,-0.6317125805579535
0.47115432702601556,-0.6098480722335443
0.5263497953442431,-0.5115273252699305
0.630659337337735,-0.4613149035533326
0.7867572496483375,-0.4856292104938204
0.9831370963601077,-0.430191857786725
1.193932035399551,-0.371994909805902
1.3832194444571533,-0.45847315571002933
1.5133193552228668,-0.5013676323812885
1.5550615623555166,-0.4543963544612653
1.4964877330740458,-0.4241977702652066
1.346325383568572,-0.44303502497065816
1.1307883004566581,-0.47091506053805543
0.8855916072581779,-0.5440841741969995
0.6469603323772084,-0.516347026708828
0.4447969759002107,-0.35663005285512306
0.2992128661832826,-0.4852790009459833
0.21988991618157938,-0.5390650690020661
0.20694858333196675,-0.4936602916990293
0.25221985436994887,-0.36874691490394695
0.3407027293509244,-0.5171485378947892
0.4527339514826011,-0.4680025705776446
0.5672678180489543,-0.51825842431496
0.6658099734323092,-0.5895873425064915
0.7358461487287821,-0.5962533897126986
0.7726334404831819,-0.5290830370896153
0.7788486709449765,-0.364006080086824
0.7624040804056964,-0.573694391935564
0.7333765949355329,-0.5022636098736257
0.70118783507709,-0.5715453146663013
0.6728598940682617,-0.49409719711170896
0.6525601764594977,-0.3546283246351025
0.6420781501115137,-0.6202659056678141
0.6416125269936978,-0.507914801304838
0.6503352962873912,-0.5236203888939321
0.6665051944778617,-0.5124546327079101
0.6872483204140917,-0.5662980862962859
0.7083660819977479,-0.41946517306961856
0.7245806621608126,-0.5481491110422843
0.7304498340024543,-0.5615597971864364
0.7218247436172818,-0.5146916745001052
0.6973372082657774,-0.47881067680898265
0.6592024889542131,-0.5424397447277433
0.6128104022259018,-0.5333499987422611
0.5651611525387854,-0.5983952703817457
0.5228342280744527,-0.5395421414313932
0.4903827553584268,-0.5841129658445725
0.4697069372013313,-0.49352287708629416
0.4604101375303168,-0.5299016993086002
0.4607659214218066,-0.6711804203605485
0.4688453222015373,-0.6336827371945535
0.48345679480778236,-0.5055681425129043
0.5046966139141889,-0.6243977259631337
0.5340398873975583,-0.5574552026677224
0.5739993538067326,-0.5440968253164664
0.6274205951343057,-0.4864654735945963
0.6965002233347188,-0.56613452420711
0.7816722102392929,-0.5661609985438864
0.8806150245870881,-0.4585561199585161
0.9877250122498215,-0.5741487398716577
1.0943906018555025,-0.5051646397662802
1.1902172553056147,-0.6175384684069583
1.2650199037933172,-0.6046538148671217
1.3110799508462947,-0.5279981618761314
1.3250382830840577,-0.6295940919785952
1.3089059001479204,-0.5937555451705498
1.269928020664625,-0.47338914037653546
1.219330185550344,-0.675517179362806
1.1702341117458703,-0.5873579212795064
1.1351986620777765,-0.4991915259819125
1.1239047473139347,-0.5072849585195451
1.1414917463076193,-0.6318670978236858
1.1879426007789002,-0.4650766334605432
1.258649622965258,-0.583648669819556
1.3459263574339602,-0.4703925703200567
1.4409233670515487,-0.5951404138306886
1.535309761781015,-0.7284339455416853
1.6222680619036098,-0.6137278112762206
1.6967552197132978,-0.529703555403432
1.7553938971384655,-0.5680607128462981
1.796499854558937,-0.36903063374614514
1.8204776091253962,-0.43900625663289494
1.8302986466742595,-0.7035517780137721
1.8314503223514027,-0.6704175988131567
1.830938257829429,-0.4211979075482049
1.8355280765169022,-0.545818305029269
1.8499540638100693,-0.4194817530685288
1.8758935527877938,-0.4275365875398187
1.9120802502690588,-0.45781832596781497
1.955321248235418,-0.5233994206050724
2.001777536798106,-0.5356128658018178
2.0478924914619108,-0.5577252715511533
2.0907452789664926,-0.48854076570886673
2.1280414601590953,-0.5219693515265573
2.158106590007574,-0.48255360799732677
2.1800812317060307,-0.5585787499697131
2.1942357594535933,-0.41671156821280214
2.2021449226127054,-0.46682867450113624
2.2064836491744666,-0.3206484416572546
2.2103910096058836,-0.3958758312586458
2.216545696500633,-0.4132170952654358
2.2261807097271173,-0.42821052635447593
2.238293385279224,-0.46976071231328465
2.2493810003205654,-0.41262324859058247
2.2540498513075367,-0.3798275506288152
2.246597369434273,-0.5458885204084701
2.2231749186301517,-0.32085990093077477
2.183709958508903,-0.20473784155632332
2.1327041361251133,-0.31866988625314263
2.0784090477625394,2.635018678584991
2.030558424543415,2.496839629568982
1.9974781598574665,2.59080122540635
1.9836710026523068,2.422613128083398
1.9887650802054258,2.58440864709188
2.008144692842037,2.5845259298083616
2.034875116779272,2.6431343663926112
2.0620116995037954,2.631544941488437
2.084359468251381,2.717904562282697
2.099206973824078,2.7293835504257316
2.10612398934005,2.601749581926226
2.1062560105774724,2.8577384340087746
2.1016085705489282,2.709831777151709
2.094640625808544,2.844759802515074
2.0881349803703904,2.856634135633293
2.084982172236849,3.089210132574714
2.0875176228883943,3.0437633736116942
2.0964598739606006,3.2322032661134905
2.1099561120549755,3.1073685503739754
2.123341773814405,3.2241633932393987
2.1299146610263646,3.327997751712341
2.1225696090705948,3.5501148343846123
2.095804792253891,3.665034084069634
2.0474934428116036,3.893518347982645
1.9798655418826294,4.111747600609077
1.899310863047184,1.54035495445662
1.8149318790425824,1.3097762675024611
1.7362413420716623,1.3487848491939058
1.6708091537673193,1.3824918992057982
1.6227052498059753,1.2673562863124934
1.5921682412539377,1.142421516038092
1.5763288277197895,1.3592217860821103
1.5704366767878313,1.2210199671851087
1.569051094755888,1.1377152027844017
1.5669055504692406,1.0701883413696562
1.559409683427027,1.110682859119949
1.542927241858883,1.0975376520277265
1.5150626762016153,1.1361735400628363
1.4751296326850232,1.1855844151629369
1.424705987811823,1.03475940324307
1.3678547575820696,0.988408696908841
1.3105185706359164,0.9932803387659304
1.2589475898529838,1.1544221343762002
1.2176113174804248,1.0003458546360067
1.1874636830556808,1.0930288570745221
1.1653910234166298,1.2079938066391271
1.14520447088504,1.257933246122831
1.1198919226844983,1.3611494178351389
1.0842909144107697,1.480707760332893
1.0370905653063167,1.5859990876639298
0.9812840339082073,1.7277256824075167
0.9228950070021096,1.5727628304772336
0.86865990789839,1.3906178914203404
0.823801118329493,1.3750010143730302
0.7908093687870645,1.0158656558036565
0.7695182633047084,0.9266173954503083
0.7581304390684618,0.7484140312802992
0.7545166623250541,0.7543343850123638
0.7571383553110089,0.7863808134581606
0.7652601208300809,0.5854826330429321
0.7785277370254974,0.4897445727301856
0.7962862879490709,0.6138231921728752
0.8170678648701295,0.45105392637009734
0.8384957216358279,0.5823800204290588
0.8576055019995867,0.5492356617940292
0.8714591692105209,0.5193188250496522
0.8779197197140838,0.45791629716667615
0.8764040420022781,0.48511786728069106
0.868300621457561,0.4130851617101423
0.85674412387219,0.4194575681699295
0.8457399914709495,0.4842264392035341
0.8390329585165461,0.4596548901009786
0.839258582761888,0.3733986890234338
0.8476761725985211,0.381662073617964
0.8643589937160696,0.408346528515868
0.8884689634942593,0.3701056805145928
0.9183458303961989,0.41371125461506564
0.951427626175709,0.32092149357322786
0.9842212079709083,0.3361050338197395
1.0125687393304175,0.19259445047670248
1.0323331556983546,0.28603226353297295
1.0403899810879405,0.23213129515903166
1.03556687687734,0.3148937324809224
1.0190633018711062,0.25110234571678297
0.9940199081471968,0.133428216404812
0.9643094121424488,0.13663499620322422
0.9331084865560576,0.2583763290378144
0.9020299851820809,0.19038474314601825
0.8713206338023789,0.050664963889605834
0.8409978896110618,0.21844099971238734
0.8122131525178546,0.15629509494911506
0.7879655112732727,0.14324347038219845
0.7726493639162874,0.04656202513587822
0.770574549568264,0.08274320103737719
0.7841683502366867,0.03335564803022013
0.812730403510812,0.14004393933482073
0.852283929712968,0.08191338173625792
0.8965038205458167,0.13266364154647053
0.9382849468367345,0.08991584575461159
0.9714044038261955,0.020085248120547752
0.9918289031658609,-0.01804797798827287
0.9983866484382002,-0.09680669622070673
0.9927070690059848,-0.026552042918786118
0.9785148339754242,-0.03703189294123462
0.9605265304011862,-0.11334762973352643
0.9432986032578403,-0.0688697550540111
0.9303483845256862,-0.11597791091456443
0.9236956824024696,-0.143654487734655
0.9237615579682185,-0.06228729014648751
0.9294855660310177,-0.11032083789657175
0.938615033413812,-0.19029481752574548
0.9482279150163426,-0.17669901795046164
0.9555234958007667,0.049703724391558936
0.958745181467163,-0.06903754492526143
0.9579023221653822,-0.16410855205907254
0.9548994714883212,-0.15559063162025683
0.9528658261401947,-0.1660100588504856
0.9548389675095095,-0.15103546274958005
0.9623006319454037,-0.08322530735154848
0.9742046842383568,-0.15408818981507028
0.9869956821971602,-0.16004792052280112
0.9957264957866454,-0.1203356577021797
0.9958825581973441,-0.18705722856609144
0.9851258874485348,-0.28485737696179575
0.9641420479720144,-0.15541986794237828
0.9362288503602731,-0.10445123707730575
0.90595765138871,-0.26290596886798817
0.8776662852598108,-0.23033022019902388
0.8544511205298153,-0.31947709635260235
0.8379166150013525,-0.27440159426116223
0.828540216350221,-0.16987416178211434
0.8262658380037342,-0.21349276179595023
0.8308885124693941,-0.35295841785857657
0.8419834548940686,-0.27775649157117044
0.8585159241518993,-0.38928984753862517
0.8785771972135591,-0.42843312518641696
0.8996446468643856,-0.355162675784497
0.9193935669105283,-0.2923905496130135
0.9366895477729706,-0.2546625745883215
0.9522017981170545,-0.2630375309477915
0.9681816240305802,-0.3386281213930715
0.9873343444002103,-0.3881369736361037
1.0112328571378884,-0.32162411630045945
1.0390666837108513,-0.18229180879152682
1.067415315138811,-0.3155686364492803
1.0912237594891896,-0.39035603459254614
1.1055759920439756,-0.3096170555215811
1.1075028707763188,-0.3941838670504865
1.097030673976351,-0.3391911028631799
1.0769943373042992,-0.38509939224580203
1.0517199538142201,-0.820157695883039
1.025243375421211,-0.742466470718423
0.9999440211596974,-0.8031086685515282
0.9762087927563411,-0.8038140075094294
0.9531699275667193,-0.8159635081403935
0.9300166221288686,-0.7908802545187564
0.9071321318864317,-0.7849850295708188
0.8864446629738515,-0.9126016865847625
0.8708298764447384,-0.8395606944645126
0.8629372038151218,-0.7144316231514647
0.8641055714019614,-0.7736373205892483
0.8738949890363902,-0.8133764666189676
0.8903377821724585,-0.9136293501239382
0.9106675590200828,-0.8391929324605623
0.932205072396035,-0.7755456890690248
0.9531424474784014,-0.6899276417296225
0.9730025105682123,-0.7407120343044081
0.9925881890308065,-0.6877589168598255
1.013386818040817,-0.843789099797778
1.036629685369433,-0.7198151694558644
1.0623879030087564,-0.7852718277503513
1.0890946777361858,-0.8097939114224351
1.113682895061229,-0.768069368933335
1.1322151973179995,-0.7610297814673064
1.1407037692069084,-0.762766439802809
1.1358990821127335,-0.7199239092457034
1.1159893437272912,-0.7861432974822097
1.0811545186939593,-0.7053063518491774
1.033805646780746,-0.6800573078822273
0.9783536395493286,-0.8681340993672013
0.9205543428586546,-0.8634103170126272
0.8666422091599163,-0.7942200926842851
0.8224140231836499,-0.9535840117014375
0.7922989141011227,-0.8197207264567375
0.7784941230137982,-0.7752248317890192
0.7804480105237617,-0.7343247817736507
0.7950744228616021,-0.7515942558015313
0.8178601132926389,-0.729155482175058
0.8445465723447472,-0.8674549623545492
0.8726734244792547,-0.7861108076793583
0.9022543345390706,-0.870971971046582
0.9352187066714821,-0.729249830947735
0.9738073961458974,-0.7747649795251271
1.0186317551023465,-0.7463850261552872
1.0673360629977364,-0.8740880335661618
1.1145611953068244,-0.7827365724324964
1.1532876164889723,-0.7465481383880835
1.1769922289732335,-0.8000921552666282
1.181722645534832,-0.8240699133451954
1.1672830552322304,-0.8573616696531808
1.1371411738574013,-0.9317395100084792
1.0972228287291343,-0.840520767407518
1.054230306531187,-0.8071172742922603
1.0142496896741973,-0.7508902846517451
0.9821016482980451,-0.9603001000956839
0.9613550023354295,-0.9731045980267873
0.9545438707944083,-0.8025034434953747
0.9631327722509043,-0.8384351137223296
0.9870839872275531,-0.8260596199089631
1.0242395343659607,-0.9328234818785911
1.069916415267072,-0.8127060571177828
1.1170723907400895,-0.86538673145107
1.1572052798234456,-0.8697679306780737
1.1819055949813466,-0.8116871918360926
1.1847520238629425,-0.8134133111416201
1.1630467436118157,-0.9751857676397018
1.1187877585534307,-0.8323381720065854
1.0583887741373157,-0.828272352258385
0.9910813889729129,-0.85236767926086
0.9265524781838218,-0.7401148579172921
0.8727830179590091,-0.7530805620040508
0.8348948972828952,-0.8520730748296759
0.8151690047265422,-0.847039363207726
0.8137629566469062,-0.75607846185852
0.8294312768352388,-0.8561167677216547
0.8597741164991799,-0.7690172228249388
0.9010076094037502,-0.7953528260753834
0.9476649065252888,-0.7399047174932551
0.9927612714608091,-0.8473451000714631
1.0287569486278578,-0.8510699260727815
1.0492563605060228,-0.6417443286290088
1.0509395018461483,-0.8607708918123368
1.034918387834966,-0.984034692347748
1.0067722924857427,-0.9714825183813174
0.9750172902510706,-0.9036888482253579
0.9485068945542725,-0.8298334068326096
0.933834179575512,-0.8744548695650776
0.9338270715568808,-0.7765765423238495
0.9476422184798928,-0.8568938513409832
0.9721524036598612,-0.8002740033225701
1.0037974028245464,-0.9441562130384313
1.040047213156419,-0.8785031647940407
1.0799757045930773,-0.8478670201525168
1.1239105691254414,-0.7424099860341872
1.172517895234823,-0.8890356542881577
1.2258709358015079,-0.8673978408683497
1.2829876475710422,-0.8486410120552588
1.3420567113278723,-0.8753118694826346
1.4012338011816792,-0.811118330630245
1.45958768925752,-0.7768253210234168
1.5176282150103697,-0.8038629037269405
1.5770070155033733,-0.8713453353072163
1.6394388420101516,-0.82480870588094
1.705348847365531,-0.8893780969959697
1.7728870386812936,-0.6278122754510147
1.8377224892216386,-0.7968751120714105
1.893624978992418,-0.7295350611306122
1.9335100622929327,-0.8538315877436934
1.950567137369579,-0.8875196664033457
1.9392943380963974,-0.9079398400324791
1.8964673340259965,-0.7726951501584298
1.8220525165493142,-0.8362656711041074
1.719887147468317,-0.9345413869622342
1.5977850092434678,-0.9497855567380951
1.46673474464586,-0.8689756420031918
1.339094101606564,-0.8670374179421593
1.226094467063683,-0.9088262643559686
1.1353661976496485,-0.9196989613923907
1.0693274721454349,-0.8502530367989517
1.0250406339524358,-0.8196513977144415
0.9956451873091304,-0.8285445384368169
0.9729284039500312,-0.925113018912102
0.9501701436555561,-0.8781322331790977
0.9242533487204372,-1.0100008709630452
0.8962746238392075,-0.9820445020739023
0.8704879604153181,-0.939403909688504
0.8521225068713116,-0.7395123853133287
0.8450633510783495,-0.8656724661515007
0.8503368644454198,-0.8541263320796098
0.8658585961393481,-0.939405764830106
0.8872766186747145,-0.7284198089354171
0.9093236385801526,-0.8091424272369447
0.9270490710980334,-0.8307514094186701
0.9365519850940571,-0.8453053960172692
0.9351973727939399,-0.7788740045854377
0.9216136362691332,-0.8442773527591139
0.8958595635452768,-0.8622099519534171
0.8598973746832856,-0.8812875862189363
0.8180547531733232,-0.8208816382406684
0.7768568266912139,-0.8105733031581688
0.7437422919253731,-0.7772511406508776
0.7247781474007222,-0.754221441544366
0.722291155603331,-0.807188576338903
0.7337704200787617,-1.005866271223697
0.75294643499814,-0.8683145507871178
0.7728020777154596,-0.9568086233637572
0.7892394601902883,-0.8324872065098314
0.803799511375495,-0.9148883599434843
0.824170781290029,-0.8741202982323868
0.8619883783910789,-0.9190703230091383
0.9284347026841249,-0.9028825388006956
1.0291054910196042,-0.8317287970011007
1.160042039596704,-1.0760371926934809
1.306506454026485,-0.9690481882382486
1.4451911348373772,-0.8798880770668448
1.5494976904905209,-0.8682211539667871
1.5964818449097402,-0.9442185132077153
1.5731839397186316,-0.8027969473204355
1.4799509680995182,-0.9541310363740053
1.3296138011307301,-0.7956776414921688
1.1434138196180075,-1.0338683832310795
0.9458285476286235,-0.9191007785971325
0.7601914346245875,-0.997985767203477
0.6058836450280274,-0.8197939572614031
0.4968406291576898,-1.0225676769504537
0.4406546825236448,-0.7943446059118536
0.43779359494433356,-0.884902929656483
0.4811982318738357,-0.9117534285206254
0.5571235992890722,-0.8451893716837028
0.6478350098851208,-0.9147170436624372
0.7357108671112549,-0.9106265371585833
0.8073343938885746,-0.964659577291765
0.8560564732339129,-0.7764592858114971
0.8822394457678218,-0.8077754797455634
0.8913777456541283,-0.86955324310145
0.8910153505732168,-0.8386671833518721
0.8876343122109674,-0.9188732078193086
0.8845354987188911,-0.9792575470554225
0.8813215409828257,-0.9942753750065829
0.8750355101534644,-1.0026352489930248
0.8624157563829695,-0.9954950420020526
0.842277429652598,-0.8161878986209021
0.8169517929579317,-0.841009616644838
0.7921220679455829,-0.8882294071505035
0.7751245369363269,-0.9256353606761982
0.7724525464662394,-0.8156647950028758
0.7874966185238755,-0.8855793592762212
0.8193982730287965,-0.8853772561517541
0.8633744015617584,-0.9492088664143608
0.9122038151097155,-0.9007003509841068
0.9581168717401984,-0.9667879300915315
0.9943535158660626,-0.9509968768594852
1.0160414147212997,-0.8136505508407748
1.0204450873272477,-0.862504972661758
1.0068472012039642,-0.7706118974415559
0.976368604212639,-0.9756872159353133
0.9319541683965487,-0.8613304079883397
0.8785419175611442,-0.9225770101760394
0.8231584231494509,-0.9668784188214514
0.7745104780074713,-0.8051053113795121
0.7417429092053426,-0.9257333978150957
0.7324360996104748,-0.7657924814457492
0.750426680448433,-0.9316240592222975
0.7943282380025741,-0.8549187715453922
0.8574909777255985,-0.8652276876922957
0.9296101408049078,-0.9497665763596453
0.9995238786588776,-0.8708534322922479
1.058232503170876,-0.8611032395119104
1.101054053318631,-0.9249606302318615
1.1282043635971337,-0.8932924806080362
1.1437971182027689,-0.748536153636298
1.153893863421638,-0.9376438245541574
1.164453305558463,-0.9410431759399597
1.1798326448032745,-0.8555248185994679
1.2021164278514735,-0.9874183184179075
1.2312044154724284,-1.0291261155292246
1.2653899225965424,-0.9464562093625108
1.3021441542371788,-0.9281589902680965
1.3389309124560023,-0.8348054095904551
1.3739539623982868,-0.914117729687208
1.4066954549262727,-1.0098449305988548
1.4380297669745241,-0.8405162820615019
1.4697545770007046,-0.8917723289852014
1.503623078014983,-0.9296018912596338
1.540264389973754,-0.8793343296369448
1.5785116382259545,-1.0045628763989964
1.6154918811800005,-0.8756364285538321
1.6474969075734593,-1.0077840746480498
1.6713691218701858,-0.9013934257895675
1.6859831318370464,-1.0114948265144892
1.6933442732890724,-0.9845249068311251
1.698841746227663,-0.8330861290585727
1.710342569018577,-0.9308246349291941
1.7361638626037572,-0.783613324908494
1.7824460260229749,-0.9159096369881341
1.850825009077806,-0.8006024565545393
1.9373327576175603,-0.7418845911601996
2.03306482518002,-0.7236228783386147
2.126457509845704,-0.606721532653848
2.2063346459097266,-0.8617505271610051
2.2646153578228834,-0.8397067071364974
2.297861578965093,-0.8800788101129143
2.3074214192809928,-0.7809547059020603
2.298410482384652,-0.792579372629926
2.2780248380465262,-0.7388130965575255
2.253752441888686,-0.664860120565664
2.231975243826859,-0.7537742123285495
2.2172219675755054,-0.6835837089245426
2.2120142695852754,-0.5732799882581446
2.2170197948974977,-0.6918453918025271
2.231228780472714,-0.7096822360547786
2.252077100137842,-0.6416488775766235
2.275669879319672,-0.7485190263649503
2.297348812587771,-0.690093486259711
2.31270526502866,-0.6180683227371004
2.318793616701467,-0.6268298281734014
2.3149909899341012,2.371391106667289
2.3030223905291596,2.329710980175595
2.286141716994222,2.377715523258206
2.2679350192017447,2.280030224304232
2.2513244116766256,2.2227498612114633
2.2380951187937237,2.2922642338950454
2.2289066177564907,2.392991382511782
2.2235341327940388,2.3602242662595203
2.221085271976926,2.356820016720853
2.2200585414611593,2.3064011924849344
2.218260243294649,2.5006796979782746
2.212736469276831,2.3808857833182904
2.1999656822932723,2.487971505267417
2.176506482351223,2.5489801605334357
2.1400512092454513,2.6229895407075454
2.0905093000877404,2.629226402463837
2.030578860273388,2.7972209917635884
1.965421229840395,2.816263309760523
1.901453645309926,2.946181131719457
1.8446701868128728,3.121975798690488
1.7990717582690876,3.230347654612238
1.7657028365925165,3.1902397524747297
1.7425808237404188,3.3979173236393367
1.7255580376436743,3.5959244437240208
1.709871036860692,3.810399296218481
1.6918297562477398,1.0552406070123808
1.66994172148059,1.057730688479911
1.644950414910756,1.0847546791162601
1.6187882568070484,1.0256460760677624
1.593025917767907,0.9131233105114608
1.567685643783075,1.0226960518024808
1.5410900422118399,0.7487925328393884
1.5108317026609352,0.9220911411126506
1.4753223564339064,0.9346770779773834
1.435098255847166,0.896319324073844
1.3932200708000977,0.8254339783283481
1.3545099668918117,0.8687385388639355
1.3238274640207353,0.7674346852780326
1.304019304662344,0.7168574375512451
1.29441091309547,0.7881590217432709
1.2905104787384098,0.6710283449864428
1.2850267414283074,0.6783180104450032
1.2697416604897618,0.7094438178967233
1.237564098101678,0.6886440482462363
1.184212959428396,0.7494188314130007
1.1092169105319396,1.0000832190445905
1.016125897408305,1.0923250376771696
0.911981887904047,1.1327551459275742
0.8061824506499111,1.3695888063452064
0.708907840977883,1.4096223913119135
0.6293384087072027,1.3570711739401717
0.573986219979015,1.4016374485993612
0.5455279907524085,1.2509823226028143
0.5424578121596785,1.0031022409716195
0.5596535262562282,0.8850603733531184
0.5896740469162853,0.6251248453586831
0.6244316143114057,0.4876536491499502
0.6568492572545966,0.4402580636676842
0.6821239224184503,0.37809096291261235
0.6982361995497262,0.4274601589667485
0.7055076908344645,0.5123999128315583
0.7053956005323151,0.26337678807969345
0.6991394309049646,0.29433054352331794
0.6869939470939428,0.5331900514733474
0.6684603992886353,0.2775270938902989
0.643355326791941,0.3224080449247636
0.613073297413568,0.33292644164467855
0.5812731287280872,0.27485865405227494
0.5534918939517866,0.2999191780017939
0.5356982026960291,0.2046615956934661
0.5323077881580857,0.28487090646611324
0.5445063335976801,0.12853326476382995
0.5696895893333953,0.2161106552376737
0.6023846023926405,0.17828924913783223
0.636336774952653,0.12414911427219912
0.6668810558541283,0.11296308325163221
0.692555585988865,0.0542752369669114
0.7152398574671579,0.14004458182016374
0.7387601831171274,0.22716311820266666
0.7666102814661349,-0.0017625147940561426
0.7998487009016633,0.04706927626430348
0.8361437260785273,-0.08745078124565156
0.8703858868036695,-0.017780850462690775
0.8965479978754319,0.09483471231514941
0.9098970229432861,0.0709160371714186
0.9085559093285072,-0.070008169866661
0.893847776210439,0.10327068177857028
0.869529484991687,-0.1236338751992472
0.8404812726655336,-0.15782626477127581
0.8114647601657141,-0.1616746212547727
0.7863196395469187,-0.04066687985992356
0.7676474667907855,-0.1822526238534133
0.7567934299482085,-0.1261583034849765
0.7538917430293146,-0.1320835176087726
0.7578624875195208,-0.10469307278230423
0.7663844676325229,-0.12549492391797082
0.7759330702528713,-0.0792488717463489
0.7820395617643516,-0.14332233300950842
0.78001218532161,-0.13346687536280827
0.76624828483716,-0.14116352325831538
0.7398246273000807,-0.13080409736449722
0.7035765829504813,-0.27667478868065243
0.6638773466113883,-0.2242952005964745
0.6289420973723167,-0.3735803996801532
0.6062798162783272,-0.3372012954833255
0.6003508247090594,-0.12727293934842032
0.611371935197029,-0.22672712976096854
0.6356856968556849,-0.014898563196750437
0.6674031493536403,-0.16896172085161912
0.7004426640010928,-0.21998036753879882
0.7299986424217171,-0.22452987271653735
0.7529888283828151,-0.10335828342596226
0.7677286121726911,-0.3353587401460826
0.7734178067546141,-0.4205086674454649
0.7698770323543284,-0.1943583381331768
0.7576127342649808,-0.3507426359694624
0.7380152770192787,-0.20404282616659497
0.7134224515487088,-0.39781958916469184
0.6868832981835347,-0.35001676730708065
0.6616291338996394,-0.4247520737481469
0.6403976968066585,-0.3211689892282837
0.6248302599174322,-0.2564479741218831
0.6151686551926197,-0.34531044969040764
0.6103816870791001,-0.41872579178681546
0.6086552743020439,-0.5439632930623903
0.6080136019251989,-0.44280495397614084
0.6068207508301624,-0.41821871583159886
0.6040335706250232,-0.38985785073940615
0.5992341790094216,-0.40437164809450354
0.5925575903168372,-0.36451880801233394
0.5845942755254895,-0.30512358476126744
0.5762374901044187,-0.5647427787424089
0.5683955420826298,-0.4960126516902477
0.5615843063194832,-0.4600079605031807
0.5555590308578706,-0.4785457757515141
0.5491671353361209,-0.4374275760327853
0.5405042336537729,-0.5039175924896552
0.5273779042741824,-0.48935832318476513
0.5080528020464445,-0.5830924154324628
0.48215053356808935,-0.3874722029944484
0.4514111155726702,-0.5600481610046384
0.41995565690423886,-0.4375623270662025
0.3937948341626841,-0.4852617185433464
0.37952205724027543,-0.484696387131842
0.38239088506036123,-0.4895695722662558
0.4043291816928991,-0.4433791933579587
0.4427141197533869,-0.351777497444589
0.4906091054934567,-0.5181224414950961
0.5385677903477979,-0.5742547638648944
0.5773691737676625,-0.5246042255214421
0.6006437706697659,-1.0145819257675341
0.606491702530761,-0.8695495601909473
0.5976688918332045,-0.9607586751195014
0.5804073662032183,-0.9211056996722636
0.5623074900826958,-0.8927588583974767
0.5499798588249909,-0.9527230252125813
0.547179349241961,-0.8784912529347964
0.5540106241342971,-0.9102279532404658
0.5673989457797142,-0.9446674636713077
0.5825227876613017,-0.849900935327967
0.5945220084669746,-0.7911284414348511
0.5997676756550774,-0.7735076420795262
0.5963620127484994,-0.8277246873811592
0.5840680981010684,-0.9169619327360239
0.5641338430633032,-0.834425727684539
0.5393007116227465,-0.9592455079622025
0.5138873296286699,-0.8415894639086369
0.49354146471999716,-0.8750931713401106
0.4842748838713855,-0.8442760431870652
0.49078843201001077,-0.8491548849082128
0.5146584847242159,-0.8098804787190212
0.5532591574473522,-0.9379487619983972
0.6000509622160575,-0.8483955860134716
0.6462269739261355,-0.8942896870488897
0.6830801278734643,-0.9740475137095191
0.7041696869616764,-0.8520868498811536
0.7065258369986545,-0.8254232300860914
0.6906207256617101,-0.8416275098254256
0.659394644231426,-0.9706537033119694
0.6169948816556726,-0.9722081322015063
0.5678888644937623,-0.9953073966158703
0.516641310471298,-0.6949976039099699
0.46813204027291255,-0.8801760788824429
0.42770101075794764,-0.8779335565364648
0.4007958361705043,-0.8595996097307628
0.3920166682361629,-0.9846564328465894
0.4038021408384056,-0.9614461307033136
0.43525164968261254,-0.9223255517299034
0.48162856711373014,-0.9164110757485071
0.5348952483595981,-0.8769041735341883
0.5852701809247849,-0.8611815697768193
0.6234117085892459,-0.972266734349962
0.6425762821348611,-0.9468037075847189
0.640086738839219,-0.8734193595641889
0.6176925732826379,-0.9363335599721735
0.5808267730570131,-0.9625060206376295
0.5371851993589788,-0.8862928893351224
0.495223329869417,-1.0057072956968605
0.4629474474496792,-0.8216541602045566
0.4469690907229611,-0.9589335070012647
0.4515786672834671,-0.9234717892327936
0.4777499544869914,-0.9269668830342923
0.5223241925312685,-0.7661966020182949
0.5778332153899541,-0.960906316496096
0.6333500089160664,-0.7094984676025581
0.6764478660656464,-0.8243421990128393
0.6959429810325843,-0.8250493498697768
0.6847248759420815,-0.9652979270097155
0.6417895838848084,-0.8715859961065561
0.5727359602546861,-0.9523683566054914
0.48848685005469006,-0.8634410455111964
0.40264176959989706,-0.8708902758263727
0.32835130571855176,-0.8052013738235935
0.2757169521223599,-0.8740752834093117
0.25040346410228387,-0.9718163061030464
0.25354602899008294,-0.8754880133640467
0.28250516713987506,-0.854053092704285
0.3318932508937178,-0.7642065196666449
0.39452668075345165,-0.7491373969235083
0.46223707069287756,-1.0090898746236574
0.5266207968414991,-0.8427732417665122
0.5798589406922228,-0.7797816443260494
0.6157096563834211,-0.810505187197618
0.6305824492651967,-0.9668932787731318
0.6243264448188179,-0.9056090926675621
0.6002944471551188,-0.8306526834488234
0.5645391551310167,-0.8618728544558706
0.5244225523420888,-0.8009141026926156
0.4871111550624687,-0.9003569946036141
0.4583286456776825,-0.7413622911853721
0.44157086822577674,-0.7891812528410749
0.43789150310182745,-0.8491377400162247
0.44624790957179516,-0.7523780218641536
0.46419089617778686,-0.905575521660928
0.48853176339249005,-1.0122217300246121
0.5157076285551476,-0.8839035911245711
0.541868880769394,-0.7999888168979304
0.562994031584187,-0.7168015823092855
0.5753598799257174,-0.8990412484505347
0.576426013404528,-0.8024993957843521
0.5658293291748824,-0.7006310359948728
0.545994080446746,-0.8605151548508634
0.5219715688155,-0.9559773433754555
0.5004337082161292,-0.7715329934734902
0.48806642057776906,-0.9352944924355896
0.48984187053724004,-0.8325295691254081
0.5077777933041097,-0.9360876063611863
0.5407350913035376,-0.8542058790024907
0.5854306537845533,-0.7082444875383282
0.6382289342940239,-0.904564868422653
0.6967984267540956,-0.8605622503957626
0.760760490012177,-0.8016336413097388
0.8310592213896019,-0.8891787536658444
0.9085534972127314,-0.7030615557833861
0.9927286334042662,-0.8629929859196213
1.0812134121026533,-0.7740061193965819
1.1702218605093457,-0.7121804940634898
1.2555344859899358,-0.9374219320478526
1.333429170500569,-0.671053605383043
1.401086709202088,-0.7679956283710189
1.4563218121971166,-0.873209596775146
1.4968675052517115,-0.8088816138219102
1.5197122783288277,-0.8627021153775389
1.5210313909850262,-0.9209571498375128
1.4970039816874086,-0.8599549660355704
1.4453378036540558,-0.956814388956719
1.3668903898260145,-0.7909717451010797
1.266658350562961,-0.9374305988041972
1.153627667167116,-0.820102393238167
1.0393397532198991,-0.7643376462348701
0.9354298876462577,-0.8776057772808636
0.8508437939719875,-0.8535098199549079
0.7897410513119746,-0.9026887730828289
0.7509085127669122,-0.8577636192477286
0.7288275613720792,-0.7595050456257847
0.7158185892774024,-0.7762452068705594
0.7043540697983145,-0.7766195209885903
0.6887506692488767,-0.7157886062559665
0.6658607102627373,-0.7837909691098608
0.6348756487394731,-0.8717976467988144
0.5966926445087719,-0.9245475013109459
0.5533186725579052,-0.8741013678171302
0.5075470818852532,-0.8177906205447416
0.46285110375449556,-0.7910617634250895
0.42327436725208867,-0.7009718524054189
0.39308788754886237,-0.8199047619888954
0.37607229305932377,-0.7316492698093577
0.3744536291011128,-0.8179611219527176
0.3877741690910671,-0.9040628791775788
0.41222244603264,-0.8416599657994396
0.44095792803407363,-0.7565118576588856
0.4656069284265735,-0.8579602376560965
0.4785511377780831,-0.7683496269690354
0.4752256869725645,-0.8047341021012134
0.4555714863313548,-0.809047932615544
0.4240161318872283,-0.8013815008005872
0.38784306373152366,-0.8819009123229561
0.3545066227429736,-0.9152355989654063
0.32909408682814734,-0.9085227085068631
0.3132060767472099,-0.8649788744867107
0.30576182076832814,-0.7504646098413367
0.3051122540888097,-0.6425528856921222
0.31119391355576886,-0.9001672034794124
0.32662722693305146,-0.887259649720603
0.356330393891251,-0.8396062293245582
0.40588049532955883,-0.9024796131595034
0.4792168775771243,-0.7294114879697848
0.5763347621469757,-0.7868257662251171
0.6915461463412429,-0.7539281190034685
0.8128899445174468,-0.7056881966160453
0.9233056120214932,-0.6411708829940782
1.0038974241876408,-0.9461712736012445
1.038719429121251,-0.6542018732715935
1.0193307103111489,-0.8584080230863178
0.9469737790973382,-0.7282468147299299
0.8314142038000547,-0.6847977546374571
0.687489379658655,-0.8709773570713855
0.5314889022059422,-0.8487289499693282
0.37888109193783925,-0.7324822044396538
0.24347965897214985,-0.7222924378741411
0.137129260716224,-0.8759526237878201
0.0689245020210314,-0.6839345115506466
0.043729398566241584,-0.7459263596991508
0.06073206238119755,-0.7713791776453691
0.11313480196206827,-0.7282937537245083
0.18946999355396632,-0.7838927135822354
0.27602448078197295,-0.7110192580325801
0.3593711752872413,-0.7730615074958526
0.42828848201062186,-0.9117784313941503
0.47493142238750263,-0.8207971314181989
0.4954988968681473,-0.8487928922775109
0.4906095874969105,-0.8769889651152398
0.4652598582396279,-0.7200137759615339
0.42797417208349464,-0.7579539395334257
0.38893549060720833,-0.9455438750501102
0.35744364545713525,-0.7991983071162398
0.33955219494693545,-0.7990328410726888
0.3367969728899598,-0.8111981427071366
0.3465239738047028,-0.8312806964610274
0.3636799923294006,-0.8266562012858583
0.3833294436120176,-0.8431435856483986
0.40284146832430245,-0.8985492320078169
0.42279022962158463,-0.9224453773586205
0.4461331902154938,-0.750513902194222
0.47602221102859477,-0.8179793827579326
0.5133015003788469,-0.7391337335457859
0.5549231004153223,-0.7360367300746384
0.5940270729421413,-0.8278073580555446
0.621622006522611,-0.6424463476295056
0.6291632075568652,-0.7196813345944062
0.6111155730813805,-0.6941920928681365
0.5667478530542227,-0.631595782268993
0.5007605276421717,-0.8115634859753865
0.4227216496606401,-0.7427526167042968
0.3455290148011819,-0.805916800644631
0.28321325838089784,-0.70794330585197
0.2484481595389919,-0.7560332983486594
0.2502140018677692,-0.8515987898623725
0.2921005932841799,-0.7482697369864243
0.3716122381014667,-0.6691314422342859
0.48055121323410177,-0.8410387100459943
0.606290618136627,-0.6829379924241189
0.7336587149509135,-0.5923044448696584
0.847208898267791,-0.7867817632820316
0.9337001017736355,-0.7468057139268417
0.9845503305518508,-0.6133193536355305
0.9978223673393976,-0.8509172179985174
0.9790888208900174,-0.6596263005673894
0.9405809172716507,-0.8315215808470525
0.8985019059109902,-0.7706194218095744
0.8690954458099116,-0.9137087078784836
0.8646301160297976,-0.7057748869639112
0.8905978615658878,-0.6901174107292267
0.9450185349307352,-0.7139465877443301
1.0199362022592318,-0.7863975113871781
1.1043727732405821,-0.6799278775648343
1.187569508726125,-0.7899878995486949
1.261436571774242,-0.7609593603865542
1.3216170347090168,-0.7795246789074414
1.3672060743449839,-0.6807327966931346
1.3996686839725507,-0.8154915995553471
1.4216533583982658,-0.5866182461659624
1.4361879888646185,-0.7036254831738934
1.4463582517129687,-0.7527690584334471
1.455252503928681,-0.7017762678965824
1.4658663100991483,-0.7313281488570657
1.4807975173492187,-0.7435660087610878
1.5017829910803577,-0.8124026581154496
1.5292590026637618,-0.5188187885232187
1.562129258820165,-0.5677584318809641
1.5978642018850737,-0.7146368263236749
1.6329649947725993,-0.7214383985258715
1.6637071500726786,-0.6419746810556499
1.6869882807750762,-0.5224651038382515
1.7010909073485536,-0.711175144925954
1.7061910229092847,-0.5293233850706935
1.7044694295910436,-0.7467811992894157
1.6997824861984165,-0.4905393974218584
1.6970161659325123,-0.5704772022322144
1.7013251985731639,-0.45592687762316925
1.7173621659677574,-0.634444945082483
1.7484653557156302,-0.5948512019666264
1.7957757582681952,-0.4883803094284714
1.8574116851434077,-0.5069055695983709
1.9280339594270366,-0.4812602303895625
1.9992339387465337,-0.5879622211438952
2.0610233136335245,-0.40963118336382487
2.1042635325184786,-0.4891012007016949
2.12332701395075,-0.5330253496094186
2.1179567634531065,-0.3238692360413043
2.0934398126823366,-0.4344426981545554
2.058857419588966,-0.3726799544657517
2.024048491129273,2.5242365851169595
1.9965169065782447,2.506277565984258
1.9794435888124742,2.521004304979391
1.9713558001714944,2.4821190544693272
1.9673327101614677,2.425615731896067
1.9611762146438525,2.6049663114658093
1.947744534100401,2.5170826483614404
1.92463622023846,2.6422989912987047
1.89269823542126,2.6294225489371543
1.8553558358984161,2.5455781225505003
1.8172680529744782,2.656342456634705
1.783001847489728,2.587511748758508
1.7561755025641057,2.68974431346607
1.7390593039177191,2.8118360311449173
1.7323544547761518,2.8324798904540875
1.7350127238033841,2.9212348002672206
1.7442521030383917,3.021514420840634
1.7559657647733928,3.1479807717188444
1.7655057753015573,3.195489068572345
1.76864809318218,3.2881582011440393
1.7625019987545194,3.3082255485362633
1.746096329221281,3.499593040763834
1.7204016161039999,3.6929109483560665
1.6877635681340575,3.7792747215350024
1.6510238455201938,4.052361328886943
1.6127411106988185,1.3475686307102206
1.5748139317322964,1.2996649562135805
1.5385515415940594,1.210769614483581
1.5049852122111989,1.3915853348446385
1.4750910371159187,1.1489548987574907
1.449682099575728,1.2459907297780646
1.4289625413519773,1.1676461461847305
1.4119525098139514,1.221651498865657
1.396101826747008,1.2002107056558735
1.377415826504223,1.1146523699095618
1.3512856905441697,1.1434908704302056
1.3139148328947863,1.2004839320163025
1.2638701630691127,1.0827423371740972
1.203075732852331,1.076409888557736
1.1366706447432797,1.0483465627457638
1.0715814803842918,1.0016111676954333
1.0142349801931048,0.8371420180488063
0.9682795509907451,1.0182004387868107
0.9332759242348567,1.089498131062984
0.904997856329182,0.9690739014078796
0.8773463881222401,1.1436271673874208
0.845160027418422,1.3138385448482763
0.8067462328037688,1.4881115621682866
0.7650453722513026,1.5731371256969884
0.7269238261629276,1.6429211359058333
0.7008560022349536,1.6659789215518124
0.6938766752132872,1.6044779061921286
0.7089504731267946,1.5312315185893006
0.7437019377384443,1.4100501315845666
0.7908754288135363,1.1020566840282668
0.8402341489567953,0.9365442403547833
0.8811411811654641,0.9041302784710734
0.9049620424749925,0.8381820269438003
0.9066837269280893,0.8067880449923673
0.8855522757863905,0.6461547050441677
0.8448484613940325,0.5383757496347501
0.7910545056190079,0.6341253919004328
0.7326494525352322,0.4778564890315148
0.6787064848354628,0.5810625739824163
0.637447316046158,0.4733689004117016
0.6149330467427054,0.4485244510940729
0.6140695235634197,0.6392958339010942
0.6340746604813177,0.4457996756655608
0.6705457682684222,0.6080099840877636
0.7162488825029707,0.5240122832369363
0.76260727081626,0.5405479232448306
0.801562512171828,0.4271615070232645
0.8272198514714539,0.5735440844182711
0.8367344687655043,0.44525512335160666
0.8302788952807045,0.5159473587091509
0.8103943138519752,0.3540426357910365
0.7812328583249084,0.32842240677727685
0.7480015546471268,0.41519854680445245
0.71650726732045,0.4228826515009668
0.6924622409968726,0.3350559018464295
0.6803803647612645,0.37220927300333095
0.6823291745863895,0.3641862633461342
0.6971197164476544,0.2993503643719125
0.7204443255472417,0.2770635839505072
0.7460448046653176,0.25025351361243003
0.7674972417963642,0.31130050651679736
0.7799444447304691,0.34007283825286583
0.781189109913866,0.19878893586437524
0.7718549687521226,0.21138024787703089
0.7546580615511558,0.2956238114421612
0.7330967721785295,0.31880079951352885
0.7100258870399714,0.18432765287130531
0.6866371215181125,0.17284896743536632
0.6623063738247785,0.0780449293349743
0.6354833118118725,0.15883774408088197
0.6052794915441333,0.1660717143622441
0.5729281032371184,0.0675824007628665
0.5422260010884505,0.17167759502690377
0.5185529502283852,0.25196438519117204
0.5068378751192553,0.1463754402807642
0.5094422774722529,0.25054776097828085
0.5249748668934168,0.2109728455916238
0.5485337339303751,0.10602767234557513
0.5731867897382252,0.1501334497296703
0.5920581322931207,0.12567570647045237
0.6002885378453602,0.15516585451826062
0.5962766627024781,0.0009372493573480572
0.5818903403123951,0.05385354487178007
0.5616917052215114,0.0903730436025725
0.541531901784925,0.16680067561285158
0.5270246722594234,-0.05425880359761841
0.5223621139848833,0.06139655230412467
0.5297387993512981,-0.03027180863541636
0.5493879692301458,0.03503781126244653
0.5799949166570332,-0.013486317496026277
0.6191463426142395,-0.010651426092067987
0.6635829980281269,-0.03007348817359021
0.7092807900246172,-0.012829885041288876
0.7515852613687171,-0.07111471452358648
0.7856171232628115,0.06703825571638222
0.8069978667902536,-0.023131459096672694
0.8127556014664912,0.03249185385213016
0.8021386479208086,0.11315094568343348
0.7770012822386485,0.0423897903728564
0.7414905324245796,-0.02935773256149654
0.7010247541518364,-0.04019223136169285
0.660919715071796,-0.02531840432997402
0.6252259835021667,-0.0704121690515097
0.5962204862508612,-0.02515939459211114
0.5746390450594525,0.01055190115527566
0.560387245319068,-0.14119110103676424
0.5532918405909943,-0.0932881694405269
0.5534855488950142,0.02109780878348479
0.5612203943983503,-0.108577243615039
0.5762060842323489,-0.06237418914387718
0.5968461484994863,0.02233428124468099
0.6198658815084177,-0.13223784627926727
0.6407165420112477,-0.08457103963866926
0.6547990820956311,-0.09696935398897762
0.6590933494103135,-0.14982490860000963
0.6534539586156769,-0.11164301051832637
0.6408940643747527,-0.19179808498879908
0.6266626338297887,-0.23213755745992057
0.6165518271804908,-0.250830274293026
0.615211186622358,-0.10145353021608193
0.6250760757996519,-0.079600537748926
0.6460600805510199,-0.12954903856922226
0.6758167875836513,-0.0348560228212821
0.7103200707281322,-0.13967161930973215
0.7446317677313048,-0.165079867662951
0.7738277378073155,-0.49481170985783457
0.7940172189229178,-0.5288703009674363
0.8032433912641141,-0.5333337597825193
0.8019596523838399,-0.6225878065482993
0.7928762543622784,-0.5747944452495672
0.7802244127646243,-0.489944763180699
0.768707848089681,-0.48958386061275716
0.762453109835249,-0.6308092666140576
0.7641488633991596,-0.5419952148623614
0.7744559688228834,-0.6111154898923078
0.7917969138816012,-0.5658676053574618
0.812689889517403,-0.46287554745580883
0.8326818304170089,-0.44694929389272775
0.8476433826653064,-0.48513018669403074
0.8549289364343579,-0.4715449014725869
0.8539017093187146,-0.47952411269863343
0.8456289813068398,-0.5803705907030503
0.8320067392509907,-0.5746733102731563
0.8148871934983286,-0.622884235941266
0.7957288101071782,-0.44496052561216476
0.7758925547601446,-0.7608072300927448
0.7572432498078855,-0.47412231023800244
0.7424951713880195,-0.43082933230314335
0.7349069262463838,-0.5617631534526795
0.7373593118868653,-0.568713142158282
0.7512347084832096,-0.47026961819450974
0.7756125122943845,-0.5922898645513985
0.8071276359298929,-0.5966429981556521
0.8406025393844294,-0.6215159253651885
0.8703406647781814,-0.5753471715394616
0.8917148091117995,-0.6274410303558108
0.9024593223810672,-0.5129933685527036
0.9030830947500914,-0.4877671421292011
0.8961705613343355,-0.5643241534041052
0.8848941193130587,-0.5426082909472604
0.8715052875906886,-0.5360664091085251
0.8565965659316427,-0.5173027596264209
0.8394716434015865,-0.5005555658319756
0.81930572616515,-0.408997151092036
0.7963437714487747,-0.4008578931669358
0.7724342941687913,-0.5521855326951546
0.7506530988521747,-0.4578504598983877
0.7342846638848097,-0.5479634915832751
0.7256730648993326,-0.36302748670649665
0.7254003614010296,-0.49896585785936126
0.7320700041924872,-0.4661553288477824
0.7427488789580221,-0.5366950819514826
0.7538574007705332,-0.58963133582708
0.7621116382844284,-0.4124976355910582
0.7651693112941884,-0.4733590749154526
0.7618723830581862,-0.5369984670063687
0.7522098800080645,-0.5270820958612199
0.7371972954843854,-0.5164357152274511
0.7187825358652362,-0.49302287855030114
0.6997445543215661,-0.47296242837631586
0.6834735499654636,-0.4848965575786434
0.6735492931154424,-0.436382685130236
0.6730977558225778,-0.4181070719517608
0.6839786542797733,-0.5796406323152389
0.7060067986242247,-0.5878097089347689
0.7365944465869467,-0.42263756242330364
0.7711864580976333,-0.4530844699287436
0.8045146374739878,-0.386792658674218
0.8322201564075334,-0.41945699982294476
0.8521392203595515,-0.4904201762386297
0.8647125012680714,-0.5914114585761516
0.8724517388338131,-0.4598389438353447
0.8788658400034725,-0.4921677937789013
0.8874414572668455,-0.40062421537175247
0.9011202095691419,-0.38717116884840463
0.922355449707648,-0.5306162904600684
0.9534933248528573,-0.29716379706081286
0.9970647901020039,-0.5494962596546472
1.055642237298471,-0.42820607637759966
1.131172322982489,-0.46958928741969297
1.2240108691884701,-0.48888053313324936
1.3320721096366188,-0.4150025645131499
1.450488645342528,-0.4221416444136339
1.572003026675914,-0.440078480525789
1.6880315544383868,-0.48401141230972383
1.790054739659003,-0.40265486637485337
1.8708715226179846,-0.4193606216746809
1.9253967732203794,-0.5110808644806892
1.950964917594642,-0.4734854897792844
1.947315830553032,-0.45864531563447536
1.9164739250235043,-0.3389746746009568
1.8626219319632495,-0.3868845134101779
1.7919074381221503,-0.44490243580726324
1.7119939250424914,-0.32829525495734674
1.6311606934039915,-0.3440453821707345
1.5569096142081245,-0.5084011478454403
1.4943295396070515,-0.3996082959927657
1.4447842897562138,-0.45154870672438774
1.4055936667320827,-0.31959622186867503
1.3710862460417732,-0.4089514692550643
1.3348174701181188,-0.4087236746965617
1.2921788871914586,-0.5045536899913219
1.2423489372201746,-0.46460825476468254
1.188702933583729,-0.47937904701912415
1.1374165897870894,-0.577169577147511
1.0948266355638105,-0.2534976210989647
1.0647217731325052,-0.42216414504361477
1.046795866369886,-0.3266945611938919
1.0369700601666907,-0.32980531821173276
1.0294029390225408,-0.3063352594767491
1.019166873640819,-0.347693627832167
1.0042404781518868,-0.27825954245249823
0.9858700704507177,-0.38105861470014246
0.9672622361590171,-0.2788783553227356
0.9514477720190161,-0.35792112332169473
0.9394956223824844,-0.3183136196753706
0.9299112965449755,-0.3838887800602015
0.9193412253012033,-0.36138641331419064
0.9041164388592083,-0.372198836563985
0.881964580683621,-0.3475138440878756
0.8532834030303261,-0.364985003795684
0.8214907013637399,-0.37856958750967074
0.7921514521110343,-0.44854207159999276
0.7709889296817798,-0.45034429045276636
0.7614985397994447,-0.39774747255939336
0.7633450028800165,-0.3563810716723179
0.7725451935117639,-0.3503198209924733
0.783528186518684,-0.4138220842773357
0.7921252899724478,-0.4168720516456976
0.7981470067322349,-0.4238947128261543
0.8065742212623694,-0.4925907911381617
0.8270115787807424,-0.4465473340648223
0.8714684746216741,-0.42102539917899756
0.9507565847193162,-0.31145926705299865
1.0701015000815493,-0.40254618086297034
1.2250868386402032,-0.47939543655734396
1.3995103641440996,-0.33956218946641814
1.5666636062748833,-0.39751035339531987
1.694670545909121,-0.3842867071747604
1.7548803429542013,-0.3453133046255402
1.7304622783208639,-0.3423112322560513
1.6216092597313378,-0.36048757334295917
1.4451981979913588,-0.49006144243909433
1.229563688950987,-0.508436214423057
1.0070458729983427,-0.38753467065213526
0.8070761824587874,-0.34645795248949884
0.6514454331926507,-0.36684404924798114
0.5521421248530487,-0.188909375977903
0.511327923347533,-0.3870924490050882
0.5227659912193838,-0.26954882125853824
0.5741611149255206,-0.42731200321104834
0.6500259709286376,-0.35249424860886697
0.7346102446525958,-0.4457693812380287
0.8142985249071774,-0.3521308201918476
0.8790356352265349,-0.21373049415318685
0.9227550001121488,-0.3259834527926946
0.9431246027089104,-0.4419095298805669
0.9409849730123631,-0.3843430113408496
0.9197289957632456,-0.3396787263291563
0.8847186365007247,-0.4457687378625431
0.8427042057518402,-0.381699916054732
0.8011342336775831,-0.3273767674816844
0.7672627747063561,-0.2783534151083052
0.7470645051090608,-0.3188430053220685
0.7441043960947857,-0.37268587607167997
0.7586681315191202,-0.29186785287321665
0.7875860492861471,-0.42578325116732996
0.8250870777988332,-0.35121999428116935
0.8645836918689337,-0.4299073748149001
0.9007170406469769,-0.3672166438164982
0.9307015361101117,-0.23306191332038775
0.9542973983914796,-0.3643629668502481
0.972520640343564,-0.5144437334001294
0.9859820715635038,-0.26465010010537515
0.9939512011386421,-0.3598463504427051
0.9946891854611997,-0.2887937914848659
0.9866978641635438,-0.324115960098008
0.969954024820133,-0.4185482901090052
0.946327542833657,-0.29331639162078443
0.9190338156482168,-0.3720168365241877
0.8915775877012506,-0.32313728171741896
0.8668237855269638,-0.4056307066042078
0.8466495015175459,-0.3234607675081059
0.8322874363304127,-0.3894403325814752
0.8250793156770955,-0.3383727491644203
0.8271084780447755,-0.27538235863330274
0.8412649954270396,-0.2648753451007906
0.8706286644602395,-0.41616311306665343
0.9173764221767499,-0.2786248119137511
0.9816091657341163,-0.32449050918978534
1.0605613131847138,-0.2819618105803621
1.1485737684063206,-0.3410973387914852
1.237937502101675,-0.3277728332255201
1.3203513385160668,-0.3003980263060376
1.3884888397362227,-0.24441369604502777
1.4371865681103444,-0.44468293480953835
1.4640360311066205,-0.30861593082533645
1.4694759203977301,-0.19712297143241952
1.4565930065803605,-0.39999338623455166
1.4307268732610103,-0.277258743744564
1.3988367911264932,-0.3256801877520666
1.3685854146737726,-0.3633081664982325
1.3471966047576671,-0.42526533044512177
1.3402588023124997,-0.3928744999784732
1.350735606876459,-0.35011692314631254
1.3784902274509725,-0.3882708576105038
1.420561293210607,-0.27954574850886355
1.4722183912050244,-0.32291240579535746
1.52855281647199,-0.31075854833514005
1.5861089848323924,-0.2767124804271971
1.6439131562613158,-0.31660876279743383
1.7033546564141409,-0.4313896357272624
1.7668355899907295,-0.42016709649423495
1.8357687426333182,-0.3348848694920027
1.908933489676198,-0.3301097027452884
1.9820565118203128,-0.20693630633879745
2.0488640917366894,-0.2076645134080702
2.1031643160138405,-0.29751702778810524
2.1410920700287184,-0.23102495159115854
2.1625833939735157,-0.2589352876460952
2.171423257419205,-0.269066869538456
2.1737788788487187,-0.2520125895349118
2.175811427982413,-0.23549515178100747
2.1814227578579413,-0.15954403472948694
2.1911443478907056,-0.20116469923271796
2.2025986039720307,-0.12289032091447537
2.212182290954013,-0.2514045047758665
2.2170887126406997,-0.19018498923873842
2.216758456342626,-0.14690260140567485
2.2132418346294545,-0.21826497877075224
2.21047581506455,-0.17742425987023364
2.2128759363446617,-0.09468281719341803
2.223828989579485,-0.08272679342462799
2.2446530548637904,-0.07800858235398145
2.2743870510371096,-0.05410821416007586
2.310416031111962,-0.038629503420676614
2.3495509585932774,0.14954243354765479
2.3889711885880116,0.14080376491312832
2.426568912392485,-0.03539180686973759
2.46066738432996,2.7710589690947574
2.4895417655004124,3.0121206769554405
2.5113109166895544,2.937025516393965
2.524458156836168,2.896673801952379
2.5286845162051756,2.9020803674652362
2.525419202616064,2.9744536908236343
2.5174460555594447,2.88144592378112
2.507687977082537,2.939226451622457
2.4977711387186146,3.036686200564748
2.487171690272648,2.89426349282465
2.4734872043851475,3.066839569935026
2.4538218514569934,3.1190031414975623
2.426637327377148,3.0334869551486148
2.3930464199275896,3.0483766655532287
2.356749575382757,3.217148943929407
2.3225794040166035,3.272423370632626
2.2944100473634035,3.4966015938108606
2.2734991894552845,3.416916636565896
2.25806061240369,3.520432605107919
2.2442277407206324,3.860629984657922
2.2278616733062657,3.7734354488283604
2.2062318118895643,3.8149264157221894
2.178738439636593,4.217552947525976
2.1464732383966143,4.257546557810494
2.1110541795578905,4.362970556989818
2.0734089706859398,1.7198867465444823
2.033031216360573,1.6828590522099978
1.9879705975370565,1.6374066478628646
1.9355896820557539,1.702633295051293
1.8738823309368153,1.593894883508
1.802885135118134,1.6609394149457253
1.7255590297293772,1.5722379490738645
1.6476452119369944,1.3214039814193512
1.5764108015403364,1.5153533062747984
1.5186873549713846,1.438909493166766
1.4789147400278986,1.5281701894783088
1.457891810176491,1.3548128956683778
1.452618435742448,1.5181886885670726
1.4571602021320083,1.4908200865337453
1.464119093892666,1.426475996451651
1.4661892072071163,1.3432198536791249
1.457391126874245,1.3246486110064366
1.4338193742656857,1.355396956722824
1.3939807701835751,1.3985620191438435
1.3388932744667366,1.4525636608666763
1.2719924377494698,1.556346710080155
1.1986985923964997,1.6209274881986588
1.1254739125804178,1.761430233811531
1.058437730275761,1.9443495450252593
1.0019345836735911,1.9817237413149562
0.9575796346013127,1.9790920435382955
0.9241409421048878,1.986702540941159
0.8983079230504736,1.904022683927345
0.8761179761180092,1.8695294357655234
0.8546141452412453,1.5582280591422522
0.8331932545203495,1.230951753273857
0.8141403144342326,1.068229450177142
0.8020705042164349,1.1939763546698594
0.8023529432425149,1.1050158143161268
0.8189701471852021,1.0581351949746225
0.8525718689280919,0.9982290674444839
0.8995425047815954,1.150384726812444
0.9525607666572623,0.9796715470756188
1.0024964330919697,1.0494482033505084
1.0409306469501236,0.9461230092729488
1.0624039127576288,0.8631694711137341
1.0656959973997044,0.9264507251311348
1.0538234032355533,0.9260177526189406
1.0328288371081926,0.9835433141693808
1.0097942106064113,0.9071807676168301
0.9907845228293223,0.8435334552839246
0.979440124043893,0.908624321111662
0.9765694216450155,0.9364882847760987
0.9805754064369993,0.46995596510790844
0.9882534086989906,0.8384847696544145
0.9955569308526794,0.7474241384580202
0.9981976055014876,0.8363392019673654
0.9922154666818516,0.7813505118819392
0.974720168441749,0.7129094095553
0.9447649258593223,0.9188204181865383
0.903986841800947,0.7213804411954574
0.8565827045975057,0.7050654940842827
0.8084636423795002,0.6643499280479594
0.7658316823935069,0.6665493753781842
0.7337286056157434,0.803457209971882
0.7151600091786812,0.7509098805763877
0.7110808314364196,0.6529078001529386
0.7209942791520232,0.6070883080704312
0.7435971480804879,0.6839840251469396
0.777053809900825,0.5196213080537462
0.8188808170288586,0.5175012232173816
0.8657076280065416,0.6442629793780437
0.9132173016423093,0.5636245150719834
0.9564486203635368,0.5381038880068597
0.9904719230137272,0.6355122602700252
1.0113027796235416,0.6335958053027404
1.0168031051340596,0.4429451477482362
1.0072344752754645,0.5000026821014106
0.9851417232276015,0.47429113584287935
0.9544814258774709,0.5550906910497103
0.9193423874705624,0.4181503134644838
0.8829248470132327,0.48159006922290776
0.8473213490998401,0.48429983499596857
0.814111534648503,0.5320858082485537
0.7852366101010984,0.42131115754004594
0.763437902697711,0.33946329730387936
0.7518287848085177,0.3907895177606283
0.752717125234344,0.6405527676553875
0.7662612038793467,0.2776508158002481
0.7896887635414682,0.3486043490898048
0.8176113780052283,0.41533493853001313
0.8435136095285508,0.3110997448674511
0.8619380032172816,0.5518544833587712
0.8704757686190463,0.3570689685598088
0.8706732346859718,0.2989313626598519
0.8674209629782784,0.47450436994530815
0.8670630407537695,0.4490042326042781
0.8750061102066543,0.3273311362073121
0.8937887170861596,0.3611535498662587
0.9223255610544984,0.29151764239392036
0.9564644139709157,0.41730736288091175
0.9903849583283758,0.2785860353935246
1.0181228669011848,0.39025268539117386
1.034735605636116,0.30037983462281476
1.0370164178681867,0.23399309634088705
1.0238511077471082,0.2617085383801783
0.9962978514216551,0.326918395756152
0.9574383456860247,0.32348162670904324
0.9120346171432113,0.38145786553515804
0.8659575569149466,0.20265287267776777
0.8252909272999567,0.312691956641233
0.795136177439622,0.16657229252684339
0.7784493420849385,0.241753412880841
0.7754373940451802,0.17922792987181804
0.7838627989086575,0.2092751441873251
0.8001466865477564,0.1694421841337916
0.8207597056345207,0.18328871772015967
0.843280575324761,0.1649123226569795
0.8666863578930555,0.09634904038716387
0.8907938810298572,0.33828273984180735
0.9151719021439093,0.246122222901133
0.9381417693298898,0.12287578296728814
0.9564963757624775,0.125270760275579
0.9662200388711857,0.16479785465899463
0.96396196244719,0.32216942931071835
0.9486060342226682,0.1244656134537734
0.9221913988915391,0.30260018555280294
0.8896870011469988,0.10633156256616022
0.8575891092813309,0.22388311819994153
0.8318191758276288,0.28055733774016256
0.8157414876778326,-0.17239685058837872
0.8090972849502323,-0.18496152927289025
0.8082534933529852,-0.22290349980949514
0.80762314200295,-0.21426823937273318
0.8016851383996704,-0.20170305267547947
0.7868258480642156,-0.3195721618519761
0.7623049055729558,-0.3284143650011716
0.7300557329611986,-0.2304742718931669
0.693604870018115,-0.20010978496002882
0.6567610759754141,-0.19346919058024853
0.62268041458061,-0.2285734051939473
0.5936061518802767,-0.08993484456544122
0.5712215697639818,-0.27886972746128885
0.5572259095412775,-0.12420586695360376
0.5535785563885808,-0.23066326219357713
0.5620383549738175,-0.1079614790658549
0.5831268260058543,-0.257980750862823
0.6151373429558402,-0.17033770418472763
0.6539231959476728,-0.2897030847035238
0.6938175317652857,-0.1687228336847396
0.7293917827454806,-0.20237143760468923
0.757243485931227,-0.2550361114417647
0.7769528195056525,-0.17413804401368865
0.7907920837660948,-0.17072379210927532
0.8023938238691969,-0.12623835036714334
0.8149975194445466,-0.2542199411756435
0.8299729587244066,-0.15144320249777538
0.8461626649775218,-0.2733265147190371
0.8603012610534134,-0.19602572414174607
0.8683806563608919,-0.17406463735306452
0.867403231514929,-0.24942302901181507
0.856720543709967,-0.18825291375175926
0.8383342659671499,-0.16514678664715982
0.8161050531956268,-0.14610946795229582
0.7943886753930844,-0.16061034785659187
0.7768063735256585,-0.29324917174508824
0.7656231313072588,-0.21129930583715933
0.7617915638776799,-0.2538304078346492
0.7653488981679909,-0.24783166613123936
0.7757036334308918,-0.15886030812293322
0.7915407474953526,-0.21428004848139218
0.8105064777820745,-0.19464811584560593
0.8291483710411355,-0.28635715069499373
0.8434912124500098,-0.10773369587419344
0.850192573158541,-0.3154665409085095
0.8477935405885093,-0.06348280236919536
0.837454399561493,-0.25277070458961914
0.8227704338131199,-0.16886437621105155
0.80864906092743,-0.37368211878669344
0.7996212023960464,-0.4949396965493439
0.7982139214834432,-0.19352854803044617
0.8040230847885805,-0.18019791898831528
0.8138550596390286,-0.21539240667366102
0.8228556753060234,-0.2369488482285044
0.8261522722591134,-0.22153865860188782
0.8203942256687337,-0.18429152459880507
0.8046890226491447,-0.13007297978690344
0.7806873769782137,-0.23711251032662461
0.751878846749743,-0.12880889346305727
0.722442818487975,-0.2718877026241034
0.696167774260465,-0.21505066030844494
0.6758907759549642,-0.12898967322290053
0.6635761778096723,-0.14338718631654512
0.6607318084291924,-0.30933414038806245
0.6686726272462655,-0.1043581467570028
0.6883166767365136,-0.15133213209991805
0.7195634217922517,-0.2678225655531798
0.7606124311803428,-0.34633705267637055
0.8077198610843584,-0.20214440623139573
0.8558169172818465,-0.0674841181371139
0.9000395778828063,-0.21947287164541956
0.9376110154010564,-0.26666319766919194
0.9691006307247231,-0.3608668891759917
0.998295130194448,-0.148491128919631
1.0306818558899866,-0.12983244187171344
1.0713021896515003,-0.16796330668350912
1.1229831375335046,-0.18328505510140625
1.185635025789933,-0.12324295477256214
1.2566919572467032,-0.21822423243025435
1.3322222142550522,-0.28168707861913417
1.4080091773458154,-0.18000651306586904
1.4800870861040782,-0.20777117509533935
1.5446728862309982,-0.24266885888102877
1.5978587662270956,-0.2460270875672073
1.635557635769415,-0.258019423659057
1.6539972552188074,-0.20122627451847747
1.6506975892369773,-0.2719585266067563
1.6255229945563179,-0.17868156940484312
1.5812215496955717,-0.13681261734021874
1.5229743246277714,-0.1613055865269462
1.4569100387069762,-0.14213290539941317
1.3881064767929854,-0.059547936558822866
1.3189665789485636,-0.15100928256477586
1.2487969303152733,-0.23693328554041448
1.1749167232558784,-0.04148829633636808
1.0948735690914182,-0.25882891501461136
1.0087161205115944,-0.13370903048586616
0.9201751564178346,-0.12356568555083369
0.836153659479764,-0.2871959316536424
0.7648099228523079,-0.197720758401566
0.7131774386598766,-0.21503519942077529
0.6853158551987821,-0.20809073444275916
0.6815133271421552,-0.1392241754850537
0.6984812601757214,-0.11549992038977641
0.7301619008184592,-0.25264323974676556
0.7687800336408322,-0.11982349595151398
0.8059414806169753,-0.26310423152765333
0.8337075882487796,-0.17596947022648474
0.8455840760811819,-0.19430355589336115
0.8373156282488734,-0.3331420739874983
0.8073596222125764,-0.3350179672804932
0.7569589212285572,-0.07280470793723692
0.6898398997401062,-0.3710755160240579
0.6116856048004711,-0.25516099853224594
0.5295665217584293,-0.18252536506985076
0.45136529256410907,-0.10825637673188974
0.38503207978004317,-0.30524143577959995
0.3375290724099528,-0.2529680540088627
0.31360206603312446,-0.3337137724821761
0.31474663717702067,-0.24779630741019654
0.33872182963558417,-0.0789283310644505
0.3798671717183061,-0.2589771355077064
0.4303866568046877,-0.10534782429196198
0.4824772290252023,-0.25601902907140195
0.5307150123076928,-0.24137855910650152
0.5738752111164678,-0.22196649771869034
0.6155701465653685,-0.19094695706048317
0.6635007275495455,-0.21933945612033778
0.7274140577344409,-0.21165530081781392
0.8160064533440541,-0.275988904248207
0.933214043093979,-0.17851441663103482
1.074750965337294,-0.2709838645645485
1.226222352347391,-0.19032647159189045
1.3642247569219217,-0.15920776305501086
1.461150368600314,-0.21961471189978868
1.4928395375748396,-0.1763833165438729
1.4463722688548901,-0.21880488231323378
1.3245574481364302,-0.15347294192657698
1.1451184146986715,-0.14360075309318257
0.935329979624309,-0.05285318951860797
0.7248214351246096,-0.23245641561934366
0.5393212921004047,-0.24472594015883523
0.39687121513470003,-0.3540062317028189
0.3065914883876898,-0.22990707628495316
0.26919225757005116,-0.17886459073633146
0.27835862463456496,-0.20176699004326948
0.3226348997726649,-0.24891742254187188
0.3878256386273906,-0.30410244367110734
0.45974167642881136,-0.2011839332018883
0.5266525339553294,-0.2618759309446455
0.5807536273783263,-0.3378211708608342
0.6184470208860116,-0.0796626419641981
0.6397588755586594,-0.25840396091788087
0.6473657158900685,-0.2862402248927225
0.6455347251223638,-0.3425579756064488
0.6390687192092851,-0.16140011313903904
0.6322532499053173,-0.18201037159231648
0.6278676777827714,-0.14455898837625633
0.6264953785087377,-0.16512444773469068
0.6264857396299106,-0.26929729085661597
0.6247843689415657,-0.15755997477831418
0.6184486401313412,-0.16119732475119813
0.6062355151407994,-0.22372699820373682
0.589486974967122,-0.22918973158978895
0.5718085028738428,-0.25910023721409337
0.5576234355253973,-0.0963548783335568
0.5502452582749446,-0.32925050207663736
0.5503446606301363,-0.15499281687020963
0.5555245668664461,-0.1839993832271872
0.5612213858906173,-0.16177547970915165
0.5625119972221135,-0.2960743801525024
0.5559626260514318,-0.13483351838254573
0.5406905443110037,-0.18348028720236317
0.5182924056171501,-0.23797448558455658
0.49190325941002133,-0.3028806465945817
0.4650211288877809,-0.3462994345475004
0.4407089575613834,-0.17467950185051911
0.4214795102790392,-0.22019062298090883
0.409770157018689,-0.2709479098871303
0.40856560609361925,-0.19237498882994225
0.42156756783459737,-0.33066354139373566
0.4524813960377606,-0.4667891732312206
0.5034928778054045,-0.29090251776190623
0.5735889402835369,-0.10275519609627669
0.657649170093243,-0.2582465976564036
0.746990726417124,-0.30189005715568223
0.8313929529277195,-0.18003450859060902
0.9018861635001516,-0.3382531603671829
0.95316619959154,-0.19077033798721016
0.9846710918625317,-0.1868978454153682
1.000035345957711,-0.2921587137435912
1.00538170790288,-0.16733174925377087
1.0073055614491704,-0.12801554939692328
1.0113434179807228,-0.18348739132962386
1.0213200127859696,-0.24409840862238616
1.0394566506807248,-0.26641413503741657
1.066763338906348,-0.2021383279573861
1.103229581165556,-0.1929977878098315
1.1476397759929633,-0.21145360897337878
1.1972306677918558,-0.20141745089037685
1.2476328593692614,-0.21818373049455955
1.2934602778808144,-0.17784789477028656
1.3295642996059112,-0.1808583630424542
1.3525757309748476,-0.26011222195594147
1.362159031819284,-0.23140500050751317
1.3614611071344624,-0.31475897864341096
1.3564938045737733,-0.1282539001551734
1.3545738611876148,-0.17870600198276845
1.3623226106749144,-0.012808629222545618
1.3839169293164912,-0.26877967695381716
1.4201940249418432,-0.08139924003638421
1.4688973350196344,-0.12026587707688959
1.5259109086324718,-0.1450768186900643
1.586899901237309,-0.1616653084419904
1.6485816346166855,-0.19471199363865502
1.7090856303411168,-0.25287798337000816
1.7674168634688352,-0.09015935979831384
1.8225367315658194,-0.09609595998711096
1.8727054329243928,-0.24961719779037309
1.9154736888464525,-0.11843465574355908
1.9483007911830401,-0.1321212264109961
1.969456406217083,-0.059677937857597584
1.9787445027593837,-0.0025018982481890897
1.9776773575949471,-0.14747835237630794
1.9690038422635263,-0.10776861942686519
1.9558626980145255,-0.16971527001651196
1.9410714915452352,-0.08068968909907358
1.9269530587086234,-0.02810291936447789
1.915661009039396,0.02197373254548177
1.9095438237606897,-0.08271651023704213
1.9110539887832914,-0.2215326790438096
1.9220632983527342,-0.047458272049432135
1.9428758804126942,0.012557362271059908
1.9714684428317175,0.13025031217926605
2.003445715060758,0.1387406550369241
2.032906246751604,2.8685878428491502
2.053996709793015,2.9947938894226795
2.0625963553676545,2.7977759637998196
2.0574762397692457,3.1166957217923037
2.040455985169814,2.961656165920084
2.0154832176279918,2.963650987297872
1.9870406508458442,2.9867540077185595
1.9585901571122581,2.9822281169179794
1.9317039361589619,3.1079107887584705
1.9061602744220343,3.2096959950932322
1.8808162301024882,3.087740049340621
1.854733545817471,3.2266157083420133
1.8279683926007477,3.264778401128419
1.8016613748913286,3.1717909000325606
1.7774484001949604,3.524655927519634
1.7565413233710818,3.4148675612482613
1.7389549034596175,3.3443272951209706
1.7232563190054702,3.4586126961992183
1.706946826193449,3.651970127824659
1.6872899582315202,3.7812433495893605
1.6622139731297052,3.8593893562036365
1.630898857983833,3.9703541045390702
1.5938265674733767,4.145474065161546
1.5523667037063626,4.331534263780268
1.5081961355526896,4.426765163414
1.4628641900035375,1.6911060105949651
1.417680515007741,1.83775736598947
1.373933738971901,1.8192022664757181
1.3332534733542334,1.6855656094041032
1.2977617503643308,1.6288353592359552
1.2697121141492642,1.8017868315982155
1.2506497413379667,1.707421245004356
1.240497463805275,1.5554717439033212
1.2370777542488018,1.6062659137989483
1.2363815893265828,1.6775007516441731
1.2335515297290023,1.4276447241648669
1.224210800550525,1.5655238494852293
1.2055938803207822,1.3804765510706012
1.1770596382494554,1.5039082364329723
1.1399356076634701,1.4337257757754172
1.096951598904913,1.3978196504059932
1.0515314347140807,1.350245614737529
1.0070187845645924,1.4740257751409238
0.965825851270556,1.50494431823318
0.9286397953214358,1.413863082979086
0.894004175377414,1.519073157640051
0.8585730543723331,1.629855190504139
0.8180920659044927,1.8644147455685578
0.7688314438136855,1.9011976101199282
0.7089719535303995,2.044549483813425
0.6394964814343322,2.052051024300844
0.5644186310794046,1.9606599481393863
0.49039277843061013,1.8422441604721653
0.42573900250005803,1.688294569777507
0.3788848561826764,1.4470085781696822
0.3564208033278734,1.3607592744374462
0.3612932584349896,1.1970244349044907
0.391786924849835,1.1942087941073434
0.4417074130737424,1.0992780358280523
0.5017207666457928,0.9726189138888879
0.5614234266427451,1.0561958887967033
0.6115560529674228,1.0051662422086607
0.6457804707585206,1.0670202390499972
0.6615281680615511,0.9639877554389062
0.6596886930818073,0.9088379097966816
0.6434090386508113,0.9902543088759893
0.6167320753186649,0.8341255936582189
0.583762545272567,0.7583963523324063
0.5485048265169239,0.829889095714577
0.5149783357421354,0.8818061169878221
0.4871213836035422,0.7881531486272895
0.46828854942972953,0.8420673061562354
0.4604901561207748,0.7594162106042928
0.46369406990300577,0.9064445070015105
0.4755172673567921,0.7458869515733209
0.4915475298316764,0.7141678911012518
0.5063620784510858,0.7724645436433686
0.5150465982878768,0.7678579468190992
0.51473909647307,0.6875282138871539
0.5055877545818217,0.5859329228957171
0.4906711136549041,0.6644683407181129
0.4748574521748391,0.5929739614705233
0.46304353209279747,0.631139444276607
0.4584687387835824,0.6274529709898333
0.46174676090210576,0.7034299201680622
0.47090850134225004,0.5091905762781542
0.4822704343064196,0.6247391287522657
0.49163326210682423,0.60201901299993
0.4953576981208013,0.5253233457379347
0.4911329065069612,0.4500591393559381
0.47848017682569566,0.6061379559396997
0.4590534331093338,0.4592223332667769
0.4366496220658751,0.5709743928696123
0.416732059305024,0.5769524505357053
0.40536558964172975,0.5644546987736555
0.40770945452566554,0.5506651862059135
0.42643090403410155,0.4349208716159042
0.4605051097286609,0.5377290455438695
0.5048724545483811,0.45867654703164684
0.5512823412775245,0.4174442382865989
0.5902741616081244,0.41963824383831544
0.6137436469971715,0.3794378681917869
0.6172258555393542,0.39197629350450225
0.6010933961507068,0.5360829717025151
0.5702718069462367,0.33782106395538325
0.5326390824871812,0.4472453771175859
0.49676389603740134,0.4354541034396683
0.4697932823489508,0.3543268461719764
0.45608061380068776,0.3705781693093131
0.4567794545357181,0.38792778459993676
0.4703107899857967,0.19075409335080962
0.4933374132668338,0.3261804506206744
0.5217177976315386,0.34653467351381534
0.5510568445582918,0.25795128121995436
0.5768911265301473,0.28908553773315837
0.5948928014247667,0.1390095839717189
0.6014442074015423,0.24870150776100292
0.5945619162776636,0.2736992412950275
0.5747589083413776,0.2559255209971161
0.54533725235277,0.3349741519836673
0.5118344176851188,0.24842847409245677
0.48070685743208585,0.293393633379695
0.4576438459887078,0.13410891367360975
0.4460793882810816,0.15049323313208046
0.446441215839269,0.2952522708857345
0.4564004805619791,0.142672042004215
0.4719539908052436,0.23372410843596728
0.4888119816565878,0.17208350114078141
0.5034982564538952,0.2844069315429819
0.5138351630793965,0.12651131519280634
0.5188863318068865,0.2652324870242793
0.5186707892345763,0.22396135318429142
0.5139250476999901,0.13236575598807807
0.5060184387043657,0.09764598451909036
0.4969732728921502,0.23452359688109906
0.4894115325942915,0.12053336230854475
0.4861865047833064,0.1025997677813263
0.48960261345301326,0.12519166830684975
0.5004559906007862,0.018852939441174242
0.5173611996199585,0.22227715743948756
0.5367506313093735,0.05693215907170971
0.5536360834195727,0.13451296317464098
0.5629312039360745,0.1491230700145204
0.5609509564720565,0.0547760931008784
0.5466160876987565,0.1387832715590447
0.5219020969456015,0.1387963528585547
0.49125536139907944,0.06295814244372251
0.4600903006107352,0.07341681300382084
0.43294175400160606,0.11551090935588991
0.41208449584042695,-0.0362474268834853
0.39722964397970706,-0.39373562139941376
0.38634884770251643,-0.2244167777273677
0.3771132468930045,-0.2536568989016493
0.36819958900488126,-0.27426862465743496
0.3598911122041464,-0.33443720436927815
0.3538248754883685,-0.353193004370626
0.3521630008138882,-0.3192826960525677
0.35668591255585336,-0.4560753932786576
0.36822971245319336,-0.46019816971087374
0.3865978190468091,-0.32670126641587866
0.4107781480274497,-0.26393076299959295
0.4391700612560103,-0.25960145569282267
0.4696160534139212,-0.2839646632870101
0.4992699709094206,-0.37096294148352416
0.5245602253093467,-0.423793386316525
0.5415429456100828,-0.3058805411260374
0.5467214205342144,-0.42277247543752644
0.5380946370477675,-0.557059878350449
0.5160536958494146,-0.41222699910248173
0.4838344322635987,-0.355565978596979
0.4473595180762413,-0.37397447229978314
0.41433307841868083,-0.33387629839308613
0.39253601463236343,-0.34902467396830794
0.38760522620341653,-0.33088999873646796
0.40106114305648066,-0.34999709752535774
0.42955825315982,-0.36903954784940274
0.46590949228715894,-0.3583431735456823
0.5015163611146836,-0.3235551547466615
0.529075772282681,-0.4784876301466068
0.5444052181686588,-0.38709611098010516
0.5468602057270645,-0.41300672608200134
0.5385641722294606,-0.3733521232216962
0.5230897031468786,-0.44102814970331977
0.5042312414251986,-0.3110936288199688
0.4852318723595944,-0.37411989764433307
0.4684969362317364,-0.24961883987613614
0.4556234121564049,-0.4108863544444165
0.447530145651296,-0.47919258999780395
0.4445559471843229,-0.2793989534201624
0.4465474688301343,-0.3728304936240602
0.4530474997830177,-0.34269583347839055
0.46359751177544606,-0.4299452929424503
0.4779886100139129,-0.46778183935130846
0.4962537554072739,-0.5238890060139187
0.518346234445682,-0.34278855040259865
0.5436434434932484,-0.40156656743193536
0.570497755021638,-0.3444735138333014
0.5960313084001294,-0.5070880903877671
0.6163378310645049,-0.3159056084528015
0.6272134391356234,-0.3720270220163624
0.6253825028616895,-0.5555578355716443
0.609915382103525,-0.31589681731972885
0.5833223152756193,-0.32047095314212465
0.5517907528788675,-0.440629953301156
0.5242225587587642,-0.41609932614087775
0.5100985481386413,-0.37025630260740255
0.5166930984211064,-0.44575005140377527
0.5465818409197931,-0.48663751688564233
0.5964374112239018,-0.38336056364774856
0.6576523405214597,-0.4325377668998839
0.7185675149506385,-0.4555889052540332
0.7674575971412534,-0.44191995916420984
0.7952631193065103,-0.3995071546475052
0.7973495792181816,-0.5149952087378192
0.7740513178137169,-0.34197134707224675
0.7301540520112276,-0.41646519310067875
0.6736506095710091,-0.45018098306677184
0.614090235358643,-0.4564084310192553
0.5607720883285017,-0.47141312232160326
0.5210332762621094,-0.4462122186206404
0.49894039016083525,-0.4114344787137876
0.49470240774449536,-0.46658663461252725
0.5049860442503626,-0.5140494447781178
0.5240372143841074,-0.5037620391573023
0.5452391067177018,-0.5057972520438221
0.5626460100482837,-0.5767939390110488
0.5721489412282856,-0.4565638223453083
0.5721159175245314,-0.5789406825585526
0.5634732856096099,-0.3544687229006124
0.5492533794494361,-0.4365859982749611
0.5337170259134972,-0.43913110284473494
0.5213041063531578,-0.4653498251016058
0.5157652707458444,-0.42429630476191543
0.5197297215041686,-0.3745290713523208
0.5346819902821742,-0.4028292884039044
0.561087293933271,-0.41697794448067577
0.5984349452006034,-0.4113435010903439
0.6452046137648703,-0.3980053445134777
0.6989346706955308,-0.4468802509977307
0.7565299710018748,-0.4382340546135453
0.8147971935613991,-0.38538956589216655
0.8711057438276851,-0.5291129357049448
0.9240456264195982,-0.46631192116550585
0.9739195488229713,-0.4730702044187057
1.0228751970247882,-0.42193778347773064
1.0745020195299106,-0.3804844075579215
1.1328062295375314,-0.3825257060529923
1.2006844568334163,-0.4644214613627727
1.2783508546818205,-0.42080233540473305
1.362436200247581,-0.3929802181237215
1.4463539004942738,-0.4627462074032806
1.5219543133503535,-0.5058891523356295
1.5818000377116548,-0.32358683119996057
1.6210342447570472,-0.5487307737987315
1.6380057805922505,-0.49482139954413573
1.6334655613734963,-0.5641121226990702
1.608909351276723,-0.3726061577745904
1.56508196057875,-0.29577514430086416
1.5015287161773854,-0.482282903350693
1.4174769288431563,-0.4548696228585471
1.3135857813243237,-0.4507629164428608
1.1935773846740088,-0.4248209808806283
1.0647423012424861,-0.37919861349568257
0.9368818154019855,-0.5237616499105783
0.8200974928604456,-0.41428141493203335
0.7224103256999581,-0.48715249531590055
0.648161899118639,-0.6095717661906972
0.597673264187895,-0.41819110716334873
0.5680931852205596,-0.4670454327850218
0.5549844206610499,-0.514215845756208
0.5540070716022624,-0.416830204540025
0.5620717642262776,-0.5591897012770647
0.5775699987280192,-0.4653367407859139
0.599686575345288,-0.3816671024826465
0.6272100472174562,-0.4902991648045676
0.6574863852945949,-0.41850278423255327
0.6860787712329293,-0.5937473811409784
0.7073423053624038,-0.4445940828282324
0.7156738316012532,-0.5086823729427717
0.7068875848580765,-0.5041744561929382
0.6791812182627144,-0.5827847885459024
0.6334553558437994,-0.5214295887040729
0.573086901323544,-0.47552866015410694
0.5034404299079287,-0.5355341179344468
0.4313935182261459,-0.5597303789725976
0.36494522324839784,-0.5855469778468634
0.31263595061430804,-0.595958046155604
0.28230976304400945,-0.4643254627019077
0.2790575734098457,-0.37172661895478754
0.30298832961673205,-0.5330850350511231
0.3481644733909123,-0.3749919208662501
0.4038517691346496,-0.48822046349050996
0.4581154787974947,-0.5087895261821938
0.502484768729103,-0.5090297304605516
0.535710517977136,-0.367451460714644
0.5648742012874161,-0.3190029772633144
0.6031041300250733,-0.5567387737963654
0.6644815164517057,-0.5902304792276
0.7578655815799149,-0.3670362320887773
0.8819198505598567,-0.48105994524999673
1.023353811230325,-0.5520709366075918
1.1593655079766836,-0.44844772911030983
1.2638062097859193,-0.48567691564267945
1.3150774127023237,-0.5095310521487633
1.3027191576284314,-0.4222818831254077
1.2298912098527315,-0.436173281870677
1.1109336320429628,-0.4734801258067206
0.965795740318627,-0.5043559185514721
0.8143522961028771,-0.497857348109639
0.6728163129155784,-0.38172672845589856
0.5526957480957534,-0.5249757493079884
0.4613510862402258,-0.6492818541831257
0.40278461602695015,-0.4694885913289702
0.3777889988376093,-0.5367788377740302
0.38355540731429427,-0.4916478458890514
0.4135896261713333,-0.4448725877641471
0.458732787983954,-0.5340616375505434
0.5093021382780841,-0.3856775503673166
0.5575422296000276,-0.4884558480440002
0.5993165866898953,-0.6000535413100033
0.6343568571702072,-0.4698774925114181
0.6650979359626589,-0.49276035675802904
0.6947154704153261,-0.5645380964333458
0.7251892667754698,-0.7417591108696926
0.7561026418890754,-0.4156600671532198
0.7845829411542709,-0.6020613292082378
0.8063394186722765,-0.6519956552462024
0.8172945588292523,-0.4700083564441877
0.8150830607991386,-0.4452384171938305
0.7998359836498349,-0.5361910622329744
0.7740543720773372,-0.6095200990880603
0.7417829378849095,-0.444482885366662
0.7075548140911219,-0.5011477113373952
0.6755846827084148,-0.5098843821526634
0.6494201477235526,-0.6754804276462886
0.6319071385514414,-0.5707936604888183
0.6251531154064096,-0.5547046387005568
0.6302413913287543,-0.575492879700455
0.6466477285920436,-0.575134111640412
0.6715804168617161,-0.5203003738026
0.6997263533407589,-0.5611312226731664
0.7238984397304549,-0.47534418946556295
0.7367072392406477,-0.5259423678734236
0.7328221808906863,-0.5816119479810109
0.7109815006424242,-0.44672483381108596
0.6748870091404857,-0.5483428462143679
0.6325440309223078,-0.5654365026334294
0.5942902902529577,-0.5579207379808171
0.5702832201300292,-0.44045021165893156
0.5682755639705286,-0.6011461727070538
0.592199343669976,-0.5263235786358444
0.6417240244351277,-0.49784890683849164
0.7127251560070237,-0.6184774278956876
0.7984410149088513,-0.5480425714612673
0.8909633405403754,-0.49146538067753737
0.9826645542462515,-0.47385343307255634
1.0672472130044375,-0.5964437387570232
1.1402737743681475,-0.4870438716441019
1.1992413078475854,-0.4111784106917414
1.2434344374507758,-0.5997834282211769
1.273805621961397,-0.6087107650066035
1.292941511898251,-0.5264008679762625
1.3049109135738006,-0.5023470763723628
1.314694730504704,-0.5995358653078504
1.3270964290690264,-0.5592398364870562
1.345418253488495,-0.6098303972988468
1.3704918482024815,-0.44488905929571837
1.400601935187838,-0.5893398764176798
1.432402731587156,-0.48692995705337183
1.4623966624663995,-0.5082638516762531
1.4882923210975438,-0.522398870210868
1.5096801284089032,-0.5931421259283459
1.5278192667552688,-0.5611683395369808
1.5447680969411532,-0.6912095818019988
1.5624387173925758,-0.6576284712975461
1.5821631115200634,-0.6535185248795669
1.6049372476994184,-0.6398282596580563
1.6319620066010239,-0.5350912424530906
1.6648913931255742,-0.4578621870289823
1.7054793798340067,-0.6396173072319282
1.7547732760631445,-0.5540244595995433
1.812264288933509,-0.5170604582783762
1.8754275815231958,-0.363255963445046
1.9399611511193227,-0.6502821397234749
2.0007578638529075,-0.5688477856101128
2.053267982484786,-0.4570694518806293
2.094658683698305,-0.5354563709932573
2.1242396842708153,-0.5798088084926287
2.142984751804507,-0.422239618450838
2.1524691569185888,-0.4816206274392049
2.1538839569557093,-0.3672252028846798
2.1477093968869987,-0.5525940527484211
2.1341635346090557,-0.5052104434706008
2.114067897504249,-0.4336671408246306
2.0896005980053705,-0.5085520874529583
2.064492423544023,-0.4653706905727651
2.043412947830965,-0.2756594814510724
2.0306139751077503,-0.3389202292413347
2.028353838075234,-0.3835073305373108
2.035956377884144,-0.4140874525239209
2.0502052455917177,-0.2724778151767162
2.06708287320083,-0.36052883894813037
2.084018905778591,-0.23120905901353417
2.1013775178809015,2.7430172404497464
2.1222298028197404,2.686877860915802
2.1504023555618046,2.5649606396290356
2.18780225137408,2.517859722843007
2.232438174758491,2.6085545236849685
2.278137245811772,2.650079015062697
2.3160443557647064,2.582305525450415
2.337198244976281,2.69088791076232
2.3351662168282417,2.6477285390416596
2.3078502987304352,2.5865118300795866
2.25797319836618,2.7239658475664017
2.1922576248389696,2.855725141918457
2.1197406049659295,2.8960262841994218
2.0498332767075826,2.935919716417765
1.9906218711346297,2.9754919714035153
1.9476573661592829,3.0015272191317597
1.9232797798581105,3.1951360140171845
1.9164377944367499,2.9961265011264975
1.9229531287327448,3.1857927838018325
1.9362028906529933,3.2860365451696483
1.9482340925221329,3.4441478795591767
1.9512966711453499,3.5939789971592413
1.9396017575718183,3.6983658095905816
1.9108701141278135,3.870691436674402
1.8671417862505888,4.103805063853411
1.8144741348644124,1.2851686558159974
1.7614671479136081,1.337374918664407
1.7168949404461935,1.4986854476422984
1.687069442600372,1.3561073669903345
1.6738364330069277,1.3091454591874758
1.6740303692351715,1.2850204533818153
1.6806504250159,1.1667945614774198
1.6852765048949758,1.2018469353307215
1.6807846420479056,1.1470894613529674
1.6633988250082874,1.1493285294687219
1.6334151126004066,1.153652626541487
1.5944422567979148,0.9445007581858188
1.551598780248518,1.1605022789082144
1.5095216146305326,1.1777220030246385
1.471005912150964,1.0073146564009834
1.436640496285108,0.9433242194481114
1.4052686007500577,1.0633617306908196
1.3748022666396675,1.0746706262842751
1.342916196710644,0.9790100702625831
1.3073663487460987,1.0939993969949762
1.266018748222589,1.0186773765432253
1.2169594050171173,1.2219831433370445
1.1590545828244585,1.358007859446626
1.0929525509917455,1.5788079436018438
1.0219906370632466,1.638438605847022
0.952242504363418,1.597960757560762
0.8912889514824305,1.5374540793315044
0.8460095612475343,1.4581131237140121
0.8202479367202357,1.3451945511116377
0.8132818213068417,1.18284820217326
0.8197308940300493,0.9087577770811225
0.8310755234988018,0.8376751933506755
0.8384092914147273,0.5486940769910985
0.8354971663117524,0.6593846908329372
0.8209472339638786,0.5608745132111218
0.798588862554117,0.7170629171625811
0.7759070829130447,0.6134452564394804
0.7612052534727161,0.4886217212452525
0.7606224055835074,0.5434490727434937
0.7760654443478414,0.5374790941603429
0.80468317285654,0.5362063797211138
0.8399314033447965,0.4913926393106931
0.8737166251777465,0.4833443880451201
0.8987480643278212,0.4886403526344368
0.9102649321579621,0.30377086292444544
0.9067091798199344,0.40142303692021025
0.8894131626542268,0.3961548201297161
0.8617218766345032,0.3941136758864122
0.82808875870561,0.28078193941118207
0.7935287755480531,0.4338004130474176
0.7634061615149024,0.25670622331438325
0.7431479747503762,0.5070385143549149
0.7374587716033825,0.42570150597389395
0.7490098437930773,0.2972500276771177
0.7771068991941327,0.25512414246778603
0.8171437118757664,0.3457776888435246
0.8614563657386533,0.2859110868537543
0.9015103862141296,0.22614403376980874
0.9305884321524254,0.16807963168118015
0.9458233270063093,0.016460228981060754
0.9487222392459858,0.26714944020899484
0.944020674230944,0.11046051152718118
0.9374342128443451,0.21754824293908998
0.9333498936913981,0.24430233964324563
0.9334934344953046,0.06099004374505698
0.937065975914177,0.1784813109254033
0.9420256441237679,0.2167163348476865
0.9465849667776346,0.09705939505554226
0.949991393028065,0.1234296968349015
0.9522375513132637,0.04276565484484357
0.9530883819994048,-0.06950289722484523
0.9512153634328494,0.049189184742646844
0.9440979871921724,0.1382067875129446
0.9288769161259653,0.008216211553158837
0.9038342677054824,0.07568883053886426
0.8698270063342693,-0.004453514163128943
0.8309129553682895,0.20729105178255697
0.7936861342218586,-0.04464616015993321
0.7654460568152464,-0.02640028910433834
0.7519427768727233,-0.07472100681591932
0.7556448117559498,0.041336614788534835
0.7751577682436517,-0.13213332216851184
0.8058638797562652,0.004599847220629366
0.8414078738282676,-0.08996394574842627
0.8754527572400232,-0.044963576746451746
0.9031313763509441,-0.08194509852536161
0.9217920417288629,0.09426360220169303
0.9309493763544459,-0.04349706568345418
0.931664143618069,-0.11485292636847586
0.9257108513011582,-0.11640966768344667
0.9148430795100132,0.028066688915715045
0.9003606728784421,-0.11621667562036421
0.8830620237537152,-0.29536293610728565
0.8634961507668113,-0.1670685712291607
0.842285589028031,-0.14356419539215892
0.8203106384086072,-0.18676802644174176
0.7987249472028795,-0.28631569318691835
0.7789375042101104,-0.27649356964368327
0.762684172552893,-0.23853108248800844
0.7521369726370905,-0.29355916685493905
0.7498340492865427,-0.2653404686243695
0.7582124292632815,-0.267192334263843
0.7787064914730105,-0.23394376216345134
0.8106603879266417,-0.31589737764105336
0.8505699470927514,-0.25343731068769015
0.8922363094595098,-0.26305513547512704
0.9281145928177843,-0.23164871558884187
0.9515416856387209,-0.3044494700228969
0.9589978410512213,-0.43256190560855357
0.9514728967991238,-0.3044187981022069
0.934385547216708,-0.1504822766457501
0.9160558494089402,-0.37766680940666786
0.9052129033372458,-0.2854995944138572
0.9083432082883762,-0.43791046867633576
0.9277722337858992,-0.2780697732154006
0.9611318609699457,-0.29795049105984267
1.0023300377053417,-0.21395333193350824
1.0435096629461298,-0.4343631762729172
1.0770878323589088,-0.2761727972295721
1.0970897136165154,-0.4811056235932365
1.0995859048999375,-0.27876936817012
1.082658459878342,-0.2823934993073008
1.046488839546857,-0.5092719547148469
0.993797159742111,-0.44095551124594806
0.9302786081003251,-0.36584871839991584
0.8643361680528635,-0.6288582781916591
0.8056189521515525,-0.8660677032160434
0.7625756115380384,-0.7306569907171376
0.7399446260057656,-0.6816356554996263
0.7373073488123818,-0.8861835356457991
0.7493887389648528,-0.7070259887403154
0.7680030586734115,-0.780389074265202
0.7848637594756743,-0.8706666286461936
0.7942131256144768,-0.7652358516796643
0.7943996326747614,-0.7586491532427287
0.7879749449131601,-0.7719044570869403
0.7804112435654804,-0.8090206565244978
0.7779964153290471,-0.7709695716671124
0.7857038675592329,-0.7645386543284285
0.8057559328868861,-0.7826435708968885
0.8372391638766361,-0.7260448673479237
0.8766749576736379,-0.7680802765574583
0.9191310447915055,-0.7743908941642269
0.9594006154080857,-0.8151505411765172
0.9929292639627516,-0.7557685546199658
1.0163914642367182,-0.7174405379387182
1.027996327533889,-0.7819329600283044
1.0276814926924875,-0.8334506619479667
1.0172767961052795,-0.6826947494061838
1.0005026568590238,-0.7650284386496055
0.9825074239363465,-0.8153978752448912
0.9687590354766904,-0.8576328092955585
0.9634675711392469,-0.7956757876462618
0.9680816112130213,-0.8459676608912953
0.9805365113853133,-0.7825650844460658
0.9957481759140512,-0.7624048013372516
1.0073812483150655,-0.7075671486737837
1.0103232717240058,-0.7573077883082815
1.0028382272292327,-0.7706388123376278
0.9873692673637895,-0.8027670294555801
0.9695308171742212,-0.8671771167672869
0.9557111347278049,-0.9106583640081976
0.9503975451782108,-0.7717063311480419
0.9544627709668809,-0.7402851320138123
0.9651586879318496,-0.8648305645206047
0.9776991913810187,-0.8223462525440667
0.9875265319578936,-0.6747904309866356
0.9920825311141971,-0.6948459267172599
0.9912897058522051,-0.8857480613490023
0.9867344915367976,-0.7739965438098138
0.9802382117575996,-0.7767925814528158
0.9726955092714378,-0.7473162981980531
0.9637433502638786,-0.8685688453460855
0.9523062185696501,-0.7960934692776197
0.9376314997002998,-0.695788858639014
0.920201509866432,-0.7609949138070878
0.9019466291827454,-0.7375961413929137
0.8855368267208804,-0.7560224161484527
0.8730895208591126,-0.7735193184346751
0.8650586761604004,-0.7990899578848715
0.8600302383986309,-0.6427204748817448
0.85565181009491,-0.7627305165345117
0.8502922791832319,-0.9143686430013954
0.8445909580477798,-0.7800919588205056
0.8420141655835607,-0.8304339640449585
0.8479532888874194,-0.8747695869227812
0.8676059484670113,-0.920263024023049
0.9035007751572157,-0.996336838167253
0.9537307662632774,-0.9353973176925607
1.0116825302398544,-0.7965574565620751
1.0674492056665867,-0.8111150569766815
1.110465588135066,-0.8848062637553049
1.1324539696974738,-0.8286084089283425
1.129658541560734,-0.8536426616458754
1.1036259211654098,-0.9213566997296355
1.0603963181009068,-0.7469325671042556
1.00864344559462,-0.7864855562673531
0.9576612885174534,-1.0139083871464452
0.9159146215662786,-0.903670223027536
0.8903010012822066,-0.7392540068430219
0.8857554278175064,-0.7388505420567323
0.9047185438433648,-0.7991265307943726
0.9463157464547088,-0.8956556073091742
1.0056198930488893,-0.7836357071663838
1.0737075892440493,-0.8129890084943978
1.1390495893421702,-0.8158702436003092
1.1901568059542444,-0.951634462345079
1.2187307009849688,-0.7974135539170755
1.2221930795627023,-0.8839114751873298
1.2045517793148988,-0.7471280485854296
1.1751441586817255,-0.9798958905355393
1.14572687583319,-0.8928539178492743
1.1271500706336917,-0.776031632684475
1.1269481045173824,-0.9032310606143857
1.1485549554890213,-0.8812632870693131
1.1919762348572402,-0.7758961810479119
1.2551531387913113,-0.8925491193453522
1.3351628131606565,-0.8127922020875288
1.4287257809909042,-0.7719103530668588
1.5320017106449733,-0.838471273752224
1.6400885361289408,-0.7440354094749809
1.746775132953752,-0.8242666276387799
1.8448745378572409,-0.9516296022267176
1.927068112589293,-0.8632083489329022
1.986925449107332,-0.8052768178390232
2.0197830463136786,-0.832662541556348
2.0233448606055906,-0.791219951912338
1.997987458239428,-0.7055111431762056
1.946738578879609,-0.789619771479351
1.8748584692881656,-0.934516608411766
1.789006409162567,-0.8336722342217577
1.696113708910222,-0.7001190281437705
1.6022139334945908,-0.818977872957474
1.5115266055691536,-0.919490258396879
1.4260359750076694,-0.7756525867230759
1.345672340765143,-0.8990615255032856
1.2690423058420732,-0.8809981571904255
1.1945267241172128,-0.9375450799788134
1.121478430309174,-0.8462963499937115
1.0511828239464562,-0.8689436796903521
0.9872319573127218,-0.9087855432542103
0.9350745851297769,-0.8763915751070781
0.9007252803686233,-0.8186365504133246
0.888882747343424,-0.7258474463199327
0.9009881770895175,-0.8755092798073553
0.9339523348573763,-0.7700126709839465
0.9801795647987968,-0.7608334863328602
1.0290173340700726,-0.779767409136447
1.069115632710143,-0.9655160557104799
1.0908329941172699,-0.8292801503319763
1.0879740730771366,-0.9157168889308074
1.0585851437015836,-0.8145939915845652
1.00492746500958,-0.8894200948333235
0.9329077230681876,-0.8582232872285165
0.8511914244378854,-0.7891088861913979
0.770103937211353,-0.8876419466549522
0.7003588164035659,-0.9114084310669994
0.6516366372266891,-1.1101792005980526
0.6310165975807362,-0.9182364586288305
0.6412982558134886,-0.8717532935190534
0.679495961294458,-0.8731268503257161
0.7362406923536979,-0.8813841993924503
0.7970648738908745,-0.7910852598079825
0.8460213838222357,-0.7966423825535702
0.8708795951199462,-0.917668438632428
0.8680779363015223,-0.9700439813432821
0.8454009429076285,-0.917179423155349
0.8210073701500389,-0.896653774553274
0.8186180414343553,-0.7941475508645846
0.8600159176035367,-0.9286060422667765
0.9570922657580947,-0.8291297838625932
1.1060614456231095,-0.7829963208719556
1.2860012544075854,-0.848400247483575
1.4627095470103224,-0.8614080532727575
1.597248658811452,-0.9309032998880644
1.6567570360117245,-0.9075262786939423
1.6237530849807627,-0.9545210881193434
1.5003190442288379,-0.8750058520062348
1.3058242084081155,-0.7858597623226065
1.070022150197207,-1.0115648727361806
0.8251552955308836,-0.9263811381239724
0.600097474236742,-0.8839094569591415
0.4175248368999318,-0.7922219972658749
0.2932351881488282,-0.8370651622741817
0.2360417343724932,-0.9185163928952857
0.247243636695204,-0.8563323274678806
0.31988142490609883,-1.028196861375922
0.43886794485030933,-0.8623465461611374
0.5829788673626388,-0.889275720197587
0.728712141439182,-0.9377863642460145
0.8549695108813086,-0.9424977239878423
0.9470888698171752,-0.9718607985302831
0.9990745456662405,-0.9069836856707498
1.0135796399026826,-1.0693058489089866
0.9998943978382508,-0.8265513611167389
0.9706851145445449,-0.8500529275405136
0.9384691848950776,-0.78067069814753
0.9127952374362599,-0.8530973639375208
0.8987919535739969,-0.9680176205009043
0.8972023004888361,-1.017488896143387
0.9054763600996615,-0.7992054389415506
0.9192630011925936,-0.9117113203001938
0.9337828171473627,-1.0170095836997575
0.9448599878598506,-0.8865344247658384
0.9495990451818952,-0.8197156595070095
0.9467510179022954,-0.9450053305465431
0.9367928590550698,-0.9716079156387956
0.9217240345375375,-0.988164483596958
0.904590819895982,-0.8090840816081297
0.8887802197972237,-0.9140878700695322
0.8771854353598889,-0.8527790297207425
0.8714298614198365,-0.7986344609363653
0.871409875351039,-0.8517243821976198
0.8753947763554462,-1.0004683655408233
0.8807366892267261,-0.9336926381268787
0.8849588640498713,-0.8917992648478925
0.8867748660664279,-1.031883343948654
0.8865705185411024,-0.9005990158619462
0.8861047330127741,-0.8400360171195684
0.8875940329914929,-0.8479843075056044
0.8926989888543742,-0.8671596475607872
0.9019630665974292,-0.8034561880005102
0.91494165104894,-1.0488181067364681
0.9308288401481329,-0.935205519403663
0.9491250612934852,-0.924998141095836
0.9699470590381326,-0.9988147062436239
0.9938765396745004,-0.941258704147008
1.0215233187539818,-0.9578683037343222
1.0530858380242178,-0.8603925735708643
1.0881442785017557,-1.0023341893117428
1.1257826777073827,-0.8328623644067125
1.164964879502298,-0.8293454192443328
1.2049512364490975,-0.8011105571282682
1.2454930959174246,-0.8969983431250358
1.286625125718623,-0.9330041717609241
1.3280988508311942,-0.9093742601739624
1.3687721948402716,-0.9070763672007539
1.4064135009395327,-0.8561089331248158
1.4382372920215052,-0.8153056440146932
1.4620866227172948,-0.8731358286884793
1.4777731986275633,-1.008376038930455
1.4879340292835561,-0.980044492902041
1.4978833591131615,-0.9595939358342225
1.5142581047979706,-1.026260604087098
1.5427440118491533,-0.941142757605409
1.5856874741392644,-0.9940809946450437
1.640638180210991,-0.7769071727499034
1.7006147516179082,-0.8898071988011739
1.7562130395136297,-0.904372196201445
1.7988698229476867,-0.9075066772535338
1.8240034863381565,-0.9491726949301855
1.8327038313454196,-0.8623892891716369
1.8312561109640142,-0.765142379379504
1.8287666829898546,-0.7481319056095042
1.8339461666341101,-0.8185009326216948
1.8523205088479777,-0.8649926399743507
1.8848073798431566,-0.9064293962482805
1.9279796856655813,-0.7887659700645026
1.9757078502595,-0.8820089996796223
2.021412592139244,-0.7903973889591811
2.0600099774586935,-0.8249309492887985
2.0888856555919078,-0.9166434387862656
2.1077969493792414,-0.7255894525591945
2.1181209335775515,-0.8935722172340426
2.1220272514784284,-0.7158356850811881
2.1219684102392553,-0.6286387737959444
2.1205697757244817,-0.6205238093635765
2.120719452241191,-0.7196204936764112
2.1254871256944368,-0.754091854000556
2.137558722303103,-0.6424543120710877
2.1582133990563905,-0.6280565472044658
2.186312615487301,-0.6500946821993371
2.2179716397549845,-0.6819398678004532
2.2473318660066544,-0.651552917251525
2.268288602993525,-0.5993519173093488
2.2765127433288557,2.3128249379698893
2.2709271502440527,2.3230725300592723
2.2540320069019595,2.323067692558266
2.2309724517770584,2.3301963227659237
2.2077415251094763,2.4292654370235867
2.189190276670635,2.3824516374553544
2.177505640964032,2.325178654715767
2.171583979951639,2.4037461072319752
2.167419871459693,2.4072179034066243
2.1593728738594313,2.3343335438835937
2.1419680122469567,2.530299553524367
2.1116836438831506,2.4036172112379446
2.068106994461947,2.5127337248813224
2.014085623760196,2.514084378571552
1.9549814674780697,2.6712373826527402
1.8974626943469786,2.717606486397393
1.848207272350276,2.7913454275031966
1.8126299102621861,2.7137570205896213
1.7936676117487953,2.9544352740275697
1.790872089971149,3.041534491252386
1.8002478002235325,3.247683536633066
1.8151146416014754,3.4011604846405494
1.827824191197927,3.4574946132349598
1.831764253552293,3.643687482620318
1.8229907264806917,3.697213503760056
1.800996539752971,1.1273506901799708
1.7684146438724286,0.9878528448756521
1.7297754191242776,1.0533813790674285
1.6897657042662482,1.0605874326692564
1.6516500426915495,1.1201501126352513
1.6164497809435514,0.946769559412637
1.5831192889809955,0.9785662389494464
1.5495072968873287,1.000598447379449
1.5135819124825136,0.8563475044336847
1.4743700327027183,0.8617709575326912
1.4323256844933872,0.9587475745643425
1.389211175684254,0.7827417129160065
1.3477376705462218,0.8771864930016322
1.311079381798131,0.7935644441083689
1.2822309469270667,0.8718638964939471
1.2632682310223724,0.697548160872155
1.2547436358233346,0.7769656485970818
1.2554162609576671,0.6477344121669762
1.2623121634976553,0.6946553911129436
1.2709760108932557,0.7769071455008801
1.275838691099557,0.8549511274452541
1.270806171229237,1.0018928514736642
1.2502605816731953,1.1741353714077316
1.2104664109085312,1.235693692730562
1.1509793784291587,1.3752485238024195
1.0754106809221133,1.3720577031163208
0.9910474285096726,1.2842862590387751
0.9072926457278703,1.3709230385588538
0.8333988651622516,1.0847312408276957
0.7762736257134296,0.8093226747384692
0.7391058022327552,0.7112247386071748
0.7212288278872678,0.47366649575609565
0.7191280262131482,0.3826552771120582
0.728005945554679,0.31747574329475603
0.7431083241752878,0.32055491271146336
0.7602674917519487,0.3828397215711242
0.7756959066376763,0.3284916562041082
0.7855585973901703,0.3380599970276153
0.7859606233143298,0.35190701954877657
0.7736811820281847,0.2904761106195115
0.7474516461918574,0.21289391323969695
0.7090909948074272,0.34091810885276114
0.6637011716599797,0.2737292007679195
0.6185555333614234,0.2712578773503835
0.581037912057032,0.30181496023933735
0.5564754280986317,0.21097312454078632
0.5466725911786123,0.010317443342235352
0.5495873043148218,0.29182551884241925
0.5601889384079817,0.15673818524352684
0.572194276887468,0.10628483524368047
0.5800920466386709,0.14910464925321024
0.5807396634492397,0.17429511030987802
0.5739727158921495,-0.015041127937971837
0.5620983244036779,-0.04160876892054951
0.5486507489584519,0.12949078584954257
0.5370857963489701,0.08305937999105605
0.5299911200167349,0.12711121804933756
0.5289613185917486,0.06792156638603396
0.5348432902317901,0.10626641525526645
0.5479171528226607,0.02098511228805728
0.5677888039425438,0.0857315741639883
0.5930943374868006,-0.09855958088380712
0.6213113747369412,-0.014903416525091197
0.6489931653691545,-0.020748651609153932
0.6726090840117404,-0.15416268502672617
0.6898530881282174,-0.08781203128531437
0.7008623255346258,-0.008673829716635743
0.7085906006467249,-0.16755627242399995
0.7178577603518799,-0.1733226881005977
0.7332584365509826,-0.13048844496180667
0.7567944163846466,-0.06935566294151134
0.7863642784383277,-0.3008957299602503
0.8158876150334171,-0.01991712401055162
0.8370784142969451,-0.1304826218753076
0.8421796558033326,-0.1416164440284835
0.826620694765683,-0.23929133600085337
0.7906070428510608,-0.31093609846842796
0.739076200107517,-0.142945335162212
0.6801198050443765,-0.10152197714878271
0.62256835600274,-0.07658060638813778
0.5736736808496452,-0.20266635744470582
0.5376555313559916,-0.24362413124732932
0.5154380924467754,-0.2714941686501991
0.5053936170194295,-0.31313846350063973
0.5045750047170966,-0.2045465568019885
0.5099174187220332,-0.35865233602269536
0.5191086307434332,-0.1845587126878088
0.5310020559728623,-0.2533352137100532
0.5455135878177493,-0.18061862365275647
0.5630536751108051,-0.40594603773456833
0.5837269571969932,-0.36198636146196106
0.6066257120567098,-0.2600390760133582
0.6294757681929435,-0.3135594671465527
0.6487658334066118,-0.3094086279843227
0.6603952260410804,-0.27231323694996046
0.6607711103227814,-0.34517790846334057
0.6481000071709724,-0.4083813935498077
0.6234030575465582,-0.39416592842340714
0.5907415291900932,-0.42287591967419397
0.5564127688659999,-0.44344305483786345
0.5273416775192914,-0.3856494468399052
0.5092461494949081,-0.3373662988739245
0.5052114731173012,-0.40425495271548134
0.5151045064038358,-0.23183982208864687
0.5359318944106268,-0.42394796226951525
0.5629433591723445,-0.5059113957849672
0.5910907603849727,-0.19116317489887222
0.6163616870153992,-0.43008160665069667
0.6365135414311474,-0.4220562728427546
0.6509520007457004,-0.5280975601564599
0.6599318723528014,-0.40906363268178797
0.6636363847252672,-0.44830460256129434
0.6617197886339017,-0.49533531771360984
0.6535805057605675,-0.42607753489860106
0.6392028054947552,-0.4978144059772673
0.6200727514444455,-0.4631040651283646
0.5995561617120522,-0.5267262481533951
0.5823204166297942,-0.5317272659646787
0.5728728629704838,-0.40293134430757993
0.5738184873787879,-0.5517344885449973
0.5846672456211545,-0.4664446338755259
0.6018024968650286,-0.4590825923652903
0.6196856421375014,-0.49598077280008845
0.6328108950460993,-0.4633459609847591
0.6376164280133343,-0.5693487001991521
0.6336110125106069,-0.9832822884629188
0.6233111012068562,-0.8814076088157756
0.6110596120106173,-0.80576071032447
0.6012652899855861,-0.9241860985282553
0.5968496939405876,-0.8703317901499535
0.5985271277040256,-0.9231580964741614
0.6050558382803425,-0.9217855430433183
0.6141435039105453,-1.0050485472299686
0.6235190140709326,-0.8420113977835839
0.6317391319362164,-0.919492380442293
0.6384511674168198,-0.7927034533076834
0.6440692208112067,-0.9105008615367253
0.6490979569209325,-0.9781104149145353
0.6534831219238141,-0.8957421410169094
0.6563028970271599,-0.9490657735081751
0.6559588459982695,-0.8691939202978536
0.650853412070745,-0.8150221970057303
0.6402825728019508,-0.7885743720761674
0.6250119052852471,-1.0458771837468899
0.6070595761836375,-0.9271565553625672
0.5887018278690661,-0.9847992520395967
0.5713066570761474,-0.8735574929951087
0.5547993102604962,-0.8753517125691351
0.5381705488782627,-0.8430236423932181
0.5207096823382282,-0.9905964005642253
0.5031117181307274,-0.9932469828565196
0.48767406213129416,-0.8604810409239333
0.47740540512631846,-0.9625316603890397
0.4745649070171609,-0.9348228775256939
0.4794653636618378,-0.8660884989517296
0.490157709672856,-0.9323577074354042
0.5030754523187455,-0.8793625393688409
0.5142281788034657,-0.8408043178470452
0.520355958903402,-1.046303151159277
0.5195942766448368,-0.8765046773672879
0.5114884929534407,-0.856788102459447
0.4965028672237295,-0.766526709520621
0.4754173505738525,-0.8527397699600925
0.44908162408190666,-0.8752077219399853
0.41877352827309755,-0.8759411453882735
0.38693917941881206,-0.8283239502709303
0.35768566511166455,-0.7810558278297505
0.3364008732452287,-0.7998686816598417
0.3283456716756037,-0.8898193059720719
0.33671610985372424,-0.8299889419422283
0.36111378319554555,-0.8958431984267892
0.3973131087799465,-0.87136735285234
0.43862662367947614,-0.9064604528833616
0.4783113743442159,-0.8609590643705224
0.5118578608334357,-0.8114327035747079
0.5380806786535983,-0.8030358903561639
0.558621229381673,-0.9436172524527847
0.5762896633607295,-0.9232202401865757
0.5931443159679601,-0.8518740209911
0.6091804969857582,-0.8119457212762397
0.6221190398697802,-0.7939350869587984
0.6283098644704644,-0.8559078375230834
0.6243780630805805,-1.0347809145194828
0.6089505724148193,-0.7834045396119322
0.5836414571864557,-0.9044583669450507
0.5526865672758337,-0.9233617763678337
0.5213387284047514,-0.8097696604480457
0.4939223152533899,-0.8001075493102182
0.4726070646662486,-0.8728014787346275
0.45738505053787204,-0.7771767220768895
0.44699788645983707,-0.8425387772940508
0.44019301492248786,-0.7838471113073895
0.43671961567932416,-0.7165269052835614
0.43769865226944626,-0.8816590752503398
0.4452945995055565,-0.8560967987571566
0.46190100300295045,-0.877550405093201
0.48920714810452604,-1.0180740191427282
0.5274891770492262,-0.8546296353297886
0.5753554249648105,-0.8867941194199105
0.6300463388214459,-0.8537922295639729
0.6882143167683106,-0.8234335638115077
0.7469075609470719,-0.9395695152102728
0.8043940866047856,-0.8115444010940913
0.860553766502691,-0.822705831705951
0.9167356730764421,-0.881721005740718
0.9751359256591295,-0.9181034349679945
1.0378986279783151,-0.9289422729457
1.10623257926353,-0.8904130022388873
1.1797837418875683,-0.9113109379925686
1.2563356636935814,-0.9360487635539944
1.33177363146664,-0.8578142596602455
1.4002807314255432,-0.9268158865177868
1.4549085443456797,-0.7973242402711227
1.488729671222224,-0.7685405872387198
1.4965110169819078,-0.8239192427306474
1.4764054508112312,-0.8823713680436738
1.4309565257699224,-0.8669197188662534
1.3669119402685257,-0.7212870163306984
1.2937541182851338,-0.9393768202652335
1.2212881103543833,-0.9812202776753296
1.1570308791020114,-0.7594042037089075
1.1043769585469965,-0.9446932403308292
1.0622901536265061,-0.9242994591845319
1.0265563244731266,-0.8798528574514348
0.9918639519970064,-0.8937762645641448
0.9536939528260622,-0.7808428858924309
0.9093297382130221,-0.8647143128730405
0.85791243733656,-0.8945198175606908
0.7999370066269693,-0.893606710038193
0.7367193464849742,-0.9446901636568709
0.6702137672464497,-0.8515127993711349
0.6032535149186364,-0.7517084442153492
0.5399503735377215,-0.6853550914716681
0.4857666880985313,-0.8806958079440085
0.44681419649470433,-0.915275215061075
0.42828907452067455,-0.8598527720621788
0.43247647286058033,-0.7506091813199076
0.45715364056731667,-0.8567756105850997
0.4952193914333408,-0.7813906687323495
0.5359316799977507,-0.6604775633166228
0.5674691693516407,-0.8507268162257314
0.5799945460870304,-0.7650567878876067
0.5682378092612159,-0.8308677379909487
0.5328547967991611,-0.7983828325782355
0.48025524980120804,-0.8435155631336841
0.4210082949485232,-0.8466696079753948
0.36723746277279534,-0.7583026150520864
0.3296392215525338,-0.8309572798902489
0.3148777823951503,-0.9034099436709134
0.32404947324162914,-0.7625607004997904
0.3526627885103073,-0.7614768578604727
0.39219048399497436,-0.8857995016979459
0.4327862905900861,-0.8655939736103477
0.4664035951922454,-0.8519741337547206
0.4894855874974341,-0.9018463386808114
0.5045410344266925,-0.9247458429160644
0.5201036421854088,-0.7983352225270421
0.5488137739354515,-0.8726760207675037
0.6037518324783154,-0.8454251466228877
0.6936679819422195,-0.8038003051100142
0.818314108625942,-0.9732203975177294
0.9655487887419775,-0.8425897959539178
1.1119004212472954,-0.7775073586993089
1.2274134338826763,-0.7371046546980613
1.2838444917892518,-0.7723310717590203
1.2633710977126704,-0.7719198682926955
1.1642683559155573,-0.87785518723555
1.0013448760452484,-0.7810638304751731
0.8014854944117471,-0.7521189226037464
0.5965685670081345,-0.8474529381084069
0.416342583088125,-0.8033415295472416
0.283045124146853,-0.7899681728696167
0.20847825207037884,-0.9056792196143484
0.19340735711016055,-0.8665794554672731
0.22876331801360772,-0.8447355186813251
0.29821472014457684,-0.8221808362405
0.381844165761382,-0.8244325702242071
0.460426676975362,-0.7913988182313684
0.5192989276510631,-0.8476660985837536
0.5506873825958354,-0.7392390077937181
0.5539392197162559,-0.8070061522513081
0.5339935513184826,-0.7188509088244636
0.49905280400782215,-0.7751640410602934
0.4584210041730087,-0.7494197173882319
0.42095418912872506,-0.8660370405936854
0.3939828299863999,-0.9529074478412526
0.3823826332965208,-0.725105224143529
0.38775218456399796,-0.81404000685058
0.4080483110437939,-0.7182592588272334
0.43811554469336544,-0.829830756351645
0.47121222533124074,-0.7423044800140752
0.501118740118526,-0.8002935105224526
0.5240508444776364,-0.7262001995134412
0.5395991216273786,-0.7366144461617137
0.5503015818728767,-0.8117707720946414
0.5600923054543745,-0.8406725477556839
0.572420854597539,-0.9746345632517486
0.5889144775056738,-0.7518991636190393
0.6090015240274422,-0.7437022223567186
0.6303387127959699,-0.7595645400437019
0.6496222257695279,-0.7679002639845155
0.6634446629108584,-0.8336753506846123
0.6690406397659286,-0.7937415260740822
0.6648722275565214,-0.8601326133888753
0.6510346380029866,-0.7404982253725654
0.6294615760297149,-0.8452823969386395
0.6038996338970862,-0.8054313595673622
0.5795887051869121,-0.7900670062275224
0.5625538571965507,-0.7791088756882993
0.5584724625940226,-0.6060964519202658
0.5712731073726527,-0.8748859752790246
0.6018631903241733,-0.7732254992271363
0.6475153953436077,-0.8491259055384969
0.7023417398895859,-0.7687202059328874
0.7589025860937264,-0.7795017127400472
0.810446092193283,-0.689657096839381
0.8528542536729559,-0.7596444423552007
0.8854297683277811,-0.7912270461400898
0.9102634300385869,-0.8226769024944256
0.9306994541843692,-0.7896205213435068
0.9498042300640356,-0.7953796732012122
0.9695187352081218,-0.6283379072963673
0.9906434458444708,-0.7904651369537595
1.013401567182339,-0.8917242616404296
1.038172927326399,-0.7518390254035486
1.0659732294639535,-0.7629392014659102
1.0983492925273741,-0.7210153311636287
1.1366542780004718,-0.7204682979358347
1.181075745265188,-0.9330687924870154
1.2300045960952142,-0.8391505339667303
1.2801468545966543,-0.8012329379090675
1.3273575752650582,-0.8524908315931062
1.3678587636668618,-0.7186859055559387
1.3994217606920338,-0.8851931733297981
1.4221221667342971,-0.753750458693456
1.438329189729001,-0.7908005903022873
1.4517931016991112,-0.6970959908269138
1.4661238358366018,-0.6730533933667076
1.4833714987953,-0.7730565598390854
1.5034455131387274,-0.6589971759983765
1.5246527997209864,-0.7494866712089153
1.5450030303961209,-0.6516797783235584
1.5635378791056573,-0.6849797799266315
1.581011640118633,-0.6839076810952286
1.5996856477824137,-0.6888559491688687
1.6224733084673248,-0.48724277134517713
1.651894877702174,-0.8123296403006239
1.689239245874771,-0.6817038936465616
1.7341497891620001,-0.7280606027801901
1.7846877044482699,-0.6558309383770686
1.837804629720436,-0.6611108370494798
1.8900594057071178,-0.6257719798113835
1.9383388439515679,-0.5964998731288658
1.9803394065585846,-0.5639230561632278
2.01470140011217,-0.6574339220558175
2.0409118242830226,-0.6220465259327969
2.059213322788906,-0.5200550994283379
2.0706257321361385,-0.4824365680669782
2.0769194290929027,-0.5299834217004706
2.0802705394983416,-0.5111253380431077
2.0825123228867097,-0.5260039775128831
2.0842325216902404,-0.4496666889600641
2.0842149020134833,-0.3733557195719162
2.0796956091310106,-0.33063989948994316
2.067544344456156,2.4867990789568757
2.045957794294738,2.3889692029981524
2.0158905247241763,2.434850991948574
1.9814744008043363,2.5005599908418605
1.9490815038135012,2.502612885139725
1.925269368879353,2.482259383243099
1.9143581294792327,2.5290201316718632
1.9166291683239618,2.468251636109782
1.9279868456829228,2.5223622815196594
1.9413661222983527,2.6032882288512442
1.949378403494358,2.6275553367850675
1.9470693359648057,2.7333691266801226
1.933584244121349,2.7085206712188254
1.91203830031909,2.792648940777449
1.8876941853559206,2.9988879847632828
1.8653007367602044,2.8267379574248555
1.846833413379748,3.1241437761996083
1.8306835196006275,2.9745204222617345
1.81259627614889,3.0980516610287236
1.7877632176786056,3.3066617621998553
1.752984679745949,3.422759218190648
1.7079820699812323,3.5219311717888035
1.6555178781494702,3.629715588000275
1.600525621047621,3.7431793043343
1.5487164417259196,4.061836168434878
1.50514998960884,1.2957148924112107
1.4731408057199913,1.4232410649420832
1.4536866489141311,1.3509948530890337
1.4454302843555291,1.26026779656408
1.4450727689196807,1.2703750692508655
1.4481266385687297,1.219954767729867
1.4498520685462268,1.0642417559355786
1.4461574215831658,1.0722351937532208
1.434258534228843,1.15291965602651
1.4129931966079419,1.1424387937797176
1.3827814070769149,1.0086097672971313
1.34527657948819,1.0683093623772149
1.302834219688831,1.1007731859501506
1.2580033606595906,0.9898080862360578
1.2131878654115757,0.9758564663469294
1.1704507411456977,1.0668987297903472
1.1313531171845974,0.9122978310556398
1.0967993957322506,0.8932347568195349
1.0669286271292628,1.0464170155809585
1.0410479112575797,1.0437133712323348
1.017568933538372,1.0692642010045983
0.9939940005476995,1.2487671505507048
0.9671217447786035,1.380422262897221
0.9336404145705539,1.5589862483123713
0.8910873616028985,1.6419275025616107
0.8388956788730976,1.5432744422620892
0.7791218015998196,1.5558303020754058
0.7165233582644341,1.4305663679357772
0.6578297207973021,1.359986402391122
0.610231661952245,1.1947790921317352
0.5793630277845183,0.9608074776268848
0.5673761206121786,0.6767425705412857
0.571921988952043,0.5739341178130658
0.5866541236715062,0.5807247211536805
0.6032532730589579,0.6133872466745851
0.6142454473793133,0.5696758238492695
0.6154731083379361,0.6318742893519509
0.6072057404648672,0.5426324082720672
0.5934716001585801,0.48090896233771074
0.5799826788483763,0.5800141695774784
0.5716691369014638,0.6278014301126539
0.5710054117428353,0.529758010909766
0.5778264290289441,0.5247724801684976
0.5904450446817937,0.4889269822601914
0.607182030998562,0.5951970961788953
0.6273409142983355,0.47961120655165934
0.6511418134821395,0.4827995013100702
0.6787875363290773,0.42737466214329917
0.7093048515461552,0.4271074078970922
0.7398925238632494,0.4778937350271683
0.7662128958266818,0.43817940416210943
0.7835668439231782,0.4007750403499252
0.7884627708465344,0.40610105936272817
0.7799159154786887,0.2990277832499893
0.7599385863714613,0.21938406426925716
0.7330422632709434,0.31482580374880625
0.7050044319904929,0.28587396708120766
0.6814262512611152,0.385933075255546
0.666574352922771,0.14349001029867395
0.6627404732781361,0.21782934588816757
0.6701001136109974,0.2809635043472924
0.686949043815626,0.2432301488496741
0.7101992974986815,0.20947959300042904
0.7360285762106806,0.20460714302025515
0.7605745641671404,0.22376275290904116
0.7805799076968568,0.2217277308950286
0.7939353611600073,0.18156990392981837
0.8000873459251332,0.17715793545734015
0.8002192849297548,0.18548356408264347
0.7970326793363236,0.15340012300694228
0.7939823001077948,0.20439453984892964
0.7940413958283168,0.21692956801960533
0.7983950656893932,0.12157820069136858
0.8056512928313577,0.0061994516257564405
0.8120346497476142,0.14229959940908773
0.8126274104861984,0.031233030147019048
0.8032622292716332,0.038785992337105044
0.782353749521939,0.08786125443179102
0.7519114951503882,0.11965759515496588
0.7172497643127096,0.04735573722919876
0.6854081804392833,0.004917187195437513
0.6628220656843187,0.1660552513523435
0.6531453291037003,-0.023090960159562694
0.65614963663729,0.11109807711505308
0.6681807614127973,0.002062930952100518
0.683906830373703,0.08244525778254468
0.6984985726185411,-0.04851031232025793
0.7092913282797713,0.06789881136131275
0.7163407855958142,0.13312704615968932
0.7218127570309245,0.062337632770410586
0.7286144842520111,0.07319224533090674
0.7389456352131039,0.054484226567717814
0.7534114838679675,-0.03315076701497861
0.7709936968946112,0.022587516168962207
0.7897042190941217,-0.1656252317153301
0.8074313637367632,-0.06579934831208623
0.8224938153682486,0.028493688373772127
0.8337188448323478,0.01809211567787652
0.8402396246535245,-0.08200377505802557
0.841377639832779,-0.221505029278413
0.8368228157136944,0.07408199166996304
0.827012983260929,-0.10761765438187208
0.8134106650199292,-0.07831275086388034
0.7983913480914394,-0.12521794948058448
0.7846289806415748,-0.05164215591531414
0.7741071236439778,-0.030486493581028853
0.767144449552819,-0.1068446088861194
0.7619727507132371,-0.12745184556171016
0.7552706758966193,0.011443380485447657
0.7436149609309953,-0.1363206299653374
0.7252753779059131,-0.1904543356150973
0.7014820855435877,-0.06336613178147107
0.6764662324175599,-0.09626328430412885
0.6561572666317164,-0.18717852438654053
0.6460751133058367,-0.13680145093433552
0.6493008848310284,-0.05913015730396945
0.6653038087656068,-0.2152163821280326
0.6900052555282861,-0.2188018053347502
0.71700603335853,-0.2393767814302227
0.7395084285749328,-0.06949914192913689
0.752226647788312,-0.2335327626641278
0.7526340110169363,-0.19049715098358289
0.7412400008597837,-0.12621129741569798
0.721016480065602,-0.2437682267419146
0.6963754166024149,-0.1044972897365979
0.6721355096504318,-0.5856023115805544
0.6527199112716284,-0.5623406512886974
0.6415594422618898,-0.5149617223304628
0.6405605964804487,-0.5321522092518598
0.6496167612741244,-0.6622304986393789
0.6663506612096006,-0.6036214925877359
0.6863717895334734,-0.49239709030659407
0.7042228304621805,-0.6799758039206548
0.7149039116892122,-0.5932161329590644
0.7155170035049907,-0.5449280672151415
0.7063642552485658,-0.5188131865684095
0.6909588288005692,-0.5083199819969396
0.6748670745810221,-0.5613513065736242
0.663844141826938,-0.500126859706114
0.6620150067110745,-0.5663082688298743
0.6707392714946105,-0.5917776938145723
0.6884348046654085,-0.3879961724716423
0.7112828239517606,-0.5124681055683843
0.7344951754281348,-0.4881145211137673
0.753675853555827,-0.5611882731595021
0.7658167978728503,-0.7219746843645353
0.7697063316479008,-0.6414844681939924
0.765858134836497,-0.4559334486185334
0.7562183379904523,-0.5688751861386422
0.7438078047607901,-0.4987793090743815
0.7323138015111281,-0.5784836447099663
0.7256353507565145,-0.5149418075183892
0.7274218288156942,-0.5297864368227501
0.7405725347829825,-0.5460776003558574
0.7665654187526125,-0.4864563695136554
0.8045830891153505,-0.45174582007643244
0.8507442885327308,-0.5688609104926743
0.898056032915752,-0.47687600423851173
0.9376093231680102,-0.5222209843126205
0.9609545722594814,-0.47769989364819937
0.962848622730978,-0.5251310400501232
0.9431737469397063,-0.520480384294652
0.9070621900788877,-0.5951299761351345
0.8630167036317891,-0.5427728891579033
0.8197380282188358,-0.5878892249949315
0.78299404699656,-0.38236675865111225
0.75386048966206,-0.4610074005580613
0.729041038919547,-0.459133309262197
0.703066126806542,-0.4854936486947704
0.6713938660588774,-0.5780265739386703
0.6330941459318813,-0.4540567946180542
0.591996648640359,-0.48910722095128584
0.5558375940763345,-0.6016455110561444
0.5337762468756571,-0.5792545163710433
0.5332961370062977,-0.6078578982489391
0.5576637653005247,-0.5519966436373125
0.6047717533011805,-0.5201029055887193
0.667604406949823,-0.5666011359296567
0.7360135910610953,-0.5895539435817768
0.7991101665380376,-0.49891555800508486
0.847461429696716,-0.47949351759140807
0.874559031692187,-0.5217940293677503
0.8775632007133322,-0.558900343527863
0.8576862177874829,-0.45805803078998775
0.8204076643439577,-0.5009319704347809
0.7752200604288155,-0.5876083073012881
0.7343532894133696,-0.4654041954252924
0.710259162618441,-0.49197100857747883
0.7123623612015622,-0.4879542871582675
0.7441935940168312,-0.6086787876945429
0.8020888582618872,-0.5058879380344488
0.8760849162977845,-0.6011307100081437
0.9527522116925096,-0.5462578157623981
1.018920014521043,-0.5312838199653698
1.0649115017249422,-0.43925059436003333
1.0861731482415098,-0.48158301311578006
1.0829624257307677,-0.5259741007357173
1.0586799883803095,-0.5361551311402291
1.0179781395235419,-0.3556189433315549
0.9656235075829858,-0.5729587220859662
0.9063958692744717,-0.436516988817146
0.8455683229813085,-0.5267509820163173
0.7891700430069334,-0.5217209835845601
0.7434187166044106,-0.5266472660543516
0.7132749902796058,-0.5545924618817099
0.7006706729841632,-0.5405040234831301
0.7032653052778519,-0.5480680474374862
0.7144764162900844,-0.5138622384778538
0.7250788119821812,-0.6512108778763401
0.7260318386290581,-0.5688750002723428
0.7116168264783338,-0.4726492550985747
0.6817331752586024,-0.4852607852767019
0.6424384256197471,-0.421190076816565
0.6044250366831214,-0.39338501155398814
0.5798835708637602,-0.5695018030477357
0.5788291565567127,-0.344838141114117
0.6061700207594712,-0.6284216130342365
0.6604520502210947,-0.4222632662520202
0.7345242862850445,-0.48822562578265033
0.8177100089901428,-0.5717704853720392
0.8986864678427268,-0.4181549381339447
0.9682156661565273,-0.44538222992124343
1.0210806679592261,-0.4530725153954136
1.05696280150528,-0.4416536330914278
1.0803405151601069,-0.5324367721310231
1.0996079431122514,-0.5194199653532253
1.1255214154070527,-0.4934047427615373
1.1690178128430195,-0.48943983373733785
1.2385980825054714,-0.5385579853592263
1.3377539953968887,-0.454655514867256
1.4631027564612973,-0.43528485715393983
1.6038769595726368,-0.4965251862195338
1.7432223894738226,-0.41530298810576327
1.8613473454773948,-0.3808562509538013
1.939927242946084,-0.4712028101899126
1.9665315556703868,-0.4058280983487162
1.9376149960537308,-0.501346677633707
1.8590439224838955,-0.4374861024115424
1.7440651361375705,-0.37097860968344526
1.6096108569869383,-0.36588431869062604
1.4723817459466404,-0.4984106740384754
1.3459927061237438,-0.4732912731767507
1.2397197901823862,-0.4048384716586949
1.1585402854268165,-0.545755483522534
1.1037433037085962,-0.5208770356700518
1.0735431430323077,-0.37140017204901077
1.0635562839303028,-0.5219063857139429
1.0673294874609913,-0.48083928856818964
1.077156835134366,-0.47048531369035784
1.0852512910491448,-0.4017678385488743
1.085116600658184,-0.5033995650855808
1.072819262464972,-0.45325956205196166
1.0477832391373478,-0.5182838706601677
1.012749530046487,-0.4674423238411072
0.9727851157506191,-0.46465547853798617
0.9336666602532131,-0.24851578197706414
0.9002877201210876,-0.4615196280213357
0.8756564123691986,-0.3320094573306016
0.8606546276325295,-0.5146354463516226
0.8543555261986664,-0.5927683440988499
0.8545526052863534,-0.5505454462974425
0.8582200104532673,-0.4933646156291462
0.8617866297966841,-0.44440675944567204
0.8612715160509433,-0.5386553462394473
0.852450656113424,-0.38420986511307514
0.8312897334852437,-0.2579059518183799
0.7948352029417215,-0.2874190055174883
0.7425103640480236,-0.3960656548297309
0.6773155104070668,-0.3976114418189623
0.6060783613093561,-0.43712126154830294
0.5381279156128814,-0.4746092337321423
0.48269195724794767,-0.4093223458341465
0.4463035706640375,-0.4866080235198549
0.43165521075205493,-0.41400723842135645
0.4384872212401376,-0.449593965058642
0.4659085011252244,-0.35949664161167477
0.5147756562194192,-0.37570185310613224
0.5887354438756016,-0.4062407312324169
0.6931793708815565,-0.49951463798665585
0.8322931736360022,-0.45134362895281155
1.0051857998026807,-0.3261863070949277
1.2025491413499712,-0.4021396138628386
1.4053794958981949,-0.5565338957785017
1.5868877299415902,-0.4093138778608911
1.717766676334714,-0.45179927375390355
1.7735912681878472,-0.42099538384924445
1.7417698063860332,-0.4723528945510318
1.6251262636128088,-0.3871017422526064
1.4406668853644664,-0.393240502285116
1.2145945897416552,-0.39131482046203775
0.9761937929337671,-0.4254533159510017
0.7528393231064476,-0.26965536927025363
0.5669507394268423,-0.4344771593420155
0.43450839709426947,-0.3465695244924211
0.3643163676046939,-0.31097748097078887
0.3574825053083355,-0.4636632929526921
0.40726311564274276,-0.37124274119659806
0.49991011232854976,-0.27811379957480786
0.61695690725015,-0.41701450054433764
0.7386509187575099,-0.3489126726457592
0.8476554850418928,-0.34836444033457276
0.9320580331394993,-0.4976629395959293
0.9869698724827802,-0.20507297842295732
1.0143693061764925,-0.4039435736908911
1.0212749134035721,-0.33319536257380106
1.0168048431612655,-0.32783186912365575
1.0090507027125595,-0.49531356148163014
1.0027881665715943,-0.41073130392572144
0.998751028149401,-0.4139257621675542
0.9945912744526229,-0.43617052622381647
0.9869785032389954,-0.3673949081220424
0.9738297593687425,-0.3345336311610335
0.9556281331409742,-0.5009191756221718
0.935282002323542,-0.4505782882899287
0.9167852408304724,-0.31787015356607695
0.9035471607297765,-0.3144539504803857
0.8972738190633313,-0.3419509557979475
0.8977859698403707,-0.32578188497234395
0.9035617040168027,-0.43585658950588113
0.9124579014090437,-0.4416461252558565
0.9221391454047951,-0.3180023545396127
0.9301193113533963,-0.41872235197500607
0.9337048942853196,-0.33976712776442
0.9302276758392191,-0.29711783363139355
0.9176942328721804,-0.35257289273918024
0.8955956853281032,-0.39082689569621587
0.8654624708837231,-0.3767058386238881
0.8309192984448265,-0.46397252560676455
0.7972717252050434,-0.3311553760903608
0.770784875410123,-0.45528954548136136
0.7577719676681055,-0.4704709275875697
0.7635614530321049,-0.36232169320854307
0.7914783651566909,-0.32811793544460993
0.8420799766014945,-0.4076149258600084
0.9128832278958077,-0.3883255831989381
0.9987009267909714,-0.4531388394157463
1.0925362170456707,-0.3985942432076753
1.186797620040449,-0.2504260658664371
1.2744498846693426,-0.3101869496728738
1.3497637742017154,-0.3042645335152335
1.4086256488997164,-0.29663762727714055
1.448691284677913,-0.314738952935296
1.4696975326460022,-0.32302239109238706
1.4739216043150067,-0.30892658749847535
1.4663958941981103,-0.41694732397495005
1.4544107692968256,-0.363485893429954
1.4461552493043766,-0.4822984787838615
1.448821049797905,-0.31474473569376393
1.466818911422026,-0.4420353726231198
1.5007597523456082,-0.33143971803048017
1.5475563200186517,-0.3128082026951803
1.601561973368776,-0.3752782058020311
1.6562900010461514,-0.3750158904513112
1.706109383296702,-0.2673037488974514
1.7474335802298295,-0.45519762729277796
1.7791971738581798,-0.4040925569345475
1.8026594696339648,-0.3466608708219952
1.820697678890428,-0.2989668387861566
1.8368158001318782,-0.33690933402303264
1.854131336229119,-0.3178852804823249
1.8745709509469077,-0.2955905019713972
1.8984426942130037,-0.3779638974193053
1.9245163369190803,-0.25087123638653286
1.9506504954504218,-0.2892999126320507
1.9747778621958676,-0.09651629555015372
1.9958642901306085,-0.36833015807575487
2.014501250355406,-0.1838355000371809
2.032984397964962,-0.2311855815994581
2.0548353335351255,-0.15466715032951334
2.083753663185334,-0.19012340045687423
2.122164449426783,-0.30107299352991806
2.16984887086892,-0.2702291455985161
2.223293142704084,-0.168818593787197
2.27614805261131,-0.21188314802846814
2.3207252904353073,-0.18196790516701927
2.3500690048057935,-0.09637533465763586
2.359960898369166,-0.06234845078798111
2.350231488335495,-0.11938954286318368
2.324944864161276,-0.012937443027266668
2.291377524341582,-0.07918507338262405
2.258122632846333,-0.12904127995964448
2.232945933029724,0.03918587076256321
2.2210574877434617,-0.13909190555071504
2.2242347200979378,0.003003788049910447
2.2408595695121054,0.14906207227211035
2.266602020998186,2.80105205213002
2.295349842176445,2.9209888325741646
2.320097190851694,2.849321698690163
2.333773318256869,2.7945353291167208
2.330210585260457,2.9011424427668606
2.3054090580077142,2.9113529211602063
2.2589369485341595,2.9172875226486514
2.1949448730682324,2.97471467919256
2.1221471457154992,2.8747277328796352
2.0523451770843524,2.9357208594334883
1.997578517202149,2.9887647712472347
1.9666460447807093,2.9658575605514503
1.9622687714776752,3.1323232888080423
1.9801602858101133,3.1704725887032335
2.0105306515234727,3.1472540655029073
2.0414394521032886,3.1661204500121465
2.0626335587828697,3.288151155271071
2.0684471179274198,3.3276859722916514
2.0588537558268056,3.5610384505722266
2.038498703037844,3.8256152151723093
2.014265812843849,3.7496266661054465
1.9924587050770015,3.8446503973112858
1.9767540206373062,4.141342494069922
1.9676065623885264,4.164367189543736
1.9630043361324008,4.376937340994891
1.9598717437252622,1.703300735709903
1.9553015902874646,1.6942479854965462
1.9471023901444318,1.6042903065058758
1.9336327401971602,1.7195934982060912
1.9132999320590527,1.5327677734008485
1.8842317610921924,1.560202686770655
1.8444552201946829,1.6249371346370152
1.7925782325971245,1.640083253308393
1.728672466664596,1.505519562534608
1.6549299273690086,1.4284669723834242
1.5757477251228518,1.5563376027035936
1.497128010181497,1.5245710341588397
1.4255320125952275,1.454952348042393
1.3664703091106407,1.3453891422933282
1.323130978291754,1.4000866765340232
1.2953420763165429,1.3893437766113566
1.279202381796954,1.5970635489046845
1.267696591309763,1.3915729672441184
1.2523591727645764,1.4425959886538695
1.2255748636083248,1.3901995617793816
1.1827102478430147,1.4656823105369368
1.1233013794778617,1.5658968570017928
1.0509917693437605,1.7821254440508498
0.9724737436473474,1.9140108345567897
0.8959562046771545,2.075803442699281
0.8295944462670527,2.063623769476635
0.7801025070660557,1.9122289774757881
0.7516428843903217,1.9253775442141385
0.7450552485560588,1.539079697440474
0.7574886256588106,1.4977904982196606
0.7825761364108323,1.4082781476651076
0.8113848475438317,1.3350229003753407
0.8342498804903814,1.1068105080235302
0.8431656208364182,1.1551408665822602
0.8339380204495839,1.0967926840607674
0.8072038697517366,1.0609590790606445
0.7678414676750238,0.8990145766569934
0.7230178666800732,1.0331182081270318
0.6797235401211816,0.9969338290384974
0.6428068971416823,0.9340348440421893
0.6142169354383695,0.9788775666938487
0.5935979589387587,0.877028242906117
0.5797799354040694,1.0324865079008363
0.5722970647355408,0.8919473285656356
0.5720874131710998,0.8376305663994366
0.5810302911307437,0.826784679660388
0.6006688502301188,0.7939298872200983
0.6308999118004555,0.8915908886447169
0.6693500005394086,0.8709796098106936
0.7117061000112715,0.8804113771059661
0.752771586758334,0.8309178846416838
0.7877496666639032,0.8244031935201926
0.8132434946097615,0.752516030791284
0.8276155305498609,0.8492128356494318
0.8306519375672118,0.6753775110027963
0.8228581479069045,0.736927996130905
0.8049139197935381,0.6661464203142412
0.7776500356755172,0.6670038230403077
0.7425040691697711,0.6314634203793182
0.7020823569811717,0.7488980129189805
0.6603927968282214,0.6179167639032145
0.6224797079983309,0.6557662716017614
0.5934479734038556,0.6154238408579991
0.57713915891425,0.5907021958720541
0.5749781525912622,0.6846729546165244
0.5855718026438188,0.6180670276923372
0.605312370466975,0.6191476620249992
0.6296661763646558,0.6840987347944574
0.6544964109687529,0.5706045672027528
0.676926952218432,0.5094329988224832
0.6956207970987831,0.5876457675724804
0.7105700174207206,0.5155807732943246
0.7225807047446006,0.5111427734503724
0.7327230779904612,0.6241328750251731
0.7420118077088297,0.6329052344854903
0.7513445792218676,0.43430395507511543
0.7614367561819847,0.5431953233768227
0.7724876933041671,0.6618289736108628
0.7836416913459411,0.4710553166379814
0.7926429262349216,0.5974372685611848
0.7961051138068137,0.4054403017957328
0.7904933594974778,0.4608728792491579
0.7734763210515345,0.46216487737189077
0.7450276761907557,0.462770216055291
0.7077193796397394,0.37951693155911154
0.6660502455221067,0.447063589303191
0.6251488845356663,0.4046134255314127
0.5894544338109502,0.4664891117407492
0.56187327452345,0.42649544847557147
0.5435803281260501,0.4316881036366353
0.5343426586367843,0.3560660099608544
0.5331151383971541,0.43835763880120343
0.5386299120883109,0.4204375152303019
0.549719206089616,0.25643203791033303
0.5652331363284195,0.4195972475987812
0.583659942790723,0.3737800359972427
0.6027692267170364,0.2734664945038647
0.6195973651506463,0.3621409028719988
0.6309055309167366,0.3121105484053373
0.6340215898227464,0.2610403796696395
0.6277910250927714,0.36401396589261936
0.6132389383390466,0.30144813313520713
0.5935966418262322,0.23498721709131157
0.573597255036199,0.3032133760498181
0.5582319798508395,0.29242437292222145
0.5513459229564478,0.24194520077707293
0.554544822703386,0.3105358848295951
0.5668534354989828,0.2875132288704651
0.5852970072372314,0.27904266300021613
0.6061133222273274,0.2358145034613103
0.6259700281898308,0.29651398366545306
0.6426550121644088,0.36046550443638636
0.6551276814435938,0.19614079913910454
0.6631853226375508,0.2064345013081391
0.6670719693635018,0.11549913985180116
0.6672145592636796,0.28688482760389966
0.6641077829697846,0.1565791566395719
0.6582807182344506,0.19424372126496128
0.6502669955607197,0.18663681269828647
0.6405452515025287,0.07672555711416985
0.6294607117418409,0.23405789537457025
0.617135150607375,0.14177473535945387
0.6033816719873124,0.23019803011809176
0.587723573563507,0.07386737963424395
0.5696654030276985,0.19426636392714164
0.5492270287168367,-0.1374474950158533
0.527482452344629,-0.2655367713819649
0.5066960793126211,-0.24429881316724694
0.48981793016404795,-0.18451995420586662
0.47950053770820533,-0.35820512797687537
0.4771066702661988,-0.21396321021121067
0.4821635216693436,-0.21319748741182792
0.4924762968992412,-0.12701750078042476
0.5048301632047797,-0.22479854561706486
0.5159757063220479,-0.169955643125477
0.5235084312811056,-0.1852918996254785
0.5263899068981788,-0.21017822324420496
0.5250791354867498,-0.332693793287483
0.5213412413658871,-0.13529398631401848
0.5177850359396556,-0.18077499255130358
0.5172043760616256,-0.3394726859269893
0.5218859672749574,-0.1622865906500726
0.5330682469656771,-0.23731616553428692
0.5506300732285496,-0.24246326407985255
0.5729723723668089,-0.2847981865638904
0.5970699653906449,-0.18164431974926815
0.6187863693609937,-0.13656133711915644
0.6335908521606899,-0.19500084097671394
0.6376749863378581,-0.30171757349121386
0.62920691438955,-0.2707565693164288
0.6092733710691427,-0.14229789536630946
0.5820609508224718,-0.2510632602910377
0.5540224981205852,-0.28887802348570046
0.5321374825234544,-0.13577510465758497
0.5218145704230193,-0.20393227774151512
0.5252364919970014,-0.3695075348371715
0.5407819146919977,-0.14848535125528256
0.5636953764787582,-0.2254911434834707
0.5877285752672743,-0.250717409770997
0.6071705994358915,-0.1755842605101538
0.6185120168993115,-0.18886394599965275
0.6210798874979544,-0.30963427266265114
0.6164717821808314,-0.3263443673239496
0.607270089911234,-0.2522693681346458
0.5958225229221373,-0.32755383225995066
0.5836146068236919,-0.16939990697367457
0.5712553019926708,-0.10507225060236115
0.558788046077701,-0.19512016516126932
0.5460427206170926,-0.14885646461991975
0.5328877699634,-0.22592234433858338
0.5193582704572022,-0.23485553151617852
0.5057041679912153,-0.1858395208234284
0.49244485555271766,-0.19701308325714448
0.48049189331682707,-0.23457843734704517
0.4712958689957958,-0.3074410980166445
0.46687151114622216,-0.2641517234481194
0.46954365517181174,-0.21307084337862756
0.48134390944655836,-0.2677227574796298
0.5031559489809607,-0.17628211097542412
0.5339152165775372,-0.11456786996696587
0.5702794417668657,-0.29779704279083075
0.6070489702513087,-0.12292557977522088
0.6382739862380409,-0.3405530161625807
0.6586778632531316,-0.29046212482372596
0.6649418457661173,-0.1352253252685316
0.6565135836387248,-0.22116098596820777
0.6357753848032133,-0.22624878675690382
0.6075494376751787,-0.226205658252543
0.5780466199515516,-0.16400344562716143
0.553522946158219,-0.34296372087438537
0.5390503279090628,-0.3007727029887564
0.5377987856975468,-0.2761436936490012
0.550989173495714,-0.14596077487293338
0.578349919447654,-0.26568812888111176
0.6187259902029458,-0.2822982678133029
0.6705170056958643,-0.13398669341601727
0.7318046289661307,-0.17180148207135876
0.800288759627354,-0.22240131039214572
0.8733375039121558,-0.1613535939286828
0.9483757787792669,-0.21266748119727188
1.0235058266347958,-0.20464274888626788
1.09795177289217,-0.24178318470314356
1.1719114899970724,-0.12370707010206748
1.245693664608928,-0.31777578143478136
1.3184421928557142,-0.1226070158099073
1.3870784845487998,-0.21370331328824693
1.4461157369535398,-0.22727318367949412
1.4886426233083538,-0.21803745737328942
1.5082105922493751,-0.25868608330706566
1.5009167792772407,-0.14536403259411526
1.466876184466943,-0.24526355343510947
1.4105017843113639,-0.2229115084271912
1.3394168437858176,-0.20964704666458042
1.262305813890262,-0.21905688795770534
1.1864591433632699,-0.19832294436312844
1.1159729407236074,-0.2793952181032101
1.0513318227237258,-0.14267676725925438
0.9904718401453986,-0.2631508247979904
0.9307191034726051,-0.26759665767532304
0.870647338709172,-0.27707970355456485
0.8110737148584324,-0.2623273059357144
0.7549229708993188,-0.2040728879805709
0.7062021201530659,-0.29955788187536325
0.6686462072018592,-0.11478037091970274
0.6446436477131137,-0.2619973549906884
0.6347944432594353,-0.16038432347816461
0.6380245246626536,-0.31298972764252697
0.6518775619177593,-0.11736114129930174
0.6726395576408546,-0.15522646586217267
0.6952635142665781,-0.3215550890545096
0.7134271921776434,-0.14804184271518578
0.720199732683847,-0.29382588986985253
0.7095084770101543,-0.20329816209979626
0.6780043141707974,-0.23779981747000575
0.6264920496532407,-0.3671386713929225
0.5601924550666127,-0.21008119052937294
0.48762859465120956,-0.2447573982292764
0.4185129067193082,-0.16935954589016616
0.3613983752950638,-0.28285483613943163
0.3219285335636147,-0.21355995807160633
0.3022312827602365,2.638652117618567
0.30145715052599964,2.509823648126984
0.31691676958801995,2.6213973732251743
0.34501671605331885,2.632124558551588
0.3814639173192763,2.6341398604938058
0.4209473689832285,2.635014583501659
0.45715484268521167,2.6813181322738378
0.48390803842108243,2.6437887446941133
0.49741288461604827,2.717827779784062
0.4987541434116406,2.5660628546114332
0.4953795632590988,-0.11928406103390418
0.5005502130599546,-0.22380574926277202
0.5304127105070379,-0.31667194030043827
0.599188097984787,-0.16553981594857453
0.7136973461984897,-0.19056887500154268
0.8689003671238815,-0.1963871486918652
1.0462235616858735,-0.22976938560127913
1.2160316396153614,-0.1622581143096985
1.344455591698768,-0.011876444266134956
1.4029324255272568,-0.2952222390103245
1.376961747442547,-0.2520693819925441
1.2702428173362816,-0.2089082911492254
1.1024794058999483,-0.287880091803151
0.9024779696364321,-0.20703864815853876
0.7001300662345695,-0.21546385347155472
0.5203419117490287,-0.18685931435546496
0.38008264276240933,-0.12353257657954218
0.28804967629827083,-0.2135515002002519
0.24570094879848492,-0.19488067827433495
0.24857846575380793,-0.34599308929631056
0.2875756551054177,-0.08687239716506696
0.350432508749152,-0.3589660485046945
0.42375147067977914,-0.2176911877457319
0.49533913287829345,-0.2643299606894949
0.5562846966800288,-0.1813357961631109
0.6022069273146717,-0.3163477673837082
0.6333640138745403,-0.2177994489575509
0.6535915284075446,-0.3320426916953056
0.668310473542401,-0.2416399776027077
0.6821863903734147,-0.16407633674675007
0.6972858151378059,-0.2735950476341481
0.7124888710541035,-0.10798099332886432
0.7243632649721939,-0.22236243149792848
0.728962419155692,-0.3014198549693152
0.7235737307133111,-0.13625471919300502
0.7075881642535071,-0.21596257852079584
0.6822449325008983,-0.18741199482319384
0.6496437551196301,-0.17623178481311788
0.6117608456040056,-0.20626104153363406
0.5701037037735093,-0.22481320387242998
0.5261978108252847,-0.22444219938542118
0.48256345920796917,-0.23622932685822384
0.44346225118508287,-0.19384810527853086
0.41468034837276346,-0.3217462948081143
0.4020688909785687,-0.09147558262420333
0.4092991183705178,-0.12589167330170087
0.43586300129036704,-0.18423851940316097
0.4763789158807695,-0.2737616481172086
0.5217214411805942,-0.27111066271659773
0.5616834743110971,-0.20728454231777074
0.5882021411812062,-0.15939030044660302
0.5979325817823966,-0.08149453097269481
0.5931974352296527,-0.16558137784893673
0.5809485403258565,-0.19944920624094084
0.5701597970043015,-0.2145467221313735
0.568753809071757,-0.29566272554563494
0.5813594518057513,-0.2744801680105088
0.6086840457660341,-0.1292363518643332
0.6483795738719471,-0.14013805838518986
0.6966285176429774,-0.28838658156020125
0.7496084808140726,-0.29134970282890577
0.804339215107012,-0.15505428053953277
0.8588436721708924,-0.2427428055633119
0.9118820360833662,-0.26177893229944404
0.962644289246777,-0.3135820397465854
1.0106583499150763,-0.10369897349726417
1.0559015304631907,-0.12453842290328129
1.098927651825992,-0.227234009429666
1.1408418999046468,-0.3517752106381162
1.1830559300593233,-0.17746687588357352
1.2268071839636583,-0.27262395729052497
1.2724766236578453,-0.16589292191455646
1.3189135257115947,-0.3439939470039693
1.363198110956743,-0.10210422253370609
1.401252994491306,-0.22161627343046128
1.4292991850997023,-0.12228296608593148
1.4455724540462018,-0.13383266714367756
1.4514226398557561,-0.1763432830929281
1.4511770011124856,-0.2597286143944483
1.4507857733924676,-0.17740092543156963
1.4558460703266567,-0.16141809680188748
1.4698177215209511,-0.40544701307144015
1.4931054369053043,-0.2937023853152208
1.5233353253957453,-0.2121821522127943
1.5567093515204267,-0.21169190504463364
1.5898615756126486,-0.20565058763900043
1.621340779648941,-0.0907838571139228
1.6519576181665054,-0.09829614745691072
1.6838405303552682,-0.05064780006161411
1.7188127129473783,-0.14318444623114268
1.7570748515387444,-0.16762594753632828
1.7968939818324534,-0.15917341678632496
1.8353223191378532,-0.1773468298683037
1.8693962999619087,-0.16889412035910542
1.8971306871144247,-0.12730799532966994
1.9179216650919069,-0.2107251338847084
1.9324150113209733,-0.13953271005788828
1.9421581438183657,-0.08187337364716772
1.94932582642546,-0.15171503181716933
1.956582866355537,0.0274553210939391
1.9668993555731267,0.0253564850221535
1.9830471645982006,-0.12112847406135666
2.0066818662376464,-0.018814527344530763
2.037268827661352,0.0772465584996207
2.0714003983946903,-0.05980263167294235
2.1030489934400265,0.07499444179345545
2.1249798763538053,-0.021789819108002727
2.1310488644672,0.060606034327867715
2.1186175182416243,0.17841113727731847
2.090056433967103,2.981237195236239
2.0525243853007877,2.9692041415419466
2.015928909428095,3.0797609292060506
1.9898194672567318,2.9586264746299458
1.9804333978654138,3.063908857284639
1.988990281130839,3.0146835016288076
2.0117711420042887,3.106379771141441
2.0418205601001578,3.0275226233903614
2.071519640933147,3.134077186699303
2.0949941058405233,3.01506620180833
2.109455887655768,3.1325286606574467
2.115069184598572,3.1089371438478195
2.113586178003878,3.2657095675865264
2.1065531635782913,3.1310890713052486
2.094061698829762,3.3377809179088094
2.0746620376419074,3.3351865955412348
2.046351710645836,3.4237195807249807
2.007936989042042,3.5390337784401504
1.9599013362675022,3.448886068956399
1.9042746501823613,3.6552616739994286
1.8436483481449364,3.73703754240347
1.7800157103556682,3.978849608769755
1.7142099564130335,4.124063847111234
1.6463366857147288,4.309806671689081
1.577001137615964,4.507623679637177
1.5086575207936224,1.8877292752250396
1.4462858703420634,1.8380111989760428
1.396838919914392,1.754593278124289
1.3673768009555878,1.7603897398750736
1.3623958820644968,1.735597333913246
1.3813802811723568,1.6534412135860974
1.4177657668154966,1.572603491256836
1.4600646974389264,1.4547322876816955
1.4949530617395441,1.590092191912329
1.5111682290034496,1.5617271533511423
1.5026978161799027,1.4646845612588966
1.4701584155357008,1.48091890891373
1.4201351231275152,1.5003925208529638
1.363022408906633,1.4497766859365928
1.3102190750967557,1.5697338305748634
1.2714208952185517,1.5388488460784822
1.2524988144398541,1.58334744977237
1.254253829729031,1.4396122191105178
1.2722050267651535,1.3846486401710407
1.2974202431219466,1.5590826726363274
1.318245365460857,1.4941624147293517
1.3226843098160683,1.6218302224648486
1.3010869622308774,1.842326740433872
1.2486233073154194,1.8944794112291754
1.1668309451503045,2.1245718263981206
1.0635707258863836,2.007888285391051
0.9511835454056005,2.002405150470827
0.8433755222024689,1.8100826540920454
0.7519359354551068,1.6667531475918747
0.6844102971083492,1.474798909121147
0.6433337586701314,1.4429315288913955
0.6269647726383945,1.120258746381232
0.6309665275806248,1.12046329622404
0.6502601857142593,1.119993962585803
0.6803366839103566,1.01305089373632
0.7176388303502099,0.9761006085328872
0.7591026363934166,1.0466101743299443
0.8013990286977647,0.8146692786866803
0.840591942326764,1.1017572060083052
0.8726164873732534,0.9955383465654438
0.8943386272681084,0.8596864169575998
0.9045045729669032,1.040471275376046
0.9039808776047289,1.0257950045577395
0.8951802041120069,0.8498502444880325
0.8810462828137496,0.8416959747394833
0.8641402576487408,0.8715605597105538
0.8462186538938121,0.8626336928234638
0.8283870621535157,0.9348916830914187
0.8116227385665044,0.681912546599058
0.7972986870829935,0.8999126927748679
0.7873669740550048,0.826406442446503
0.7840301792911937,0.850482593107727
0.788944389022039,0.7614188029447453
0.8022020238578614,0.5905761009531186
0.821537341858374,0.7713717038764846
0.8422824792808667,0.7494170758418249
0.858383025619289,0.7452065081800182
0.864260268610207,0.7402452973371585
0.8567986117489452,0.7370577775548249
0.8365768420318658,0.7345025142504567
0.8077592048642497,0.6218614580843886
0.776698695107326,0.6357265495357681
0.7499351755883491,0.6189375194006187
0.7324775813555215,0.628547684308345
0.7269447020493043,0.598497096477769
0.7336162610846144,0.674353410016188
0.7510797732076909,0.5045492434487415
0.7770600190568223,0.520548837877928
0.8090842687194197,0.528239644793209
0.8447705145424229,0.421734525557504
0.8817269600557034,0.4916856323735993
0.9172778866075779,0.38005901365528033
0.9483316992594963,0.4377687019361826
0.9715974983584117,0.5136567393265461
0.9841461104854231,0.5121661710299854
0.9841491197445813,0.495569811798044
0.9715502729123724,0.44705494656096834
0.94841509822054,0.3152454593388503
0.9187860077972679,0.5043266736923157
0.8880311375636133,0.4164711025873431
0.8618290585357526,0.5194123263791759
0.8450038693380191,0.41550109927020934
0.8404451834996095,0.443608241981852
0.8483825138211776,0.25648060853193844
0.8662992557783792,0.3009253994756473
0.8896398596662272,0.42168156047228483
0.9131489234363818,0.31581171821086224
0.9323586784016371,0.3012897451474158
0.9446610771725509,0.35881443955693176
0.9496389264686933,0.26575524057570604
0.9487162752513466,0.2509878617490634
0.944459017067615,0.2814359521217927
0.9398740292908336,0.26704971495032714
0.937880208269986,0.4049560736445671
0.9409232464181027,0.18771878928928687
0.9506191405288732,0.17448287265895154
0.9673799714013124,0.23000934473586054
0.9901303586998553,0.19572626731722198
1.0163371587624452,0.28919401514661547
1.042523649001803,0.10984511846063369
1.0651750225521797,0.15746817115041484
1.081613691029014,0.28998045206790135
1.090358632282262,0.16398981172395535
1.090862452032535,0.12105038724540694
1.0830523082477905,0.16529179442247074
1.0672459070049412,0.2097513780163789
1.0446025578816924,0.19826255130878978
1.0177045663739754,0.16408969271071067
0.9906494446078687,0.11106896742279562
0.9683071022467118,0.235369114025424
0.954920099058194,0.16913208842613106
0.9526260456101728,0.2735073180282904
0.9605255426900763,0.20843334166654762
0.9746709908566402,0.126298907258866
0.9890364403384437,0.02706366331603982
0.997251619428166,0.11679750187283237
0.9946124505589612,0.11073250082088232
0.9796758876978573,-0.011676926783060105
0.9547913698259222,0.1641994206079795
0.9252821474102799,0.016805081417403632
0.8975267431195052,0.1108329881088423
0.8766924132573441,0.11536116740337807
0.8651164207473578,0.14695313858929573
0.8620974516141506,-0.0009163121889926537
0.8651373647610164,0.09207460897280992
0.8718448549369855,-0.309173854571429
0.8813378387589195,-0.2856247416475153
0.8943277030875214,-0.16645487949155935
0.911888581099442,-0.28486465986614357
0.9336812766031232,-0.31419527856301593
0.9567069544611749,-0.37797265731356766
0.9754117422955959,-0.2594554892308687
0.9833021690709025,-0.4523469357153073
0.9754598880208041,-0.4689234776573643
0.9508285215343695,-0.36475108603126344
0.9131740410640917,-0.2419336462442235
0.8702005776058181,-0.2733668463329909
0.8311467350060323,-0.38210404788834734
0.8038989511851724,-0.3903174567864806
0.7928759166841439,-0.4339965873801341
0.7984804155703831,-0.44153631804176474
0.8180419724331122,-0.46933175882639516
0.8474818699035797,-0.4215506595343928
0.8827989424900209,-0.37642148878678766
0.9208097492955069,-0.40763623312829844
0.9590888925579697,-0.3354224610394934
0.9954813785413129,-0.3885223872267343
1.0277132034941814,-0.2453187561272187
1.0534574008385968,-0.34346282429890373
1.0708452184408226,-0.5064564342929514
1.0790978001490756,-0.39027891555664806
1.0788992369453787,-0.3429357546074544
1.0723156936881508,-0.40073724160008284
1.0623035432950194,-0.3067200139247724
1.0520120112822318,-0.3130619341868705
1.0441314800450983,-0.2302614832535497
1.0404548774853328,-0.2953758358411633
1.04167617213645,-0.25328805068861837
1.047379963193368,-0.2824212898937721
1.0561986240072294,-0.3575529853393187
1.066113543634573,-0.22658585591233443
1.0748126917098382,-0.3715885805030522
1.0799877518567793,-0.35091397820146486
1.0795358873361267,-0.44016014449146107
1.0717660710949113,-0.39633114043291545
1.0557587723020578,-0.5179502458107287
1.031889744343762,-0.4553379662516358
1.0022710310636778,-0.34489903955208795
0.9707147783416631,-0.36806525330957657
0.9419659554204718,-0.265228601033496
0.9203289409438383,-0.5369663716160936
0.908216856311174,-0.34088761985134913
0.9053401387782167,-0.4315850311231953
0.9090277471483936,-0.3301728436060229
0.9155732508538088,-0.3344165782540267
0.92191337703046,-0.3607175129955414
0.9268096596878972,-0.4547166231088056
0.9310414681575491,-0.37454894496820956
0.9366405524358328,-0.37452291552738654
0.9456364730648847,-0.30442742439130666
0.9589761572222749,-0.4117756185767736
0.9761475846754643,-0.4382929844337803
0.9956354902481159,-0.48899377423781853
1.0158609075855596,-0.3714377572957688
1.0359561701862756,-0.3933370871743157
1.0558243811914578,-0.32354008249706634
1.0754466925223012,-0.3026738020275171
1.0939816380717577,-0.2871990069034917
1.1093681049746638,-0.4547870836080721
1.1187972612005332,-0.3008698971209046
1.1198860510379283,-0.42751759512805565
1.1119881563047511,-0.3599514485767251
1.0969529157983988,-0.3927329304675665
1.0788570058644458,-0.35306521040445543
1.0627319057782858,-0.4201175841720562
1.0528164326816312,-0.23631214096480016
1.0510817974659834,-0.42419664554504216
1.056630812688327,-0.29686002757737373
1.0661930298548579,-0.36229609266000073
1.075517050922606,-0.44882633472435807
1.0811455528783112,-0.4122177046767815
1.0819023237740175,-0.4071697160847431
1.0794542205475703,-0.4181367067793386
1.077616841185869,-0.47455995470280055
1.0806582406891772,-0.4303954273624262
1.091427690577203,-0.411471575456655
1.110228579208181,-0.4159396892594814
1.134841215000714,-0.45090084227485094
1.161422023696563,-0.44080829000671945
1.185681821607343,-0.3330537488764078
1.203858201422549,-0.530857911553395
1.2132929921934044,-0.32434928137878444
1.2126772995725879,-0.5590508312001763
1.2021177605181086,-0.3709033697171448
1.1831006191377476,-0.44576276450333274
1.1583159685210538,-0.5028115931962982
1.1312872856839227,-0.4573937656851035
1.105817119314285,-0.4100015688970044
1.0853326489461852,-0.5149283198256063
1.0722809212132274,-0.5118311690585172
1.067763235890919,-0.4781653032430775
1.0715238053446452,-0.4962309611982251
1.082212937605072,-0.4290406506582581
1.0977055512626934,-0.4154458813041786
1.1153185176508438,-0.5053482432032051
1.1319475179754912,-0.40418827647614103
1.144257661325678,-0.5009357212505483
1.1490593310636548,-0.3760321299935571
1.1439175013826395,-0.39912469989966953
1.1278942750172418,-0.290236984785602
1.1021544078825882,-0.3755866708540938
1.070107829557406,-0.42373027429032223
1.0369251024636736,-0.40119006858128914
1.0085463679062288,-0.4975709423162248
0.9904900059031563,-0.3885536736338798
0.9867464510653983,-0.4458012211218271
0.9989219637891645,-0.37010803733125147
1.0257626648123686,-0.4542379432733605
1.0632687815475426,-0.4232917185975924
1.1055818985877728,-0.5538294294349078
1.1465015912140863,-0.5754898634290898
1.1810472332821957,-0.4994200872266699
1.2063448773361687,-0.32327909381504805
1.2214692245226642,-0.3219762668399686
1.226488740994795,-0.4145238301861157
1.22143686265714,-0.44747361715877426
1.2059326315749026,-0.4591757403238822
1.1797033002615405,-0.44984938756431625
1.14368903549492,-0.330204565674599
1.1010970827945843,-0.29048647923293924
1.0577722306305881,-0.400817827919034
1.0214814349689518,-0.4138470274613174
1.0001424816163904,-0.5858124227568331
0.999539914954003,-0.5091466570321229
1.0213891940949287,-0.39855040773471306
1.06251645223824,-0.4915371896863281
1.1154720937805227,-0.41474537212967
1.1703573551177757,-0.5880256134304152
1.217246282081888,-0.3475226047712184
1.2484236198676375,-0.501935962706101
1.2597746351353925,-0.5790245687113823
1.2510471068434263,-0.48606077841187173
1.2251795093348203,-0.543040695946549
1.1871762101253256,-0.4354379686512062
1.142987535619339,-0.4338594594837573
1.09863584638629,-0.4222844577622761
1.0596044275321297,-0.40287012962413477
1.0303690641926075,-0.4065777882136059
1.0139236788666373,-0.5213897179630429
1.011251535241217,-0.5463833172863061
1.0209046990829862,-0.3697114005177638
1.0390263481349653,-0.5929033258512182
1.060072953497858,-0.5610617767697706
1.0781547858926819,-0.5497403081281734
1.088573941891995,-0.4429315986310276
1.089036931555319,-0.5268202139482385
1.0801341338083532,-0.5439501306956026
1.0648970556303223,-0.3867351290965239
1.0475502084480164,-0.3095734512790783
1.031913265876371,-0.488643005779182
1.020075294690016,-0.577018265799971
1.0118225830080032,-0.44607545717311936
1.004970940131843,-0.5724078745209401
0.9964287860954925,-0.4468332416745356
0.9835868654812306,-0.40865540519664656
0.9655206650974519,-0.49378829465808377
0.9435542704695274,-0.4633963492206464
0.9209968307165173,-0.5373423369276814
0.9022228658605084,-0.32438967704329397
0.8915009718646952,-0.45830524192926475
0.8919344970357772,-0.45090093265043474
0.9046808000674531,-0.5621790702015363
0.9285074497433312,-0.49095641993791533
0.9597703927412593,-0.6293258866765891
0.9929033861379315,-0.6251826160955823
1.0214121598463544,-0.47228157036223745
1.0392247876523073,-0.3968194680661192
1.0420942679995147,-0.5102736579855772
1.0286321722638643,-0.41565256898399844
1.0006026474103733,-0.5216293581443924
0.9623516427621448,-0.42809070531767235
0.9195479170771002,-0.5920569357617711
0.8776464936451978,-0.4609741680171597
0.8405847884417806,-0.5131257538788498
0.8101100299547309,-0.5242849407089868
0.7858527593499268,-0.3642236287332635
0.7660156751487003,-0.5147459237369205
0.7484586050871638,-0.5463967834512247
0.7319077781439182,-0.515956861850177
0.7169005226788292,-0.5175918524014413
0.7060257623188542,-0.4596972720992215
0.7032116146513105,-0.5794628248460629
0.7122112879155142,-0.513242778762329
0.7348242171966136,-0.4688602190994622
0.7695419595589689,-0.6118238310675365
0.8111656588635344,-0.54475727727854
0.8516089688997002,-0.5238261240106313
0.8817314214544667,-0.5212867229487765
0.893724051265554,-0.5585133750897107
0.8833307861057641,-0.4747846447590049
0.8511558530994271,-0.5469115118362323
0.8026161603786072,-0.5399051327374895
0.7466407757643218,-0.5981669755830183
0.6936363887091243,-0.5423768342990337
0.6533028904761599,-0.4754802544621691
0.6327293497093924,-0.543939986858375
0.6350569469668186,-0.5260484126734688
0.6589149871019019,-0.5366669407390837
0.698741006043885,-0.44100702827322136
0.7459265515661089,-0.5205632837679883
0.7905290379888801,-0.47050482403875654
0.8231795058755997,-0.46911912215006557
0.8368482467646212,-0.5821015959274366
0.8282072141494651,-0.5819754009029625
0.7983518270113228,-0.5561930974533118
0.7526662642098769,-0.455794635898313
0.6997462657548138,-0.5332550452162819
0.6495403989930433,-0.5868220087583242
0.6111409540871084,-0.5309790399829044
0.590827368847423,-0.5663004825189245
0.590925415157814,-0.4767643572961036
0.6097686979280728,-0.6237481251039577
0.6426694189683073,-0.48228288179422907
0.6835194500564697,-0.5257895060444201
0.7265364403725658,-0.5437146595096114
0.7676916435060905,-0.4527812951255107
0.805447221485631,-0.5350694575111753
0.8406140064082288,-0.5734223804367433
